x,y
318.2926485856594,126.5886988373761
279.36329772825326,138.54675664561825
255.62816450435727,206.7104866075077
322.7986738459728,172.2097253140766
332.20605778498077,139.68561848355688
267.8612627915559,203.89496664356366
254.66169680084073,172.52328088941704
327.76534148566117,205.04695753017063
339.60253035317766,137.38608442012597
315.1731792118083,130.91790792422452
336.287497952288,125.73876319243203
276.89962319304294,209.42871978299343
265.83209106096615,171.8523491436207
291.55407289995514,182.47709732796596
295.9508039662264,156.20258042986345
333.0504295631332,185.39770172851132
332.65829146982304,151.32376805523825
258.63401749645516,175.11640314157134
301.0469054830069,196.37667535323152
326.42904217069486,191.45336451748472
267.5472997623527,163.66053560788652
246.22780010949623,143.20662289794723
289.25341600699034,210.09154750188776
298.44994732973726,219.4944003917829
314.6647245810494,168.77118152431262
268.77021487818365,214.78172946271638
301.1677234510489,159.25037047659302
243.98871874346992,207.71486285024994
269.74683702056154,153.0995272491457
257.7951816562984,217.74135326277133
240.79035366772519,141.65795021324098
320.3622171084176,213.86029953432492
325.5964883270615,184.75872092549776
248.84075354869358,195.49920718466205
244.8940037979616,216.0174071184353
235.51783182932917,177.9275796564591
234.57946070621065,191.48899739152418
247.05471913602636,141.03504286746914
303.89780136173397,143.3814999011827
305.6354184550139,220.1906309887589
227.91926034522947,167.0686290206242
262.00011127409914,178.14656976108824
281.9233911339064,216.8093737772681
279.71189705139085,176.03545691429696
309.3003062941057,162.5854346681264
288.73317134297645,210.00940255465002
291.7527181523347,177.73797979790507
249.07592160022546,213.8175368839676
253.2829891359384,208.9601935989291
256.19044595229025,191.32874454329033
284.55706172889745,144.572286382758
244.34624982712808,169.63604397027547
243.74577054968438,212.29568108053556
254.13894666838007,172.3896653786143
271.0927606771743,167.58857620916405
250.06926815389178,148.33285851620914
243.13613749460197,224.43607640735803
259.7658580084127,184.92477532695156
263.90583053765556,156.04596732327775
239.9705407632672,162.64025144809074
299.1519991220984,193.60495307476842
296.20125034802754,153.6356922329841
239.4181465373738,216.5355058531701
235.9727004370083,212.36667730337234
270.3258798923039,206.53594470387267
289.6925668661574,160.56777160375069
232.27192117234335,217.95496589261643
291.6362121983142,225.31802330252856
222.2370786491905,219.74756335690756
289.8767427025081,245.62308818064955
264.63975753877713,215.48020073672797
213.5624329219313,167.5145105395448
238.2730297782543,167.42919757864024
273.7739290449647,221.46462315371423
257.67539768529565,245.92966896245065
287.81467997318686,190.0409285786147
289.4622658105329,182.99604093179863
290.9061411026837,225.7348679751305
253.34015914710005,175.796676302761
264.2631082681012,168.04764720730228
238.3766807416688,239.90889715774344
242.02013911496837,182.7764527993646
268.7221568279846,190.60615905004204
253.4328229904312,196.1781800702371
298.44282342096,245.23766058736433
289.9391104301914,210.98828101446617
219.02017895252715,215.20291308267994
239.9117228605404,232.30749493161602
279.43620208267697,225.20586192795875
237.20102078485183,254.9699969516413
236.55968303881954,176.0608567447272
249.39461304814995,222.48623494983667
289.03520027620624,220.66860914109955
256.2061173203882,193.75005002292826
301.48966604614463,245.37293185888475
264.0468198465724,208.90226790609555
213.09492252900995,215.20201418249383
240.03623235353547,246.74159735118639
283.8757103609294,214.8891506838532
296.12184292345523,212.1056845680014
254.26876911267686,237.08698243571914
252.15675176740572,225.08392640093516
273.64449196559076,182.18205289503635
263.5593303415893,251.3725539237504
245.1681042306025,188.1588905963564
267.40445665928394,209.2837688141279
244.82551492157174,211.420556953569
276.33593303942774,228.3537465338625
281.5941524279149,194.33289059346967
284.3137367873585,189.391828698567
256.98188225769184,203.47386222952667
256.8885612083269,221.73523520429566
246.82199721885357,182.1344170047274
282.29265312079167,266.06162930155983
263.2626056910589,190.851332247541
229.39627473714296,203.90568623346786
237.32936639707376,251.61158700641397
289.89119555921786,193.41942784922156
250.88090779937167,214.07619426398065
299.67694285289997,256.51224597384993
284.7845858745789,222.9514525597045
284.4056754884279,269.50189821450454
235.03320683271266,270.2633655854645
235.2486645526621,280.83836646451226
251.15156885941775,262.47724824109696
292.2230633751189,231.77848483117128
269.233606279469,250.24629877586105
250.3079236668988,212.6512411071191
240.3966487573453,215.94596528812272
262.9928250511897,231.4792100867046
237.98476003785186,270.38252041522276
274.2665310282972,218.84202378434756
263.7204417815793,208.61633822626806
237.9466345311366,218.29651283520718
272.3853752619495,256.2467785599938
231.85397849660222,256.1667881052092
268.0125139982978,257.14237012161095
238.02955560631875,236.3089918302463
287.0990818744757,258.3179752620664
289.29402352881,263.6136411271381
324.1653437280345,288.8999662422655
279.77323946096925,276.343982982106
292.67787303342755,231.43448114832174
323.5760279121323,235.24243498602561
298.51075648186816,289.17948133387927
280.69093679004106,214.2373197674288
259.2941778395147,293.034449045612
316.17571461243836,220.62650759317805
281.55341754427525,217.71944777681136
265.2506530244214,297.98499943467255
247.73745622728558,259.5647250928492
254.20866077246149,243.7450137512322
279.22977112359456,287.15708125602504
288.97325679914087,294.6683589293396
321.9630769101176,301.282555626221
321.46162248567936,289.817880694364
262.37239556679043,263.67406332142474
262.14127562142227,232.5850891234722
260.1585433861488,227.44605898934276
314.5619320024585,290.11691101029777
292.22108213299936,239.79214876898203
275.1287171953517,289.7280631441016
329.36553706786964,277.62390774082684
264.48388675371115,288.7429895659983
260.5710426234083,276.77722937399216
320.8855479739424,244.67057431028323
305.6199559994715,239.17498525730767
332.74148366295833,286.71903977551193
261.69814499883245,253.58225714641134
302.10647338623363,262.8239202355272
332.8475145263487,215.64820331363126
316.41208087245974,251.14046257564505
312.6290483642006,298.510643968681
257.4791484604837,290.2724181838913
308.0108176101208,262.6561628605374
275.6123295697719,271.95794470508747
291.61788827666,268.29241625272573
276.30555075915595,291.86381034666465
263.1438683072993,307.1605511179413
310.3841499796521,309.0523746089821
263.34037546508785,223.49753949558215
291.87030474328884,239.10918574775718
299.3184247542029,233.9590414060423
301.3054031106173,252.46318223014768
267.2723845834208,281.98007743876235
328.2035300405702,239.91107784347687
258.5393444305625,287.06614928941707
259.6191656863404,233.47727878859078
290.139973390555,295.7760631405963
338.0637431320639,236.07037081425443
335.6139253049505,311.47937941401665
295.15086555183865,309.645370223333
285.0550854154252,273.9387668495905
337.8454323693216,236.47713723476812
310.0111073523691,253.70079545059463
299.0877316782219,268.0967642546859
287.2840462102259,258.0927767114454
316.7713471697854,291.6465374044166
301.6434189646396,251.90570041361633
280.9475684670149,259.3245017371723
267.30624256601993,291.25406718231795
273.8237168725563,282.57917326404083
312.3204165217783,294.1499618549438
334.82907122331346,272.19565727844713
353.0899093023971,229.81268147262293
296.5077993874046,305.9048794427925
358.8870512703016,254.837836878703
339.23644365586813,276.5867980493647
347.87676281290715,307.3476533058001
362.22683825639183,236.160701163358
301.72547576074015,223.57419727726995
298.9468042503016,265.42119674299175
329.60562009917624,270.4177542373647
281.4665962778858,286.8783531503629
327.39792235559736,291.86911286099684
342.38240280686813,228.60656081915448
282.13237028091345,234.58805592048654
330.83144239780376,253.93534525801186
304.12997308362105,301.3902734887407
338.83830830514074,270.41409593001066
337.56163417704954,306.10945505016355
330.116990308966,233.82357481263534
362.5034622655667,284.6227666404446
338.44958083872234,239.27705934758586
294.37547548508167,267.79543068617073
299.91077967867443,302.88082284027826
339.8596853988237,278.2470187519947
368.93035376791926,246.542037419465
359.10097386091206,310.43786705444427
308.1877173158023,286.83835290486786
283.2586703478866,221.67082015780994
299.83460759438543,240.4506306734627
299.5107408386606,236.08502638891122
311.64795143850586,303.4982526252767
367.4930608891086,261.952601402138
312.90653654241095,225.35310006060385
325.07114482069227,244.96773830616002
325.6949819296456,227.64189825705384
312.82187611045106,269.9569992251982
366.58875892765315,230.9828938412894
381.440815966505,261.5007366957754
301.8793530144746,249.54468680990317
374.72637664417675,221.45954158491907
309.58319425171726,296.28716497106694
322.88131612064575,285.8996414940892
385.77746651680764,230.34513452934905
367.5527701219739,257.4751854811032
339.10930376168903,249.0236656473762
349.4106237951614,233.26297841030348
320.75783991181106,287.0474935474274
382.70660074271166,287.8787425928138
309.61031901763624,217.025007213075
381.86809915992717,225.1201237334159
329.5694415255755,276.1194062677431
325.0034580863593,261.4103945230444
366.79555708407236,306.9357343002788
382.8670829738921,280.6517735088149
341.05414440372067,225.54009920989557
389.6017445148177,292.21031063915245
373.5058813548298,244.62855841937247
376.4258506473859,228.63343399842068
351.01399001964893,266.0677835770599
330.3340185049287,240.68954394213236
396.82402642613283,224.00143825069577
335.14971181162196,227.0621652270808
386.17030870476293,213.71789673037657
354.6867715857955,282.396892560895
339.17235852401757,268.99893392380125
332.39501077210906,234.45283486809615
389.3029580078058,245.76355897927345
385.31696903796905,273.1054661908159
317.81503172053783,221.39216556229667
333.74917150625924,235.64258781603323
396.009653294827,239.4892056813971
370.9598273667407,250.00386518524112
360.00856206720266,254.0130821648652
353.2077555209153,267.361703237525
371.7029282169167,223.29539552323735
356.07690031627993,207.94349914537548
353.07531212407724,233.13450484849076
352.9671127503615,232.65524456069136
378.43444484723324,205.7840612182201
336.1722431072951,233.67685487849099
345.71012080237574,263.4059965461317
345.7066083933851,243.35081152176744
406.5789360192782,215.00254831128356
382.16790650671487,227.95118715502235
344.46666879783135,210.3333758308367
362.04820086605827,197.33553410455713
336.0122095538038,283.0193274345685
407.8862248071794,249.1907257045235
352.2962497660729,236.09029145844033
387.25770022074005,186.4841445040202
382.16144483592814,208.30345277237404
346.4974970086295,270.4858324974694
364.83458995504236,256.3144971950533
373.4576087781051,194.0839042117799
378.7824630999725,226.22393242354428
373.6642734554408,210.96416579026464
355.1468267764964,193.2811457192556
339.19445868328455,230.18308755257362
355.46225935305705,231.68907132440344
353.0626345919129,245.72228829578225
375.2084686338143,237.66486124477257
331.0448483112591,266.6428859136223
410.9406467593695,263.4172401114691
403.4649305767331,272.689707210903
344.0280735050463,257.2429508820486
365.9392709598129,218.04226606405902
355.11557520418756,185.41390107953694
383.3919670435854,256.2382162961444
402.0583405507446,249.08178286600213
387.9442130485314,252.89988918392936
385.90733258583504,190.8517423127191
340.09423124269296,250.23430341121463
390.77198373749917,176.91621841761227
415.4026510865723,260.3515410231345
419.1566416354895,186.6335736348851
407.4814862167983,219.11487806513256
395.9965858705027,188.24128527275508
356.4235899295902,242.84321700209432
407.2240935501486,202.55309118033966
382.64774559044616,209.76895937995863
398.25155872657524,185.7007830245845
360.64943291657016,174.38525101991365
426.16080846543707,179.13923357281885
420.6163173335198,175.01652799562447
435.9439087864456,223.33723463058237
394.72222652064136,197.247073755734
389.2771099754406,242.1737350678426
430.47322263272116,175.72833558326522
413.30720358509467,222.00495766435395
381.2316055895555,233.95405875876997
421.7790634219725,216.23018381375027
380.0412065619058,228.2331450833994
362.89829204807273,201.48768039763743
360.0795558902762,224.76307031289724
445.64886853556,221.74960114543026
386.70608427243155,222.57554477079037
406.2828797204528,198.94084487247193
418.04598932532207,171.42215753151984
427.7487177253989,175.216251729764
462.2696139682739,243.59137065550152
470.8352214326744,196.34947300609383
389.7793363457926,241.2090124835142
414.6253462598921,199.16761091684424
423.83175983770957,240.24396973033276
452.5578273710813,169.97068024239115
402.07268191234357,173.35831423502987
433.4044548852004,190.14709044511415
467.8395426864973,236.37487925714368
383.00675517274885,175.615599079015
451.3791479395404,177.5460514859585
414.5522758614121,198.07335361285885
410.72358327707707,245.02553773013668
412.2774247013723,176.25656372346413
397.1445679692405,235.0205527073711
411.81487887304996,180.8765679289943
478.05736402553055,171.7911727743034
461.1459515946585,203.2125648113377
411.41159836566834,201.99517322877472
407.8192757847797,190.11821504030607
419.5175103369758,236.71873844317335
402.7713461446196,226.17723938703477
453.973000172559,197.20737781084267
459.19609405115614,171.9979966852446
445.19009757071325,219.84343480384194
409.79587958109096,222.3804423968166
446.8439552064669,211.6670020488674
422.3120271367433,169.3276672291168
436.26547599174097,234.01545785518633
458.9361722726751,216.79529346219977
446.8293757921464,190.76597539446405
465.0083597736834,251.76531347132573
420.48012581297496,245.15073040348645
471.3325207464285,258.63688048617894
439.81197510441956,173.82512149761914
475.84324795186063,194.32749959896972
419.15936130740084,244.95203300560428
405.1913045873264,180.12437640473433
460.189364211819,254.80826464742307
431.1417930415031,194.0365600800808
410.7845248426614,181.73122592847338
438.11084028932004,202.7266050569659
439.2705712567793,200.40981440741453
418.6762845218778,218.52045674437252
460.5232419112862,259.4458252306192
446.2751119276737,235.513030866267
430.81723172396227,202.05196630049312
483.0031804350333,211.65848941194318
442.7947025390784,232.2598281299068
426.8744983656195,235.59322381982167
486.0921959770979,210.08849894700356
411.22873169756434,198.34818340844464
422.5692111892475,246.733117501973
483.4643621713981,189.00119386282643
425.836752162297,195.16250830211658
427.45682800639736,214.60938499434022
437.476014713552,231.31785274691214
437.286711855935,213.36139190655643
450.4339476451377,209.92687327603494
412.5983870674676,191.87322694673475
471.0250096865234,249.96993928088574
428.34242154980325,235.06413159663222
481.4924179658686,209.06122815856116
404.0162297416044,187.88430766104688
469.8305252909801,228.58321381777046
451.39623200760093,214.28931368591617
431.8425191612791,269.7987719495309
414.5344603871184,284.7413659392565
502.3520413689216,288.92402209406185
415.30822467249266,281.3154565967644
478.1178536097201,220.1754827463778
444.5585749413701,261.69157493961444
485.8015487226655,287.6373994971032
434.97655966242826,240.0990191515645
459.18102959258204,228.64626368677236
477.8714552544228,285.595324902893
444.9794127274847,219.5794106489655
450.4325058584794,250.56957031373267
465.8785443446156,236.13425874963636
434.58783911026194,211.43916808170002
452.9111227433062,232.0103069110544
430.68553095070877,247.63197719119452
448.27500080055773,255.88364042511384
466.27765484075366,215.54835144053268
500.61496774091916,289.63316686616895
489.6434173591863,273.2463443771646
438.58374633321705,257.86587637023854
487.9425224131499,219.0274771691215
432.5307892835387,265.0778144892226
466.90712922482027,221.66162849665218
468.3749083182421,232.83531972653626
484.60159014485424,236.90106422482518
490.63207876441817,297.9167039827173
493.4882434482783,301.45264418984084
483.92014488431977,285.6096411162804
425.54246462353683,235.76249404909396
502.2438523429833,259.2095490849683
510.21890784753793,228.74168611032633
488.7411472110275,234.59771430972353
464.13221621980404,221.1485142540227
446.6882495275769,280.23902761030547
447.0143546481957,225.14627760693224
458.54573250070604,240.88280593638288
447.1157706864256,238.7273206138416
475.7900908794949,282.6945628410456
449.99269142926266,305.10870726936184
486.3887210046703,259.9747327607265
470.75193713980195,292.4371095769945
452.2174213413145,233.00055307286846
510.0716099264847,268.4789162754987
523.4322740770261,265.3474414848263
498.87295381026564,248.71724717870205
455.44555063900737,229.1205281524714
510.1472073914213,235.87309654895256
492.25031255947107,299.5902764532593
522.1912069034456,242.40458178205728
446.0925406993921,284.91793914669495
472.0186814723868,289.8700331613901
517.8387663712488,298.6828046854747
482.831622042234,278.90367720636897
500.20365819940804,285.3193918923562
557.7042330958782,217.4514094470379
523.9224749809575,222.3090602766942
502.01270387822325,285.3694788322209
492.4814702088723,215.0638729992405
509.92103084983916,241.38952476290243
527.8092181409177,219.23641268415588
485.5516658870822,281.5718768425965
542.3457696463569,275.35155010545765
546.2570244168061,244.4935785833619
547.835753793571,216.98162059139725
528.7521682902853,250.53066211849753
493.9790538043444,248.8830017130191
549.4232553204125,293.9570459784805
525.9142057582967,286.0813496300126
510.5462739319301,201.81073994210055
582.0808008126784,192.04036330199665
577.7058133542173,219.35670620063178
507.8416732219141,278.61366380525635
576.9066082424707,260.1835864351898
525.8295387567875,206.3783700513858
523.6483556771758,201.0940313873971
520.5344849882481,253.0564621937385
509.1294324316639,275.80635520121
582.2839308607338,257.45898935580516
578.1216801726301,231.32497803488474
510.671886098911,266.31904471504276
548.2992048409155,239.10207255960646
512.895317122779,239.02057696160176
554.1673566346012,206.43042174967255
579.1975940182549,198.9761869851171
583.0808627104948,229.01465084999333
503.69998121387135,200.96892187232874
564.2579321863763,244.37531589691864
570.7676993319903,196.69498109546151
560.5399151332134,207.53632235962584
509.56116607796673,187.21336434473704
580.7946975365631,198.97818717411866
575.3466718716627,173.39145012680424
506.3861914317139,191.96872565475832
559.867381472219,238.99631208458345
570.3872906922622,245.92212908545503
552.2658698815906,239.55256191996082
533.2325857187667,252.2679060011012
546.7369271965847,188.45289561120035
537.1047152929442,255.22615440710962
584.5208230147391,258.3518063327393
582.1180901704561,252.29668841504014
525.9374981870951,195.49590935766545
554.8455217907989,146.31387448154368
554.5515175840055,212.2649679825754
592.6194929780476,148.58056884527275
568.9955827584516,202.60816797190603
532.1429232865413,210.00041103524913
552.6369662497441,233.60684348818143
579.3190354511257,145.81296396676498
545.4932850897726,233.03740997742864
528.1065783027162,154.38027552563685
540.5296082447933,195.7521021901255
516.1494103729332,232.66446125880017
590.602203034106,164.12812602494935
514.3320805144823,173.05624929866607
557.4126789212453,201.8417927828573
574.9117552353971,166.85136561444804
509.46668632069145,149.07312348687861
510.16120033103886,179.7089698854223
507.4882683193849,204.58685562928844
524.4802059439389,142.8342389490376
552.7924359552038,160.1372081063021
590.8014491917924,205.73687625423173
513.8432909805538,141.8840285749707
556.0034939531349,161.54245144416817
511.67723008365164,131.59165614955634
585.2453566534836,152.60215042671234
523.7789954197297,126.20728494595362
549.7938111944655,198.72216616589446
524.3049286981964,212.2955355859819
504.4454032160754,208.65804954469047
526.6847612578254,162.2772023478287
535.2552305144297,172.6939129628357
522.9565733075906,148.1189722822694
502.64248999226265,197.4445219323436
514.7106265189085,188.39312577767873
582.1113474691922,124.77526623371796
512.0907472347475,136.6454688286565
575.1019334399671,178.8111736041921
504.668623696602,204.49266007089474
520.91938185848,190.0157534654523
540.4822530433333,176.82342805692366
575.6862951095496,126.27627139700306
574.1159079508857,146.49324293086121
498.0741877932395,178.93179198140052
502.7847013788581,130.56601794203607
523.5141277606256,122.51669434209117
501.5692881365204,142.89290714306415
553.4948763223316,181.19853205743948
529.516424942972,132.5736950065367
519.7491175115526,132.5086174435137
520.7074308577446,144.5708770185318
561.3503862195157,197.26852802884906
514.6263719208686,184.96443922370406
532.7691649377894,125.23204389435294
496.46805735656983,153.0831859021998
537.7356461608314,137.22033426472623
511.97573028210036,164.94503937427433
532.7618717555066,146.34613643370182
509.90982092780894,184.8796390966455
483.22968302958395,151.75649928598926
531.6891377713981,191.00115863768963
533.3584426213288,163.23357942913947
545.1451417077059,179.02461016113193
537.9650788921859,192.86254324293895
527.1606355351914,119.45075178444695
562.455023226845,120.30252631432137
510.1649491452372,198.26508418784522
480.3601301293159,195.36204246401763
539.904265374031,159.83818899379088
459.111793174777,193.75838019763844
498.9740182919529,113.59050746756768
468.9156553902854,160.19020002969546
494.27024216916885,167.59122693774273
524.045658506744,143.0769278248337
475.4154147529179,116.63826563526456
487.26695142151686,147.2281034275976
509.93983435043214,182.35355852582933
508.81263706430457,193.1673745736229
485.33573796593043,141.25304583365389
487.4823591763032,142.03822884436406
454.74044675663845,165.54412309392177
520.894799718195,150.56709314532395
491.2055128814148,191.66792389393723
460.03818510571136,134.13455529283166
528.7588573428676,202.82662056782883
510.38272395232326,159.6182381065235
422.53804565928283,180.6837965467889
440.59721139829537,142.1001293979046
440.46926409711494,114.63368741199119
496.70446149545285,111.3757514411275
469.15133465637246,152.48832534342404
495.5115842050744,188.8554301334477
429.021356385466,173.72823198363656
479.64349779692645,156.0258282926892
442.3741047051698,179.01142534031192
477.8362463677441,175.99369055066637
425.8407836827377,185.22223727492332
481.07042445042117,196.18390045724243
469.9793946071406,122.40453781214995
439.13697594540366,172.55385489383792
449.4424479479432,136.09378650880467
462.87277968417834,125.43604090882465
483.94076488149926,163.16322431683926
449.9440589585566,137.72694373178885
447.6438126028549,164.97990356810493
421.57329055866427,106.429402618029
414.25147652811125,138.45155766628565
404.71423442843144,113.79167933072758
463.0514446473202,186.56070855357257
467.88220238838073,118.50473442299888
419.70190705286706,174.80379429041813
437.51784300595205,116.09383682892582
411.5930185174051,176.69931888765933
467.58280381442887,151.72136810527005
448.70901281690476,141.98544860677185
432.0524820870145,104.31080479055983
467.26083884383127,114.56064539083307
396.39955249675853,179.99290777783597
477.63782746143636,182.76378373036718
398.6860770163471,180.25998266322793
420.90607922425494,137.25093150533021
395.66360730220185,146.2871401257384
465.5387933249618,151.9661908037034
411.34977012127365,152.63732788496912
481.34996314805824,139.78791160961856
405.0248616487547,175.97217710291818
433.5347013324253,179.8711158040189
439.06966186837616,155.77290916337415
472.1239484630776,93.91217563167615
446.5897658688488,139.82801119513834
461.7414024687046,114.94408845121637
472.35094645346845,102.25586772380203
482.2726564235263,164.46764481507574
449.87527608877593,120.11443960739277
450.2550968143481,126.70636310236927
454.6238951873256,100.35936108352388
413.1336894862913,164.2585080488425
447.8637721491,129.5944928269637
419.8988798117919,103.42502616737258
451.08557024837114,82.04191589109647
421.9864608047915,121.37269314460931
460.0875067165581,134.04981803970378
467.84946229324424,84.98899792829957
428.8256107767925,109.69729412169946
438.3375062046737,128.23811397142032
457.4602466779511,81.9962857448866
447.475868674973,143.16178477516917
460.93616615502276,161.03300058682947
433.0689837426046,144.3566600037368
416.830296365299,112.45712519087283
465.3858582295592,93.64038468359664
436.9303032675389,137.36655038371234
433.26760632448367,92.31613979830321
448.94880054673195,122.57699998944986
407.08366044323526,151.32219147855278
445.5773511311412,133.8944985722878
412.68619960522153,121.9971287583205
433.7256367095148,111.80327950768478
393.1246201022611,132.15978469942382
450.7508458489374,115.03110932797813
463.22509446020746,71.4308814259173
385.6878213823977,79.40791800740244
418.22978323948513,150.8977952255962
416.90518930068146,115.67984442821589
393.79587295391354,91.97764459052244
382.8778391406674,145.21864650359353
454.0144570403913,158.8109083012081
447.8086806410686,128.9330331062586
423.0308061195866,75.57525234598447
437.81699112727415,104.17049572097508
386.9805760153593,114.355262993678
426.4323387501635,136.46183282247824
421.48891719514745,83.18403341383662
402.8496935224614,99.78251416264366
443.5740413607724,123.20941813144455
375.84735585959913,98.11315607027524
423.9201768316429,94.84969184927206
418.7268392708541,86.07013391793132
391.2097859055323,134.1850302326952
440.88614356413495,89.50254627480042
460.3536699521317,134.77357248392795
438.7375824111689,76.99323785932916
409.45711030046084,80.1386686137781
422.56592094303494,90.84691250972489
456.615476595004,108.92779128426974
377.2258163390383,106.08207923572292
423.5087513280577,134.52827782365495
392.8720987709008,102.35016355165975
369.72914450301016,73.99109137710721
374.36492669365504,133.8481490175937
403.94367919865965,140.08286154671052
411.33160021035826,60.27627930943497
406.89302371110034,105.37613342764743
386.1937962557678,122.58708259350956
379.46274339758656,140.4466520753336
410.1804912989335,80.16417541516788
421.4192579742861,140.8561181134645
381.06610089725154,57.51966657328001
430.8182704331513,127.12547488417604
372.70502159200436,129.38130690743748
423.71277711047424,99.91129268671375
410.16650751995303,67.09217976692716
375.0355322113274,136.3474805890295
403.41991199456857,129.79724817014812
423.87591839241,58.37448329773402
334.01196444758006,99.76628218714629
383.0149948176628,53.33187408757085
354.0462895840031,113.71437326005285
371.63193724923457,133.24175215384474
345.0103372028596,142.33721815955045
377.68411334265375,66.37768854926972
334.89818191270956,72.93204421823806
349.137458777074,78.49128282417672
303.0826703730415,65.41877462577649
324.8466208065782,130.35662309831304
351.4351661971212,108.0475091553819
384.55652044274945,106.22450984737327
348.36633187768047,57.169381433941155
329.39216895865184,128.44708443129468
352.2061563456724,106.2101223879964
323.5517318214169,140.76652287506855
309.00702583952454,53.90506243158792
277.5299895371399,84.69711865974446
330.9102404355672,65.0638713252066
302.4821691712666,76.27763107871807
269.44666874718627,94.23461178107418
344.26302763382074,79.72434440726794
349.19590717487426,98.32876579821377
289.8947366313481,72.60685321360847
274.72674039812756,75.07149757741453
290.15325731881,141.44544460104385
265.5895167085932,88.5466923831426
291.34096306084155,115.42762063462473
271.199678759189,94.4667478759512
267.1110149705306,124.90393951171544
284.73157951767666,76.75989240937407
306.2327466278757,141.13530623604788
266.7787798654142,74.93661994034042
308.0816542819474,82.26954338490971
326.2309989952764,126.171702255399
319.54516162957924,110.19868198847419
258.44985225491223,93.62948174564687
317.8330212148628,126.11172064094603
314.234479104373,121.67539316858765
318.1495742939783,152.18183420006196
326.0247146467443,91.64372007553935
277.8439316997008,145.88016573412852
252.97597056889802,127.9462470146679
313.4219807870034,130.32312862121
299.86914848894656,103.4074710794397
295.9026830331708,122.79290477859644
274.3253129917756,162.71867007248045
310.6723825075331,153.1287923142781
313.021092445083,89.25501529803952
249.37771975890192,90.72739063318535
287.4100413332902,131.53415454062133
304.05521633871473,141.7656187881475
303.79748642453274,165.94827625531974
304.5077438822438,133.16336666055219
259.68917732504065,126.65362041237682
243.49716981724382,94.63166844412693
274.955977457933,167.6973396844769
301.1386175427526,169.9272791088045
260.7931050097489,90.68458524395363
233.81920163010088,89.8825864998601
227.22088406915617,119.2728011693467
290.3975374571996,83.63643682660255
299.74071861184893,170.9947086452597
305.19008499636925,85.21028595720517
250.19109624915478,149.53043397158876
306.06560391873103,139.66392724204508
279.77028484668347,139.71119357218478
270.4110750552743,90.01522917394769
237.14401048057204,168.80944057094695
276.41339205184914,163.39487650280154
274.30960962045594,110.31374599916522
264.3466281038185,175.19750043851315
221.03762646971109,162.6436759343165
215.77875287174749,136.0395257523513
208.2118917214403,127.76556318746523
263.95545948389537,155.51240640129208
229.4747721374254,168.84841222839503
254.87885604412185,128.61999331705383
257.37218374167855,139.49365327375483
288.28654275463197,153.38773899048326
256.35556051438107,139.69964208951092
213.33966357691057,97.50495381893762
235.83364732652018,116.19237936556792
252.7884127972644,155.07284701727167
246.50438388740656,180.8627084768808
274.5888539099783,176.45301413956548
227.05010372782317,134.81086725400831
241.1398093699848,163.45117065281028
239.41905822395063,188.24480022151278
210.34738730205106,122.57380636480721
244.75750794885863,197.31278858880376
271.7857167536654,149.229070106543
240.97599186580698,198.9538134604465
264.84707438930695,197.22975360440853
221.24940234961002,158.78529498830207
192.1266837144462,181.10254998921005
264.15922154576776,179.53170251885848
211.83393220587618,182.06746032726744
217.81232447943358,116.1922021264707
192.22271756167464,174.16737627888287
244.53442745375926,123.50851428969695
277.44657266137733,141.46270576387758
313.8589888598504,434.09132629503455
265.74758331472196,455.5991827037138
272.0974113807169,481.21525697955576
274.61622379974756,401.0451262759592
337.0091713150996,459.3254073076586
272.05675107263966,449.7472206661036
307.15898823383026,401.236807776339
286.4016553945596,406.03036513207263
292.9297733253539,402.35562235110694
277.21088441260025,415.1852328531646
317.8388795597147,402.77558816807687
321.81285561757034,435.56785334168666
338.6866983971278,412.86731642018367
278.83342729740406,452.15059147082616
258.13858272833295,396.51464862827595
306.25067738723715,419.4114188432694
326.0960081031085,479.9196480895996
309.9214100730737,423.06574855179014
265.2962770676597,475.94371611536485
301.1838506188069,451.64406116432616
299.90674492509334,419.1836546628104
229.58371514458133,418.3352477760605
266.13944621434047,455.8300799709297
268.12229725198085,451.6792490250015
254.54316306839115,497.1817427483468
227.26819892465892,429.1338194411589
313.5365684681734,412.59587031144
272.79723367578714,447.2357127760967
275.60021725577354,475.10311413631183
246.12474397738129,416.277715976128
297.18120952208443,481.5231664918959
311.46969484637236,498.1081313397974
312.8030675236714,461.8644776735261
261.17278396672026,414.57864489755
288.10140878437886,437.6794000605467
269.5041406597507,518.9514924726295
246.5756147195513,472.7476071736648
245.15720763187198,456.6369579864941
223.90011690919857,461.6478193960404
290.4867468871566,443.2521626778078
276.26302826115756,473.0154510371904
271.7653392136879,441.6501834796721
229.66453654642245,459.5448701126927
273.0273158017732,512.6610300338759
257.305590382966,516.9053745441645
275.38230204659897,502.6748427626889
229.43945319298302,441.3914451096131
227.36149178813713,430.2403773533094
243.82801240974732,442.73164664490986
253.31168444216152,506.6072327291838
289.58859753126796,469.17007797368257
253.4987380820017,442.55573388537664
227.3338372127668,488.78445216268
262.72342775062657,517.4320190952326
231.00049847752587,524.0951265915605
211.32060695733574,463.50796496876393
213.8493200509696,499.2029743475287
210.0017834254345,507.0004837003414
228.51725236939868,466.37353013391555
264.0483203310899,517.045260160023
217.93566913818617,470.27520427196913
245.79388610410925,511.49330477560005
258.20377715907733,526.5131878272982
200.14078938043056,504.9461162278973
211.01658145808952,519.4931951368819
264.6623775983748,508.2925913919906
206.79153391218077,465.6508949595668
270.722103727378,526.8487857250963
223.85520498452914,528.8339023101558
218.78194875679304,533.2556526592953
258.54010306995696,521.5271399606083
247.06792586617377,521.431199787988
277.64768587378825,505.9146786872723
239.199332378756,507.4920022690316
220.28505812772468,465.9102238202206
286.6416832396819,548.9967941809261
217.38010100566646,535.0241837703579
249.551895453209,526.750139904983
213.2496637075739,496.04466864992094
217.21831789206868,526.5944507948932
266.1373531068388,536.1504518583417
255.5619245326221,467.9122130696073
222.37024184110498,472.6818004707884
209.51264050641828,489.2579824166928
290.3998503048488,539.6300460342948
220.66627495714957,537.5880618886855
268.67479342821497,537.3718127390134
219.73113757557906,571.1103550858334
229.61579659503371,509.6419858171607
293.0760993892758,534.0356298872549
300.56782638859374,501.48134097243957
214.98042645370074,549.9745513604885
245.42095928672836,529.7869139367348
260.5130078919027,511.9069490531838
245.29132255894626,493.62336404385655
245.72506936866083,551.9769658739336
223.92665244707806,546.6226202846116
270.5241663530055,543.491273619876
225.9356128460487,489.82406272236153
229.4937360063585,493.69154053576665
287.8459305907285,509.24935800717157
265.9233826354648,568.5856926639286
244.5179710892812,522.3380526064948
240.6618891604389,525.7444937148014
271.0899592500877,533.438030221985
259.51744722649903,553.3542533994904
284.6425044645249,589.9060783258818
279.4215727333451,571.7936784874037
287.15803603156377,549.6387752073815
287.9961993228924,585.1961056776277
299.2476997624076,592.9710137372582
289.4222351067576,540.7374690962585
312.2783285500829,593.4913553588776
309.02031405926664,510.46210310790235
226.86087698916901,508.25242396832203
276.9323008719655,542.2799089480201
258.0559315972183,509.24648311999744
255.00033126001577,573.797854497961
240.5434841707618,559.0130470298251
307.865265204534,521.3532324661243
307.9369103596574,581.8167766001421
316.5211462370859,528.5069627822713
331.3088352427619,582.3576178223605
290.6685961542829,579.0963590118288
282.4958480179505,549.244106760969
320.53794256495274,599.6272794380053
329.99010963316147,529.5988684662796
335.85949180531605,608.078387455
314.3889020623994,538.6271431715242
287.2460143232841,522.002006307547
285.8071377981376,524.9550649974348
321.1491788923585,559.0098182815774
297.154917809982,579.668330654127
253.7567496503812,532.8643344200283
304.44470597700285,583.953330575097
308.1322839407625,530.2631992247591
263.15963733916465,542.3187020882496
266.1078462405051,555.2584455676499
282.95806702266236,526.5219394340186
277.9262979265462,595.4832890989014
261.2455392598685,529.9312425793072
268.9163980006271,550.1207239327626
281.1242186443996,607.8119937010432
292.2833317933344,554.7269533803069
270.4210290706784,528.7086295232423
261.0949009297841,602.1503211106965
304.1526186574566,588.2979182976376
299.69932700607364,526.4026407343348
311.64054059720695,601.1769722541098
309.11723502034613,550.3308982453685
289.20826901191595,577.0653684419133
328.95373939476735,603.508891909766
296.3325540552123,552.4413687726118
341.64898177696216,595.3830294105711
270.7446823222288,595.2211251853355
281.4956167646095,573.2858993308643
307.6214108426916,592.9660219730907
262.14604232163083,586.6761356445661
267.6040044719117,556.485367670475
277.73083482209694,569.5113422444675
281.4356216169715,602.2843631253966
300.43158887804054,535.7062003505181
307.2493560524177,562.7082513207914
321.203388071434,583.9352814509527
334.49328011220723,557.8058620863651
273.688430207819,581.1888693347499
337.57541036933105,588.3360074895858
330.48399814206005,591.1229441173455
326.461774948723,573.3401165144708
312.25338082405324,551.173986357648
341.4018664044784,599.2748004550099
292.12432860016537,521.1399153238357
296.94589722833814,529.985936512875
272.77906156438485,514.6591181315044
266.0281369711448,545.3280336351875
284.97590326992116,514.5572109313006
329.0269397413475,548.2718867718808
313.9164855662385,573.2381582108525
339.4128759607641,560.7246857840744
283.3642865773432,567.1162743834146
264.9715785583451,569.1424818177786
295.6724372892523,572.1986445524861
275.87422004944807,515.0717972630672
258.9335033105669,513.488753397783
329.9148362467641,578.9607970953844
259.9354813321495,518.4988753759848
335.9385193809384,497.6446712226825
264.08572537079857,569.202177246007
288.9302692223895,485.3356195127112
324.9132891690145,497.2560694209057
276.6000122592765,490.05294452513806
275.8765490259668,538.136570010919
308.43940437314865,499.90493024240783
313.89956115973746,554.3385619797024
272.2968788409818,518.4918374816211
316.1407450090729,500.8513536998296
251.7872683749219,563.7671997710875
318.3900021126596,569.9028502335497
276.23470871346467,545.131469507673
306.7680916415399,570.0549881771205
254.40597767462273,566.039692281601
267.48230406013295,510.76288511494903
304.05442175479493,522.8957917603663
250.49792523348486,491.1577342146756
280.47377964363386,507.91592596723274
256.9668832078798,551.2067143292422
264.37624103297827,563.6113455125947
307.1504237737989,554.6130284692169
259.57370311655745,514.5473830584207
273.08330315995175,511.97687031647837
267.9668026271099,519.0736754517884
329.43707238751165,555.7945201491838
326.47109444089114,498.5620991581261
255.99942630404422,549.5231618438933
305.1945929781515,562.6594936862892
331.2095119867707,484.0434861070588
306.4277699597922,516.4892218811045
267.6019848064614,537.7669530783488
256.9564495215479,532.7134156218207
244.79328992407363,512.7921994400841
252.45299232535402,530.9753454782528
305.05264506700047,526.1525867916091
282.32170852985473,503.4128484338123
303.0889972120217,560.1878461500157
288.8579192061735,545.5025513570276
341.6165906552867,513.6389697466233
312.55616347663465,581.3248541260027
308.13784359094586,567.5626124397761
339.93294808793013,557.6067636400959
276.8278164493463,580.6114743440638
313.79262622539653,543.5422146890668
330.44894272489137,538.4806960445923
352.5501822413108,570.6943468460101
293.37241812352005,515.273980419688
287.7384500554552,565.7025080067912
310.6349057660118,500.7320028315812
344.534605136875,555.8081375800815
275.1899641979757,501.572892327915
306.2396126601415,541.8053997632088
333.375075936316,518.7231199307784
321.97493972280216,560.463885504314
344.40919553028425,605.8150856960119
353.1212962274223,556.2738872441819
351.17239404355587,546.282584363145
356.4649707723432,558.1570144138683
316.4342712222848,599.8489261487911
337.71195341248074,550.6844803487326
387.82005318948893,602.5960418622224
366.2407920910209,543.9564691331286
381.3346441880442,593.8143921255405
323.3920975004976,594.3244145308294
316.82176050076396,547.8967555897276
349.35160874349253,572.4474895576044
358.5863771611132,600.6280768391197
319.4098857341501,530.9097761896971
342.911006234098,599.0400495196221
405.38571311926023,618.3023843810389
377.35128838519125,571.0342096153959
347.90313396425813,570.295546940207
384.8339375626137,586.7130232820125
394.90152821799114,539.0738665543284
377.93641248857966,556.7040691648162
380.9615436143765,555.3677249896738
352.5416358954995,561.2006330563822
337.4778057720033,585.546925385445
319.53715836549924,596.0222342429214
339.3946832306021,599.9979251115825
316.45680371413755,596.0151224229226
360.40213964835675,563.9667806229854
384.5154272288836,569.535437302535
326.8654435932196,559.9777893496279
357.52617590370863,586.9580986127542
387.73696818968347,540.7202032529243
333.2533421272902,574.3450549724645
391.81823894104025,604.9788228482272
360.3390190851391,597.7540502222951
394.5229315824686,605.3723353127483
347.8375528203769,591.2559618556771
384.30590646963896,626.3781872631516
403.9980868258283,562.5378796597513
341.7769479315645,595.02801850177
411.505948914275,588.4127689633365
374.8375119389511,620.4156674519589
402.2236871946981,609.094370638731
349.897946954383,553.0447041656827
409.88256422995016,585.1558905268339
397.91191684277214,574.0802254826465
323.95669298184333,596.0884520901186
376.988213994663,567.4883501529814
382.97225049147784,588.5697698799584
346.97382131770996,569.0635723276699
332.8217902680771,592.5364812138631
334.1177153746661,591.3919551237749
379.4383789624007,577.1331108378072
377.0301901433414,583.5000098651763
377.6277275011676,577.4650052255629
373.79731931631244,613.1684291171485
372.6937639390752,595.7877455021066
372.2509538704896,554.3836113555406
389.3608976448978,568.2101950711767
376.6497982779676,544.3521126879339
339.35964163269676,558.0780423931461
402.06777015787196,562.475269421903
370.9532755965237,562.1908853912919
411.10879698940244,556.0286190210319
360.91841475978237,578.9232831166976
365.8825530877507,549.3952791553844
406.3676887537614,535.4227022920667
426.7975677587234,558.1839739622134
372.59900468985416,601.8106058487678
406.3172622538438,564.2410168737733
347.6198651400791,573.3835692511634
343.23963655550733,592.070431471384
361.72701149395647,609.4352311872176
427.18241287677796,591.6249674009555
425.6405127757307,529.6991096034133
367.80498280696116,546.5877038918995
408.2965426988466,562.7643570581031
426.9290301602998,612.4981471432336
407.7264118405552,535.3185189891665
430.4118620572623,608.8961747793842
408.87953686442825,554.7841257450369
355.9717488514008,597.5525005178081
342.09931765506326,594.3101836813205
437.508578399067,531.498721926449
405.3766102690717,509.6613342796308
378.1474068375954,507.45117519249123
446.79959232625555,510.4672810560169
401.0424357496473,489.4264251955437
404.4338966794097,524.9840536799411
406.4684073879888,547.2160452352061
375.20314472862304,486.32147562034044
446.98486614401645,555.4199323467903
447.7267741404312,568.5921537011852
446.7633573236848,553.003985394623
412.76010249556333,509.50237164208687
398.5746307582439,566.69898605517
396.17503580191664,518.0092746275435
401.70389138986116,483.2236814494673
453.2058987911628,528.4256249305454
443.6555556217303,515.1259112154871
394.66075724955897,480.71550341989274
401.54937710357405,498.9426375507734
381.80722131379036,510.40988061505504
383.0696998942609,501.67893657592606
424.1747303410667,475.74005830532843
412.97544333662864,456.728739650557
423.0515607759969,505.50664472965457
458.04144018123986,454.96489841921596
407.95437910684393,461.5869199847182
432.4357126356724,486.9729945887339
462.95964076565184,525.7950089167279
385.94901897487324,521.9040887423623
433.3227198207202,504.9907988138411
373.11071540902753,500.8381811536383
458.6391072116643,503.7489996195531
373.1506082413678,508.3536072372734
431.8945043552917,492.047055998022
380.66762549516153,466.5766277610101
439.9756220596828,516.3221243898194
391.1980564202516,502.54560996442876
392.2300475998074,457.39038551135616
438.0645441862331,461.23925836500393
373.73116047368967,454.897297397352
409.5925466117891,465.0154010340981
377.85386048935146,475.8356394440323
382.73081133431486,498.3563629307997
377.54235335745335,521.0712370349974
423.65732038426523,475.998235985488
412.63719093764144,451.4763132979755
445.0572822902162,484.74986203979495
437.9422425721148,440.80125616194505
395.99516060955403,440.42517452682046
380.70152180190576,485.43990071018504
392.9051562198159,504.2642326317053
403.49590550128505,522.4054776050996
429.2055914309777,470.96565580066095
350.7182248515062,503.15053370966933
391.94998204540485,439.4585718826676
408.5232006392768,440.3678410431869
397.48742858278615,437.44957231956647
356.4218043837906,464.76281562884543
364.26532484484204,510.9137990903562
376.5313893450514,495.3371486100663
385.06250493791754,441.5694883329775
370.14950737927677,522.2729881377736
368.900633346792,446.2856880063598
430.09909023894824,491.9454175841466
381.81817296380996,510.8116949764511
374.2743478656178,446.0565303124666
374.58275115800444,452.4536712652433
406.44661667961776,505.20372601073905
397.63036013460015,514.5904815890896
317.11060688262836,495.98001768436063
375.31409656985886,479.6944115639636
352.29611508060555,495.3725959609361
355.9363216248308,454.89216211010756
320.8956162393971,439.31341029238
364.66871735724754,491.54730165223503
340.90483392475574,462.78123444761036
346.99901453964264,472.3217915716255
378.90141173513723,484.1350958758282
351.73750959728187,447.29776848531003
349.2126592974643,435.5128909740229
364.05529032152845,500.9511186836777
402.4002545777032,483.5825642153807
398.6800176924728,457.54123036474095
368.70403476308695,469.82031219014243
375.31223582996245,480.1889018690288
353.82026646745464,439.77213860345125
318.6254485585604,458.15744072648636
387.09443347051746,490.65494635735286
347.87902726821807,492.54895193629704
338.67925940766946,513.6645886125493
392.56348679389936,432.2976832542712
396.6050004830055,428.33161337223527
351.10796828126905,497.69061270989926
323.6276287129269,516.4053865480939
340.21275690850297,454.15305414699213
366.24832719338826,458.2434887479402
340.55581464991684,449.9843207963608
319.7847709765921,499.2694997608945
399.81572419354904,478.65596064056444
386.1938758153031,492.58015069707153
353.6502764489993,485.17372113742556
315.53362495901433,437.64342134680413
390.4337332377501,439.52348631421535
399.9891128852833,502.9823776746874
407.29543450534055,492.5200230429934
414.3403477443051,487.29480482059995
379.7603992666545,472.57776613857317
386.9273795248365,440.45029818557845
376.74908550181897,461.0818446599365
340.718265899869,487.95655503921233
398.0695927334813,470.39829088361944
378.01574216176994,504.7695568038166
399.8840905550971,494.8187842066519
397.6476528599319,484.23438484917557
390.88161077255273,444.066704502072
335.861158529605,469.16291994979406
391.86678562530886,424.1479027188412
335.0807120131568,477.69341192695737
374.8467122277281,445.1370349443138
438.2681009631288,418.75538799768685
411.1089535018193,504.73462519152577
445.70857592034224,430.1864427816605
395.9838529005192,455.8199529389035
424.0514705913296,425.69665962605774
459.02284286932763,451.0994175380191
417.52470838378986,473.1945462933302
431.21041345718623,486.67697657654367
405.4551253845318,435.7037392588517
416.2217726913438,479.36361607420713
386.40067429404473,435.68965968934657
451.23274013733885,482.7379337712331
471.3049181720169,498.88716773139913
419.4819082282607,482.0802426250566
416.5047639495332,470.58510204342883
405.0337497739467,492.87583903622533
448.69469084124745,433.8183522370961
477.42750888798463,501.4429153962339
507.73535300571007,476.5741037519148
512.5919631215847,460.29032072373025
513.94321853743,442.5458011619861
540.8621458719563,448.407204242288
473.5941493501075,434.42715985300595
489.7952343154847,507.1894849992157
496.4381765299024,517.1222764674742
486.9242521417356,472.219751758187
455.61345545166483,465.090608656481
499.63968935595983,520.7722612469835
524.3861513755215,518.5952796414352
463.1775432674917,504.14801031531715
494.4150854875168,516.031644870868
516.2138366606387,473.09657136998
527.688607809135,457.4099922908822
524.9532635876175,451.4837400371901
487.26046858018873,530.9958321868565
525.1046973360664,505.90010785201224
549.2661244511991,462.40627993502153
529.8871232108853,528.691411195282
539.9909690372127,536.7987799728046
499.0525873973161,483.71024704705724
524.8535266616423,464.77144341839426
554.0991774160088,530.1974161672916
533.8640188669908,491.378692830567
547.5629803355496,498.3290249290914
564.1537720222353,500.52084217257016
492.5767122828372,496.7806652878929
504.80409332031786,457.6821197999159
506.884125926345,534.8513392005908
479.648197549402,524.2679684227232
536.3187539742081,492.35742094645383
559.2581009438376,489.35560763791887
532.1420631199992,501.83890333956975
573.1996405353656,529.0332111880983
512.7765982093939,552.9296682821756
562.1891879017119,516.8518311765296
551.3459304244375,524.9845698287493
555.7429441898859,486.2530000390885
566.6754520221263,506.30634060164465
544.7998484599913,479.8960555150373
536.080365519401,479.0367417436391
503.0334931525532,497.994819364872
491.1040082079384,496.8645717977363
513.4495152443401,542.7939489311125
515.8272106246096,524.7805314068069
557.0168810145689,552.4747901265333
492.70029956197635,522.9045959399601
503.902089983143,523.4522626963454
498.29460811900253,540.3285713393569
505.3619691837216,579.1648020250825
573.7154418948751,513.6825523775129
529.284573605335,514.8500068065555
516.768169646097,491.1401426760309
558.8364025600494,553.570582313904
533.5796346002011,537.4148170944449
495.2320936401374,513.6837538155896
499.4576743743138,542.680913214878
527.1305608044755,560.5433158277126
509.4569122773648,572.5210907975862
505.5550283216287,520.4423357784733
546.2234397322682,578.6469788573262
518.3249133418224,573.4329900700601
549.5646856970027,535.984604665114
579.4952838709289,545.1638743688466
572.3297461668916,490.3802003165348
570.6361677669947,571.5415000903497
577.151938057699,545.0662935204926
552.2949279470587,505.21586704295
530.3812288767557,571.5397531344184
505.1644978696436,553.4052602272801
576.456515317101,525.859461257017
505.05761027884216,530.1162264162165
589.9594344293234,581.7485025298108
514.9228057045034,584.1602837919556
533.2560362913429,537.6550448335892
560.9704760071654,584.4109964712771
569.437759213528,584.0577208436812
552.108289204897,528.681620641379
584.453950075921,549.328797056539
572.4527595851846,556.6119203087611
585.3315911251584,570.3142286192592
577.9009568613395,516.8182533976706
502.7837860533652,562.3740849686469
576.9076960174181,591.0790731312906
550.430306239042,561.3204310531244
572.0999851127098,569.182043687274
586.9241329819912,580.0809365731009
539.5110203265841,571.4457935419026
547.1407960371658,524.1156596241782
522.832528131558,533.5424325175103
596.7178755373781,587.4786676516279
541.4165195877233,541.5992545454375
544.8873756305446,551.8539935503004
553.5717817013286,546.8486962414154
509.7457680352912,550.3005581160614
518.5822791993301,551.0303984184175
547.9184009952371,578.6216598317221
538.1962820625516,533.9528707715361
526.8108461165539,574.044803246643
564.7709568642539,571.4930139059132
593.3053243746733,551.3194147170353
582.8478525906397,588.1256939317345
581.8487043049236,527.4099969102715
509.672027748718,576.9729849781742
532.6413780665013,521.1415771454297
554.3346992493248,542.5370994043731
566.6631268604427,557.4531728496152
587.1904884200077,557.9780446713894
596.2775396903348,511.77674540301814
576.0298953527142,533.6734687975612
583.2114278698589,557.3262966378818
562.540782704603,576.2193058395576
509.89360007567865,585.2078198487516
533.478379317358,517.4600218915043
569.4703940933953,533.5350192957976
586.414861605756,514.7703365708094
531.7072165105127,540.461447330376
514.9522742831,557.8412263970027
562.2818916313013,573.3816992373709
576.402490638788,600.0913758120635
587.0652505220745,602.1745015783454
573.124232286059,550.4585580385367
532.3749529763193,589.5159588201416
592.4861662187967,556.4273500019867
569.0099277528785,529.4161515965219
533.6137603646263,606.4324318768513
549.9853278566216,589.3871370463426
511.4238376240618,579.7263202674973
571.6013085766779,593.3973912967753
531.639108143436,604.309480573539
584.0237720831441,589.7046030328894
537.9119397671665,579.2895565990199
542.7045073297053,586.8475999799327
519.3692202599381,560.4347727913155
597.8170374236958,599.9734819044841
565.6603896069659,544.3592164025696
589.6167354437354,600.2381270665913
536.1384857568603,594.509901986438
554.3262178860521,610.3828716617643
546.2860699701711,572.998928538468
528.1621362246124,561.6963216378124
548.4255506235614,571.3832591039358
598.9177247468976,608.6815102943749
557.0724859865821,543.3405240335607
528.0026280415291,532.1316627213456
536.6804628985906,544.1517749394275
530.2745554063046,566.0411665614464
567.0621177917442,580.7151735336707
582.1366857102216,551.1783946385884
553.7905351896738,572.3057124741118
529.0395329583029,604.6724188876841
549.7801811001409,631.8226754172963
559.9374621843402,590.7537241707507
507.96506923022054,625.1307867198918
514.0620410083726,594.0179276342068
559.5362798518287,572.8173028143156
512.4340571009282,593.6847016850465
571.7215865403657,599.6623126217565
572.8643976098226,552.6744941689722
495.6362716192767,565.3632270242974
556.4795439086316,556.7073625611671
563.19370866319,626.9804487118128
537.951121323949,549.6138295328027
520.8148486948401,582.8954527107736
517.3018110869793,610.3347339019019
499.5519988526194,632.9032268691516
521.2086708064528,624.5670039804224
510.6617538688016,601.8998178362613
460.3131122008241,563.7301908930166
463.5957136902764,619.3840829208903
484.9162343632737,626.9570819229511
516.7375769587441,626.1970998848503
523.9187471975047,595.2793790233296
513.6230600936084,562.1531796568534
520.5169571749708,593.2584588471475
464.19249956377206,568.4249599635252
468.8790032921065,609.0504095667015
498.6213366447442,643.5275134941173
480.86990551079793,620.9784505754699
494.74867057482146,618.2926253528452
450.4129505701935,567.6135251881866
464.80012969981016,589.9181790814597
510.34102247847244,572.166556642404
456.3068713277359,595.8563379803796
523.0785975791853,624.9834429877034
439.0393631820872,607.8953732674008
467.4572287216127,623.2483113900245
461.0929278382538,561.0357869400665
486.15230010621985,609.764983477517
473.26176880048604,564.6793168513898
449.9518210761465,607.1929505558904
434.56470260092624,588.2117318543387
422.57462483874593,612.2634342809067
434.72195585939426,611.3987136943439
409.4922544799843,559.5866147506629
453.5274806856063,553.7417332272751
455.7470613353433,592.5506861078973
421.071699675665,546.0416494846771
486.5247552527421,543.8279285763725
420.90126186204344,628.069044600018
472.8102834075744,577.3503297124956
419.90938233428085,545.2339769767333
403.47572572415146,563.6115079471375
410.5500147164262,559.4626368797256
444.0861958049695,598.2789857146893
404.9632405953259,605.1991473225673
408.68311087417396,606.2637534402568
406.4238043057644,554.1035840764484
482.7157915922227,526.6481817474162
488.96295541514587,584.0422250910112
406.0190609414392,522.8055356884561
434.3277446707632,558.0223187832098
489.21989395875033,593.450519243665
483.92082522947806,586.5834921484307
421.973521797909,519.3615977380509
478.6753595472022,587.3533082246843
412.9845371610817,526.2521147638276
489.9646077864463,591.6888311719579
433.748579009902,578.0154067432895
449.6038111785499,522.4953034051875
469.03332518573245,518.8712587609951
444.9112189219915,501.5019057639686
442.61617930226953,559.1172389227522
428.6239877227944,556.9792690953594
416.26797375019504,583.6268278961057
412.0307652458085,586.7793260186063
423.02825525828564,558.9348506345003
472.94128639122044,533.8584972714146
449.95176936791,538.5065524891436
450.0422569516214,523.3818021070313
416.63308463013107,564.674196501308
451.5994201339761,572.2714738842698
407.26419780489516,549.9903779336814
416.1470646349319,533.9942568249802
430.35574585625716,523.9694138804446
476.6627657369554,574.2495928417479
479.6384120372658,505.0699639043818
400.86286271343477,558.4982687068406
475.8684480876526,509.0650454899294
464.159120215456,514.4962108569218
477.8920344513805,555.7389042867845
471.1591176556745,552.1468086413121
411.60875072801076,564.2474642483044
434.4499104297338,538.9528492287352
399.95960393189,525.6431603709028
399.29198525775877,533.2124159414166
442.7432439070433,501.9496229654319
473.55196230403845,490.4059708134662
462.59017949853967,549.2609546772087
434.0786209779641,526.3578351780965
442.7012748116986,526.7679916435942
485.6561208905196,537.2650215975334
461.69373803900794,507.000141788902
423.5537968337253,534.2699333055028
399.15011711828186,552.9937465720169
457.82209891089286,534.5621567851098
390.02885015180294,514.0266044137967
412.46588178164643,496.18728362209026
414.0431860863274,546.7580644225707
405.43691708828834,518.7826171118428
441.94478492256457,521.575657154448
399.384952564402,495.3623257175855
425.0892360584253,537.7754264122159
430.2672855558079,547.6396195771185
449.01661908136373,563.7519042376242
409.0950514365976,561.5115148614622
430.556759227856,527.020548623773
420.28845212916576,570.039272022861
442.89787182602413,513.878214286637
403.9410399894667,489.73063217339944
383.95357360875823,516.3436922570161
364.6120418045486,565.9919534474878
388.4546482152902,556.0510281754366
368.85308511042325,525.52955834697
389.4527294006819,517.9822704907284
375.1558100931319,523.6479837627589
374.2212505831482,563.4923037717778
448.3922584571807,491.21513054765023
402.030994916018,513.0458634842336
408.02918157181523,513.252046087912
415.52893514333255,563.9726453383269
371.2740013845366,513.5980656574864
379.9672783565181,561.034979539628
451.0619388353032,528.5500347772225
395.9797411954621,530.5187072308893
376.58205453309284,548.823214189687
452.3971632957682,544.7229921974231
371.80280210256615,537.8923653473778
367.4814531448791,569.4021692105417
374.3226351509395,498.563524117762
373.8464984265978,510.1489215368042
400.92262192704885,508.8041903866838
383.2538071982244,573.599476601501
396.2008882087212,552.7988370431287
343.01404898649423,518.3683198932647
398.5770652679074,538.0317103569723
404.80263491153374,554.489446860961
342.2729617465005,539.9889815326673
365.83475345883824,543.1771430589249
419.0639553026275,539.005200924279
346.3379899742803,577.3695723052997
343.6401457150843,587.8937596383608
341.50219091093936,535.7024222890401
376.6385019504456,533.223262291898
364.54210981785076,522.0302589660415
371.30308226574516,582.5936991017513
319.2265159650178,522.9668726966188
331.41708143541564,531.7859769180734
355.54841873830117,583.7748794295946
352.719450548465,539.2206835341979
379.34489186193684,544.8360025355687
362.47332428020627,516.0738683786874
376.61746250974534,591.3906959771807
391.81343519156974,519.1121943785892
369.0432176432096,555.8590623513315
347.4522062098126,534.3221083921858
354.3773288063542,525.0535511869818
327.6965026805898,535.6480170463583
313.77807446228223,517.9365349576603
348.7417050686757,505.6297199779989
320.2263044059109,561.6784951053983
356.91965583653456,506.35225723487815
281.35621520555156,517.4288712150453
315.88227566697975,567.8822309748303
281.7680235338122,570.9791051199534
341.38285372710413,567.6698108708426
314.65962418098275,512.2779471594904
278.3565213793713,516.2443672203779
286.46031314045194,564.0649191998554
360.71572247268256,540.5065915293915
330.3300584956358,509.3630274112926
296.03502315536036,557.5986016544539
333.7658555263534,521.9296239797247
351.9281858242724,561.2202801155695
338.7080354818637,562.1386239244499
278.06546305503633,532.6347045468927
360.7337199420491,551.1090744186919
275.4100581202652,525.3091233537182
253.92825125341489,533.1764826676949
297.41914497186383,569.5116743433198
302.5366478211941,493.84431203136944
293.7363061879062,530.093556438346
264.0157670869677,522.4684380965728
288.43571834646303,556.1482970608097
293.67186571366784,506.53893624143154
325.3778316987366,569.6017281002721
284.08055545686193,507.8960854184496
280.6109960278987,550.2104782271252
269.62357166237024,560.8924168446453
329.76608552634104,547.3761772935136
265.59007191559573,514.7944207732868
304.86875815647005,523.8580670759119
277.7048878999517,506.25788970707004
316.76295955781654,533.9997035405487
265.2221397786471,504.1984741236422
305.1960831108694,524.1689243573485
272.90485402445864,477.9717199264697
310.91906365913815,532.4904207699161
248.4479832271774,539.182644131587
318.89589654823544,546.398566510616
279.61303579428545,537.1317137455701
303.9436741814414,554.9976816967288
294.5984227788729,508.077126099295
288.65604010655284,526.3386602587967
287.27138115426413,544.0763113886479
282.0361726089211,523.9345514743034
273.4021253899771,542.7737918673357
264.2420511853395,493.8896647571917
311.60381500989456,496.2490515092201
285.65310790035545,560.4003817252215
272.9698545331103,539.1564546035831
284.60489792480166,523.8957880763621
246.55609719611752,535.4884643471578
269.9809015564247,540.0742796701985
299.91416688453603,475.44545075609244
281.0956774224574,549.8445619618647
226.73853250914658,511.48982802972444
256.6284487884317,551.2378545878167
283.2829141434009,506.23728744024186
225.2139846743794,548.6102882576322
304.52819387778345,489.80691218682733
243.10906848075024,533.9869625707258
307.1890219320598,507.05445567617585
259.2014991038184,488.3902014026157
273.63485347123947,479.2810424416876
250.72446682121165,499.04129073366687
275.4117575967544,516.0250455549822
268.56993665366025,481.73196838074455
237.4137932930256,510.0773986737932
300.6304466230134,520.4883182728868
302.8238599589636,493.90215204378603
289.81081127833005,476.2370411208599
277.0148090829766,491.12772838427173
296.4235889897648,486.4215662795119
249.71718588184984,538.2526163128967
228.69725099774865,538.6141908719414
288.5497372562177,554.4829364101702
306.3578711723319,489.1297186605709
257.1742179532668,540.1460181574007
289.6440217722392,500.6736329999359
221.81807389492423,522.3322902817782
266.2899544220046,515.7499414636454
233.814127614379,521.1118714125201
275.0681035092115,499.41700515290466
228.62459092783493,538.2598729067915
240.86259293163354,493.1659687297225
272.69762638014095,563.7352488611157
265.8919933048129,561.3324173848305
295.9250679708582,499.0088053849114
241.80714177763411,495.38782929712266
300.6058387028989,502.4795810932846
284.25348486605344,507.51322715051737
247.94049997054066,550.5891454939139
284.9295613729154,519.608785056851
227.54523394955322,533.6422454263143
305.19926895592374,562.2554799813188
221.63472426669273,495.6835913550064
232.67207369442696,545.5282415045597
228.64429781924974,552.1985628733263
248.6813229835033,572.9585185552606
290.28576624385425,530.1902367969519
276.00511174383405,522.8142626487106
242.52058368772856,575.5768042550678
261.41969308175237,582.7992176246554
300.9318134584769,601.9553222014631
271.517738765672,585.6103046488299
237.6483682922885,585.3391840182869
304.8614983843325,577.314600644793
227.06144166137142,546.0725337822379
238.56192770285858,524.414591456859
296.1060493113723,569.0205674311813
260.61993335717386,579.4856511495275
249.20874984738447,551.0843597936566
277.9073894211598,521.3658477985234
285.55040053252304,538.7627892969036
261.97798571851934,552.4021784898208
265.3853991038937,521.043087476354
222.49342132026578,583.1116915154703
239.79198932645195,548.1560059130024
223.82549330895208,572.4846547320163
790.3482973491367,326.9169974488116
841.5211309279603,275.5971152606047
801.2468918798907,237.29575061514095
819.0265835021684,306.9063150670459
820.1058943350979,243.42902674630528
850.0091110638422,307.9855334543596
844.0675318378,289.9889252687945
829.4386819486799,276.89067771386055
796.0426692040008,293.11882651232884
798.9608485891035,298.9456654672852
843.8080558552797,317.58508484931514
855.7667011031184,289.2367703645269
870.9427354487137,309.8013704804401
791.2063585692233,233.20314659361557
869.4372055903399,304.0972200896134
815.7741044839256,306.90444197598435
820.3480730907507,258.1622435433569
843.9247063487535,257.20421533957364
859.3924936508229,262.4460589172545
848.5083502345966,299.2934438722708
873.2792922348779,283.7914621360547
797.8786525817594,241.04759948154162
810.573072891216,273.79518365146674
828.8882732045846,300.348729079284
873.3612008147154,301.3388053064337
866.5755717519787,275.29943686013485
840.0566167873475,270.01079416936176
838.7107228986958,298.2723061589133
813.6162637245882,271.18700151209526
806.3093031631529,244.6992734281898
786.402932373062,251.88456773125978
837.5390974649716,270.8134175109065
813.4944513185997,223.21052580681393
819.0381789220711,225.27157981840264
789.2634062234857,263.33965993579477
806.2701301117468,252.81677270070546
805.6844430908162,252.77764558562674
797.3603414637149,256.51740555679146
876.747824046677,231.2031804245912
795.7924185720716,263.49647567947136
872.7020883480931,264.30413679082153
857.1799310406318,207.13007642869437
878.4325807552543,256.0816475052796
827.6269770793826,220.4228367538847
790.4586923884499,213.41323878968146
796.6446942039598,235.9743468979707
875.5947996514095,228.68013546987729
861.5229004702584,209.18647927370895
794.4467575999278,213.21850566567917
850.8304471808678,246.14958723866857
829.2597231767262,270.5277842004351
847.417827078636,264.9589480456698
841.1786334974728,257.1534323557327
841.2797896681734,242.93624287978307
870.4176063039073,259.1495190937614
821.1655993893364,229.20865391148214
819.0386922253025,224.97920024492993
826.1084482102174,250.47194844647962
843.0856942762072,216.6121055512454
880.4658538310146,267.3771497203276
848.4753207886482,202.60266018162534
852.0762310087431,249.61556512325785
882.0755582929453,213.96819854042081
864.2836097915449,243.04177532026574
871.7767663707968,189.19071255872973
804.3955027429413,200.6108362201419
880.8046147603261,230.96676054200657
832.9553250341013,267.7046781121595
847.0142462923793,210.37365445922268
884.6464218250351,245.25317529942174
914.4625540311989,192.32533062645666
842.0594923729267,212.1124046135487
837.461303110688,237.59840192564093
845.6693868328684,231.28448600681452
845.5804820370163,243.11288853150012
886.0833935625185,188.15458467729985
888.1928414322915,248.3057205003912
841.4877974987972,178.91852033573582
879.8194609758981,229.4433897357244
858.9610418439655,229.46068363421608
831.9031314740785,208.99501517977703
893.082765484132,251.96403442101808
827.1583036592573,173.11005205273898
864.8788062080628,235.24355119744737
908.0332156811553,249.6945185089531
903.6083955959617,254.27887894895952
888.3520469275735,229.0810915918281
912.0859026961759,160.55272238402773
889.4913202101791,217.5490531385073
873.5917273000804,192.70614063527668
866.036470258786,225.28853130809006
924.7888638446227,168.0495544032862
891.7235545977014,244.54134738428473
944.3188539442825,201.90011722184042
907.0302217108986,194.11010963406306
870.6758267940877,208.47749558474345
909.665621161736,182.94111115438426
876.6586650379284,182.59005172068208
939.2217687044192,190.55621299802283
866.3483868412393,164.97332210391346
879.8765190317419,175.68824570974974
859.9346193327083,217.3212228768469
917.2645890249087,163.82080378615112
941.3577019257175,176.91506188515265
897.4015914858194,219.4529491782094
879.0109797799048,194.2686749078652
928.3945326478545,219.89915160495315
914.3854451021538,221.27895110852984
932.5505024838728,222.30951275016955
931.2009688904037,185.52576671850434
930.08066895905,169.7265934052112
871.0497935641353,171.2476213074188
892.9590847139481,228.38676499338786
903.9561170455785,210.15881286846837
958.2280006657345,212.42729290734954
911.1265193423008,202.1353394616252
900.904308523634,192.58274854359337
939.1325445989162,171.55271856424469
940.6852512395653,226.36753599422082
908.1867923973135,243.56227790100996
947.4300930166559,178.45331013650863
883.8231945132776,232.47946924986496
937.0426219104756,168.0252804545462
898.4703787022913,210.7293472109129
940.0445513874818,170.6804320615658
897.3180647032922,209.2989818701771
893.2841396868084,212.84847426864667
918.4531788078599,252.7172965979637
953.6764378609705,230.29208763492403
890.5247391568407,236.61807574551125
956.2804233888515,239.1613474292986
944.7946705727165,168.13414866358414
947.6101310207931,188.2870245745074
959.9456326705655,243.69082151995121
913.6517623765014,191.217634764838
929.0812433649575,229.30992627148012
889.6816813315461,237.33821436259518
941.3878819054747,249.3735141152393
906.1980117942272,235.82226934089408
963.0042626985215,249.82040799008627
958.3269283857558,233.7115341240016
902.1211357036832,250.19638483342658
949.4447358199949,262.88794068717846
977.0850414002565,202.5014087122053
962.1904844961211,260.3599572163137
906.3537820250667,200.3385545897478
907.9765679585145,222.9029620259533
926.5498521917901,227.3521363790012
953.7522066734324,267.5132856691215
937.4835247275275,248.31252061800163
950.5556593912495,229.27045814711232
902.2267183742532,256.72315759583245
953.6267983700527,268.5142047500908
930.8197203153896,264.49822313020536
933.012507424817,257.26545686085393
965.3920487558529,284.7552033352207
912.2970443042241,233.53247342485716
972.104654835535,236.33964299449698
990.526743897391,268.2621863260749
975.7571368203564,220.2265707968212
933.0240980965572,299.841862615947
965.9604257648268,254.88098102689327
956.2318289046395,232.15452533058746
992.1234985461595,291.72796881826906
940.6752796564199,257.9464572963958
935.568354741792,282.43063814983554
955.397886045143,289.5017699221629
929.9437482360212,275.42349519519337
920.2140600363316,263.3270823922127
958.2559950706741,267.1167087260261
978.0559130978563,249.3980446694211
959.9361663726207,243.46696083747918
1005.1204174959719,256.1545228565944
932.9255374291977,322.68131462766536
928.1786303429078,293.2302729170875
1000.8958448600752,298.26820829539156
1000.6869109198647,327.25034120857896
986.5530996021972,316.49226308188065
962.8338863245156,276.6277230566711
961.9099307024941,260.6134523398686
949.8934388666769,281.92890754398786
969.0377528424539,319.7587158926376
927.3109230852954,302.28862080650197
1003.3046896717271,266.75124270475897
976.4419728149563,299.7758489394575
961.8292725518745,258.5004124921962
959.682965923941,256.78128368286644
922.2512010017458,303.1195837301679
966.2299739199691,311.06323872393045
929.5895243866651,300.4553495181318
970.8648170188718,273.96317278827735
928.1143628742833,311.2161573934262
1007.8346947046194,278.719665123034
995.0977897959939,347.7261165740158
957.3654843029013,281.30552432705184
947.4351253926556,298.5903964574357
924.0915855988252,337.4942137941442
937.587315209425,272.017454483775
957.2901936568487,266.72182375991
976.6520152995655,312.7565140801695
948.8197082702743,339.2353660815535
920.0851759209947,296.48795830434244
958.4615203207526,290.2479917217684
941.178538398497,297.1681302490332
949.7528846157826,335.9501283113638
936.5452437751823,354.51015455736047
970.3526047800883,320.2457876715987
1013.1752389602397,353.2127626173888
996.3039155607668,286.0904804126923
933.735591192899,297.3417504173696
941.8420010172657,348.40192947012065
988.4510574698427,284.11901492683734
972.7922250343993,325.8397102193548
1018.7741326292186,299.1092192673364
940.0943404888744,350.3477767329702
1021.8718235140021,307.75376939932454
951.6898422157349,350.5721410295666
1007.3137228204524,316.36332425389674
957.0487497455146,320.2775510062951
959.6262902547162,302.41040971202455
979.7722416701197,352.66757786831323
939.2337840555161,287.2601007127638
985.1001437264744,320.7558622606535
1029.0724735282756,296.51221821018237
1028.4915182366583,312.64246221450446
999.4848570080422,349.8358158894025
994.6788055127859,336.22500487761863
1034.3830646577678,335.72062508230806
964.6377514806778,297.0592314477107
963.6193263865265,380.9486165571041
996.3410499829411,374.13132675207305
1029.6392544039493,366.419289844724
1031.5610219226319,333.8004800332897
970.7443015871708,381.85507987084134
973.052047006807,305.5159221944265
1024.1365612379032,367.32743651146956
990.7902351209268,384.9479459197714
996.2621507759403,324.5291908423026
1018.4128193021803,330.1892027917895
1055.3952667982169,319.0854013444372
1021.6981891694952,308.9967095833238
1025.283641920653,339.19496088958493
991.307781365618,359.8204857251281
985.1702703415235,355.69017506885564
1021.8401203668559,310.97953302280047
994.8132439865012,318.34913765783836
1004.0567514101803,353.9772659608845
1061.6018788430729,370.9203000536504
992.3889621304836,347.80655125970605
982.5826505669592,299.1796394769635
1004.5381346297229,387.138005111618
1030.9294120898915,314.6414075595398
1012.1492693953732,316.8999481455372
1051.8897905400547,375.4267454332562
997.2673865439099,336.7318633641207
996.833971924051,325.91066553572557
1017.5291269090736,376.3447342834027
1039.3534102544997,319.67538319817885
1035.3140500971529,364.9470924113504
1095.1423764113,372.2832568744542
1086.1869710502733,377.5036300438738
1047.7011926317796,384.87132488937107
1061.5163779326963,358.08015092123475
1060.3868621046404,306.8588816095743
1052.5207976589572,346.5576637075511
1051.4938742261575,346.80687289279956
1065.4934355058135,328.0305387510879
1018.3535312352766,332.56872878207315
1097.9798986253584,323.5758339092968
1028.061983178345,359.86954207167935
1062.8053072438377,384.1123192927581
1010.3592761415226,381.2911071441936
1083.6650205228366,300.02874346864047
1099.8007029272508,330.0131472158441
1105.9525084976724,302.2965973868346
1111.8253158133045,309.23984127177357
1040.40999368503,344.3608721502129
1120.5139439191996,334.20553742714276
1047.407494646704,377.7866072989255
1083.940377888202,337.59296257514234
1103.671419625079,321.33105461437367
1062.44984797124,361.59854126924677
1093.6450110202286,365.6162806698508
1117.9712024400178,370.56017187267616
1121.2542575383757,370.1068700089429
1109.6665208288741,306.8147204087861
1038.853846711484,380.82257974910146
1118.5059636022675,337.68408878521876
1118.2831939367268,312.77929522751526
1083.3408933681767,370.09075579989957
1115.477889626049,302.2347141627302
1089.97903168817,323.0057264534008
1106.649307279137,379.2010738136888
1038.9663880466592,345.880432985516
1090.3278370292608,366.92610677910926
1118.6913018028367,361.7591433024146
1042.7932191694606,299.08953855750593
1098.2932490472801,347.07444199335123
1104.3450888637824,385.89661421058713
1117.6668226600818,380.4991937554014
1101.82835069872,300.06261039385026
1033.261689253709,385.49084909924534
1105.1602678916681,365.5267867307994
1075.071531490271,325.5640698266869
1101.876784206774,356.40987636011147
1077.9532790688447,297.28518822410274
1050.704977509744,362.17060434429396
1028.1785918853857,380.78187147687004
1050.2395645410745,323.76275666548895
1113.5773123302597,376.96715986357134
1083.7453894737944,377.28409872242753
1048.7298826279243,331.29579692707364
1061.6838884611768,381.95594481186754
1103.0031863039899,342.25620704101283
1027.9827308669626,339.41437418112946
1039.0024426477335,351.7818474414528
1102.6676304923521,386.8661592100922
1033.323700713049,381.31918971487704
1100.3120649997857,367.09453309918797
1055.8028020136528,324.0728478307211
1052.8981731275203,391.4749196456888
1029.789496700286,339.1536057225043
1069.272898876846,392.508684622658
1107.3443888421548,311.91648567707364
1079.323820016815,364.84430496605773
1044.478897692588,414.39293408177326
1033.2544000507542,397.4165802760166
1095.2619305099977,381.7502676449731
1109.413323659169,417.1050536775201
1031.8273177531112,427.433072192674
1088.8252746976998,392.13938771381333
1051.165106572704,406.3534415391235
1088.975757937907,419.80705973467013
1094.3515595088772,387.73463968231977
1022.8016727047012,357.47115287434326
1081.4935002263949,406.33208184386194
1096.2511557283299,344.4367558236019
1044.2045008888967,420.48964300147315
1072.693248612565,424.01192428123295
1100.8259792833146,397.72745276999717
1076.4727010661559,418.0073756529745
1052.5173464023817,424.61826536684123
1064.7696572769973,473.6684314425254
1085.7205418292099,399.67630524336244
1073.318733457502,392.9744006870368
1062.9294122710264,429.38021339057894
1069.5493739568258,421.37595380063766
1043.1109472128262,458.03966397051215
1023.9951741549379,423.59327056727784
1060.0277311300592,430.1027951846282
1099.802191325346,412.2846249160962
1028.753857966852,385.987676228203
1017.7938688095064,461.015893687597
1068.9574463761664,403.871636614575
1084.5592572102482,440.47802599372676
1091.7357631565205,404.60255960978543
1022.1533558538022,469.35758895286835
1054.6477523303352,400.92593491991175
1066.8948498253137,469.49911654174
1045.6513106001082,480.99517487392905
1066.0640490597316,446.9251252075828
1090.4037343150849,504.6598170061897
1048.9838847249555,438.51585119802746
1055.0326866092107,459.1144926301181
1090.4378298456054,449.6883490640229
1066.0440635928087,458.1717252603843
1059.2532823519748,446.10529113419824
1070.1407096859837,501.71818857381487
1028.5914454710116,503.49757933347587
1055.3072963621705,448.4581408309758
1061.091416428054,432.7558281921896
1034.4250247811924,495.5783239335609
1017.5231905001435,489.24051990746835
1022.6823411856861,430.5685290609614
1094.4833093674656,473.72769303292716
1054.8339643398851,516.8984628208616
1087.779227991458,485.0206129212658
1034.1032574145704,464.5168798591539
1049.7742100515577,465.05781505668585
1113.5323146429052,507.64322031335706
1084.6246278260548,483.45470835236114
1075.842227973682,518.5694519727045
1071.7256676847726,539.9490559469126
1059.0359554183121,526.4678283107886
1100.6205410979194,467.97391621733397
1104.8943184139332,531.8699463152584
1079.2842225127802,527.4040712766788
1093.956322239165,545.8518759919277
1030.065257154631,539.4618631630983
1072.3068208365437,530.7590636407662
1115.4278133593814,475.508822385992
1037.1450661548695,514.9956469201971
1048.6296286009297,543.7550168553911
1084.7332647899734,500.1768961470781
1117.0841649769327,506.6247087838226
1095.7806282867455,563.1671321253663
1109.6922088933993,569.8446122656943
1088.352742902879,517.9437294085013
1062.1017139196044,512.8536969157295
1066.0712561878383,569.5955288452496
1037.8899192090832,494.1843463981586
1084.5322332561077,491.1962640998538
1061.7066801189737,506.5401684949708
1078.1246319528432,559.3726294262531
1112.148087397676,550.9926411950369
1080.5226063660316,535.0410286400877
1046.7760412342336,507.48521895189526
1040.214422785716,518.3415211398889
1046.916299499899,575.2739719699088
1106.8326865941658,520.6131691139409
1091.6526211891962,563.450178750347
1118.8646398645026,568.3267206783022
1097.9873250039345,556.2972752703896
1074.6967804957699,538.9040168317601
1098.4236078825475,583.9908685472163
1062.0823327683092,580.0837884954402
1084.8783798242562,529.8775140238911
1086.7756705662052,600.3287061081323
1048.7972528889775,539.461418134273
1086.4455853267748,535.0495298672993
1058.685240041186,575.037063708391
1037.5396834090425,564.2801707774231
1046.7963132602401,602.1942382688219
1108.5894704883515,527.3275853581517
1124.563829692369,591.590412887047
1116.9407989274696,566.0010982648499
1097.7674143164743,541.0798608714399
1072.4576523128653,588.9533204689463
1041.0042781140023,584.471539573606
1058.8949052215842,583.8513748288581
1101.9895635784633,589.9079018830388
1118.376104606924,547.3122597069247
1038.0800568311784,560.6288266083469
1055.3669285321414,610.9061811666357
1080.6903693450984,542.0710920593614
1083.5632252519272,557.8239628025068
1046.372968843541,580.6423472483532
1083.2130246095692,560.3551137473587
1030.5661021298752,619.2377412244532
1070.7916330114965,625.1436121801032
1095.1587535909555,600.7041791173518
1112.6896746013288,589.7268984391998
1062.7576773199282,576.8679904728814
1048.489551340927,601.033809514911
1035.4578361409071,612.8001157762791
1074.1773496214237,573.161347581093
1101.9376153085614,641.137953856675
1090.3980485306326,639.4846522207358
1019.4021524139481,575.2336825007451
1051.944156014563,612.8214364503181
1033.7019140346601,648.3250564747284
1034.4734708283804,637.4518709109656
1043.1100705629706,613.3003455820264
1018.1266743752059,617.5884869646596
1070.581218185962,608.7736540138774
1025.2450045187052,568.2507043650621
1085.5627426785702,616.8091680128626
1081.099417931502,642.6555074704563
1046.109950036236,617.6920951621553
1080.6465111822233,618.1948331585133
1050.8115911070659,597.9651427951934
1027.0263614632192,638.6258625386338
1058.736997757627,617.3697084924386
1016.6610069185551,576.9453212782956
1012.1655599780486,620.1700338794113
1059.5838103458939,626.8435800229938
996.1777977778031,643.5075593613919
1006.3638399289304,631.8480038820663
986.6025968421458,617.6893079698863
1068.8066411337604,633.034290982524
1005.3409322050843,629.9146375154936
992.7507421826053,663.6873576293083
1047.574093401961,609.985174998992
1057.7406045808996,627.3792825941338
979.5358443460769,612.9928294512556
1045.035301926493,658.4797187358676
1062.1467034761438,596.1723815180034
1014.3942270248886,617.1854651040433
1008.9763452299967,600.6919147786184
1026.0950988478285,614.8713566549975
950.8959490505367,604.9028708284667
1013.4044033299162,636.8497094017896
1002.8291205474486,632.5145432129405
1027.417473291102,589.1064962594852
998.3330801757046,598.3190357846443
946.168379443494,583.9060176190484
956.7619861802201,571.4255664240145
950.1967559375958,625.4957036470947
977.2637067476435,570.0779256011554
973.0201386071398,641.1863624319113
1021.9673597439671,589.929378099237
996.4782848514402,608.047824442967
980.8699371639049,611.6954761441557
961.3908893700528,652.6779436382952
981.5507509311395,532.7044767828074
938.0568491604683,571.6383469261381
960.2478577290506,618.1055898873369
906.4615814714266,553.0067595503201
983.8439682226057,536.4694438842253
906.2590755181593,567.3229483771746
936.2434418455558,588.7468085944369
951.1407455654598,614.8455942490377
949.4077767180453,596.4139516526619
930.689734084284,616.3487822838074
935.8673224385196,559.6392356868837
934.767779327374,582.6256520549756
944.2008476466517,546.014798919182
969.7616058205122,584.1792273711176
943.0705800714356,569.2281592917868
956.1170703053466,556.574844284722
974.224680268901,537.3695924807332
942.0401830216572,521.4104374396807
878.8646379402634,533.8438354444911
899.7196668778031,539.2180527538744
939.0228323577237,533.014047582154
937.3392931363308,503.2666355538038
894.0708069157488,510.8637761769181
914.5519465403331,564.042906743862
897.9077593265291,550.6818765239565
866.7446229072389,478.92002537655736
902.9156829477026,506.07592527988186
954.8978327250048,518.1196635210396
880.8182245305157,532.2122007912956
937.8037243924559,503.1572473863952
904.7553320386102,518.5437316226579
914.0980850795992,476.46328891471177
887.5522504216535,548.8653807805268
913.9309414061396,494.7706052798409
884.6764566684593,440.325086203744
903.8902880677338,451.79496789257814
886.0013256103532,508.78458737469805
950.0437543268617,474.16449573671485
918.952858715612,486.55562843473405
893.1953831867972,451.1206172146202
951.0935230240607,491.51612333292735
943.9787493419113,496.4029266750869
917.9960743296297,452.5887405715916
908.9388461453749,494.79619902193525
878.7354155865162,468.87369404388716
870.507493471996,466.17699064596223
898.75375550104,529.9317677657708
947.8812504914783,444.79693708529976
899.2265819712878,448.86464675264995
924.4598667469137,490.15099844284487
951.2956594306048,509.1094188650594
897.7174482465192,477.613645408005
915.9625623715273,430.6827031272566
889.2493408506374,461.1051991292176
969.3511678928562,436.4587658791835
949.2821918421774,433.9310183238137
959.4293568662222,438.48716577260365
934.5487954693348,422.96730509382337
958.4595064691364,439.27972610603604
903.0248185357714,437.10949670126354
975.5669993044678,471.9205240130135
890.8617275352153,445.4878099653057
923.6448650831247,480.79005054609905
968.6648714719939,425.7869187829301
943.6257397920822,440.30363673427945
962.8452914461086,506.08449200308644
969.4438295100989,443.46293371902425
952.491510143117,465.6854959372629
960.8588404302436,429.42212065427617
908.5533381098495,480.5073979024403
913.7369476189959,417.0171633963449
896.7012126058873,441.1292578062751
981.1189412694063,403.9414345014217
958.3595516481564,487.7887574382152
897.9503783148198,401.89737267750945
979.5834495478903,450.50836821906125
960.6239965969073,423.9112992701048
928.3606745168989,441.478897402955
922.0145689489747,423.7490383406572
921.5632391031689,451.36704101493
900.063163697609,442.11351990844355
926.6155313399823,426.12494522155845
926.0214528583148,435.2031788472809
908.0194441388753,418.4399215532651
915.461700755684,401.0428173651388
901.0318531170689,418.77450709057587
963.7981848335988,458.59462859569953
956.5548257196485,396.14257211257484
902.0822767505219,444.10757071507675
945.5844631312235,467.9772294131777
957.4664011553381,390.11033991201157
901.5228462620786,416.7206168045193
960.0743116931043,414.17828008092823
936.8006512061929,395.2320961007197
949.5337449441871,445.00585610892307
953.9142241432517,413.1103968992981
895.0075745766042,426.1782014974814
940.9285184566819,399.27512720618404
906.7052739710485,415.99121644592
974.098868091688,427.2254014561261
965.7645034799814,413.0224245749366
925.2408888607549,429.7030994479749
900.4990334244261,424.78191671510587
932.4884908799706,387.8792068409001
960.6098795741237,420.4595055108529
974.6843232698717,440.90011088018696
959.0063224626418,444.00453995979274
919.37064732941,432.40405933497925
895.2416610636284,417.0396008596125
896.2035274932424,374.2572730487382
983.9235964705457,410.64259630334556
948.2225324587815,405.91252891998863
917.9203659957576,384.3444719062648
976.763216928351,386.78599081934
956.9285906026134,449.4480608834213
917.2530974526511,368.3100713163228
955.804740882613,432.18403763042045
934.2554109919279,410.4550506795404
946.616768484727,430.6668512223728
933.0317792817411,383.1825284310252
905.9276890345163,384.1293054136296
944.6420384558973,399.4691013473371
880.4016752968963,351.81587003387426
919.0865503930053,363.5263142659325
944.4681597799914,415.8197634071601
933.1806264576123,350.18983671088574
930.9557836683945,357.5744180495673
905.7389562863177,421.1299147905071
941.3674376915839,404.6365424714869
953.588037150275,345.24459237271736
938.1650340104479,413.5736095531021
967.7978728931394,386.5110013406442
892.3478634604137,374.7481089288549
892.785299199761,394.54105241947354
937.2839363855551,371.9716874956832
884.2690095727759,360.7480692454071
851.693166280302,344.90628996329616
910.8860647456859,317.5551440047422
846.1480404313508,312.51792060463333
837.3115919543727,341.9293339896626
880.0257363081222,325.157003318202
892.2901228286453,392.9544232747737
902.7777153815128,374.26596571503626
846.0799997050068,317.9464462775237
837.9758280077795,395.24089561779283
880.4736204980999,378.7773170004717
869.6947652543129,363.50345860955366
875.5938828256396,354.79748166384485
896.1654569746082,356.63054585082335
906.0515343541923,326.2252105135654
888.5747826236717,369.40112853250565
922.9837859391833,346.3962465780589
919.9863365597657,315.8664116360782
845.1673655558052,363.7957325914615
855.2406370271826,341.48192404461645
840.7802532015501,320.43860040773586
860.7888776578637,357.6493123617604
857.7759430353583,338.0859514756477
854.791763877578,385.52295732040477
861.8460453524796,314.67688260652733
822.2401637000156,339.5549043581959
861.0792476844723,364.5214769856477
841.9520712992557,306.4340600566558
832.4524821202002,336.4860698678178
836.8226690736558,310.3968261157367
884.8844390110702,362.7380906237343
862.284268363025,382.4960035717605
860.5550725000936,336.41503051387934
832.5599754470563,354.93659774440505
854.4767855274838,361.6503925649428
901.7775566915259,305.07071424799545
837.8128822708628,304.7955812508735
837.5506508425997,349.35181176285823
899.4136573512124,338.6482082709127
885.0520391814019,355.5194409825828
879.3115543187059,307.7085579103465
830.0221423281012,370.3139367272446
828.5205359590165,355.99553194239434
847.8917494805899,356.1440754789079
829.863228019773,376.3976988460452
869.9991699815097,346.3114508715257
894.8416484410571,344.51686540319116
841.8872301081456,312.4812051247119
868.5978235937002,313.4645750912448
855.1243119071802,363.8090445142487
903.0711987323607,351.55364759533893
822.4221664684569,362.1406529714149
835.5337128129133,314.4662343376507
904.5462226051345,344.5279294367996
860.2879042474586,307.5846641340263
822.9697022670337,277.3725888214858
869.1762618819173,301.12153234497254
898.9801922476811,341.75359184923394
875.728786501647,326.15147680425406
873.0301466255272,297.75565586486056
894.3391064716711,310.6913562616272
863.8871737327382,316.36416738510746
874.7950171395695,271.6365275611958
847.4807794790081,271.4555642512182
826.673656499814,333.6892549684704
859.4627314975736,334.1122393596095
877.417906494887,286.04976045294245
878.7458201953599,354.66861682866454
889.7775139691826,287.60518175940786
843.7034716908432,299.1973827548136
836.809296854968,267.43841274496987
825.7841014283624,264.1799113560295
874.5310924461876,277.4734981009855
829.9965263138114,320.6902820331206
820.2646674949729,276.14905815688456
885.7460548579215,339.70935563938014
856.1441500693883,270.2466884267064
903.0704283054032,284.32377344656015
838.9182409241622,313.0355253858266
819.4887031890094,292.18183399565976
878.321425209691,269.12632096449084
846.4175100730083,309.8528434297586
897.2455425092728,286.7214077559645
883.5240169456384,334.34892342494646
892.7817749477763,316.4602386794848
859.4062280443727,285.8006106273541
875.8802441192452,267.3237270595149
877.4110676680433,295.1378873663573
867.5407969156853,325.60195498741444
836.5689754866104,326.11411646217596
861.5576819793037,311.0183466742119
888.5836698506541,241.74609700879378
824.4294335089729,314.0696410555004
874.1994949949489,318.7243210468026
828.5598601836598,298.12306549163867
825.1077834635239,243.25156392414678
871.2813747811844,288.0155781162572
867.9948865688115,287.19647917446144
873.1484734502832,237.80527812731546
896.9253500439656,257.5527498785209
883.1930038847654,319.5904737860801
884.8101051599456,266.16333125026
834.6863936247389,272.85846622210784
822.8867293293494,268.52946014656777
848.1115761637324,237.93366112693604
873.0306115346816,233.37659226910876
801.4196508206883,282.78639299317143
856.5911894932398,230.1839909169092
858.1784229701802,286.8886015539968
816.3816098987465,258.8768422395076
845.1485113906767,255.17674750007646
861.6669880001608,306.06144300403264
839.5689990139363,244.12009862371062
878.3895059994788,299.7595688746826
845.8393855591122,283.54654762209606
830.3452415166895,293.5715997702268
801.6153708607455,287.1170853944773
818.0951705996192,291.4901752215792
881.0759999652271,273.17562465215957
805.5977419016702,225.65166389693871
876.3278535262053,246.70529434872944
844.708301967793,289.5351957169616
845.8383130366763,216.8815980643552
841.9845742438332,297.2031254477511
871.5054004915617,267.0853822318203
804.2914615068757,241.94947444766296
870.9981797162109,258.13869739640165
804.8436597431482,274.1508577078862
873.1720310988821,251.50872671012615
809.9970218630957,275.3198032491168
879.7330093882615,222.74563473885055
830.4488411603264,284.11109571873743
845.4014677458835,287.3817821952933
810.3608931389415,230.06961222784318
860.4826654227036,251.57730560123983
809.8253734575187,231.51152915481617
854.7737587020509,264.20583507014544
879.2945355939086,256.1495439004071
807.5287953084012,244.77159615484032
840.7096272602604,255.27297594270993
826.1132582666107,284.21386209257014
834.5476488987695,243.912712080428
824.6601499442874,295.61769340056713
825.4474691653116,276.7656374500012
808.8536517676404,311.02220941018993
792.8881368661786,276.88330310348874
862.257503692417,283.797300316068
813.8028455036454,255.79104089266534
874.9514514925094,298.6756111964038
874.8539304910818,294.34539956898135
801.5009114361982,245.68587956717707
845.860345023567,248.99449556251815
878.8506276655146,315.27325668809306
803.7301497649191,286.0327299869921
870.8427842835818,352.93338517169934
861.4129990936419,352.995606737165
864.7782222034484,377.78908498598736
832.7070932598132,333.9529940092831
818.2468135372386,296.2471627699518
847.9914012363517,343.0014159048109
840.2050653630782,349.19009263659893
854.4887589170129,314.91163587772473
874.0229186317512,345.98830811037766
854.5033162167952,375.2551355256454
871.6960303633357,367.6757283533394
848.4434576756714,345.8786295782993
833.8304388260216,364.3593537027525
821.4916789135582,365.41530319265485
814.9394975190243,325.04315956028614
799.225698483358,345.3375971293918
812.7704965031801,355.7338348360496
861.0995240733849,407.4812091186425
896.0544561956973,433.5956822835624
915.8758365597621,354.66428999073094
843.8946143905456,428.39939291662154
861.5706291416211,438.5349265163361
909.0333465809656,436.33454843183017
878.6730770915765,415.4941182736828
897.7607578983782,361.1267043519816
860.2300367435653,354.6508377517093
853.5365782726645,402.2913740620937
886.6082899335048,355.845424264671
883.303540308773,381.80984174293866
878.1868042389247,362.70099718035925
907.6462959982332,379.2864325559373
850.8827823649754,430.09090765121255
869.7119473217227,441.2078098564106
829.2198261661192,375.2183172237113
911.5008970249522,386.4097398312625
935.0647769303619,454.61360818539606
913.7385364146207,435.6740572010941
893.078114325409,464.25677085739085
911.6359926549577,458.9403936698506
930.7877489183528,426.3823867279328
874.4448857024611,419.5095442565949
950.0505740744225,469.33137397494033
870.5439466346118,437.3593927827572
893.3790005288841,437.27374932412675
940.1032986804624,438.6537020280436
870.1221252379295,401.5841729828572
949.9070662103853,470.09071943501704
934.192828304933,424.9126283406848
922.5357847252149,432.8051132971276
866.0015636444537,402.67307942185704
927.8214931978088,436.4775587839922
926.8820446250716,494.9745412525536
900.3477046428914,485.621362008439
945.1805296987491,480.6259783184278
877.5688360389237,465.6420550327962
919.7054351808666,423.03126575861114
898.4336901482855,439.00568734255506
903.561949831508,435.4492933982772
937.741547293735,488.97944514535527
876.9699453420818,469.75638137870277
875.6133538170545,462.15505693364884
948.6985622173386,423.4826334692744
920.0543345524914,454.4560299208352
931.5412522498541,476.79305684986224
958.988550169036,466.06275588540075
933.2500214263874,441.70270083861124
897.8726656063925,426.6329139918402
881.1258820465782,452.4540666790317
945.127532121833,463.79402655868876
905.591087839598,466.1225082296399
876.5888428343736,500.4630559727975
868.2308284171961,455.3748108011025
954.111306553509,502.67723285156745
894.4126828901879,499.0919171873667
952.4964153445538,472.60608978306965
931.7792647856505,451.5691734504618
935.9178405536262,495.10416963041956
910.9905523537013,451.2299300336073
922.105034289072,457.35409983675396
907.8472674701384,440.9337954153312
868.4136843667301,456.9291910377454
919.1575825763922,485.79948970126736
942.0323093810657,446.3866310009092
930.5150376609679,503.3525710860074
887.5496520085135,514.674228499857
886.418688916936,487.06523422911437
921.4165864083554,487.54840065404477
930.7618476684769,526.0128713430695
897.4553225981118,506.31264165323836
895.0219989931156,482.7289178786586
852.3132542556098,516.2873514888814
921.2320486798876,523.6446501628824
884.2082540553358,506.46608446804265
897.0690542429679,548.2869771211012
881.2069928634077,526.5741341400654
901.6525680628396,551.4458000457055
899.7957988454987,472.34950216534435
874.9284865674887,489.8238802438338
843.8092161284288,526.6298448199753
850.9027483040808,506.5678466175396
845.6134351045441,503.05369146276644
904.4856794933374,544.0320977592223
822.3313910746599,577.8062347204766
874.1196281229115,545.930097640885
830.2434854506081,549.3053808049985
842.8951980871026,552.1545522693315
871.5629443414055,576.2074071337139
878.8034150537966,504.13524260704503
891.8639693589522,578.5161255947312
890.8595770008783,503.608763136467
874.820258178782,562.9427989247661
881.3636566124198,510.0382803647233
901.1530245521606,539.9840856405183
890.4985705488555,572.6442128569864
831.1792509496958,512.3675566750372
903.3190551005039,528.1071159852183
851.0351512076801,519.0270508001387
841.9036389352887,569.7994003995698
895.1873252971537,569.7577086717286
882.3027258329874,587.4944446100918
891.8587316639278,584.8900645192798
907.3475735386276,524.5455625283911
903.6276184992805,536.3279328575633
823.2514422505906,567.067538864255
861.1088245186036,514.0422009083643
874.8903335877827,533.7484219117532
886.3433221842827,529.9077815303365
848.2752996554146,592.0684264584228
826.7527632420467,585.9278901641146
868.8338655521052,556.2542516702555
824.2689720686486,583.498858271712
853.2136762591169,583.2444311581269
832.8090657981313,572.6808951241586
845.3530492498329,580.1855710691152
884.219861001294,528.3643710115491
822.1180791654824,559.6686085540548
883.9021552911602,559.7749707890962
853.2361708517515,623.9710322806496
872.5916218184022,594.6674480044023
905.8573370163572,568.1541580199463
857.4386385243803,563.5760277684149
841.8708348474366,566.9434455784947
874.8669870506328,609.041740640636
837.9344787800829,624.3604545211886
872.0766209256406,608.7038427586403
845.5677645641102,599.5879387919417
837.7986017280797,581.7935890266231
900.6707210460033,587.4441850559467
899.344062883901,558.4534409221671
841.9756930685407,544.8881431927008
920.5722022265378,594.0263601575384
844.5216590382646,561.7622997185415
876.2089665815237,587.2828074913178
928.2197950870818,624.3689246893365
879.2049084832531,618.4190524506638
883.354973423392,590.1146620528756
933.5514982116545,577.1784579058335
902.803207967912,572.6760299815062
951.3115577926316,630.5146611009669
881.8182209355977,629.4334041968061
903.0544831575593,563.7597351228053
899.7450670639627,605.2593301058841
867.0124520623225,639.7158455613605
947.5777438037161,599.8966122594609
936.9449460492574,618.5810610924664
909.645863065939,564.8304086171484
890.6565029111562,603.172299300429
906.2071773124611,615.9010052213845
881.2291590245725,628.3697792296825
945.0276850566788,605.1260115201345
926.4582088636258,624.7508706034172
926.2961686134016,653.6358195559375
977.4257700796308,590.6732199284636
925.4556173307063,641.1101637485854
972.5492585100844,617.1216307310817
945.2593747813784,664.027993317309
977.6147733925095,593.2942443829833
985.2321116974347,671.2798957227546
930.5556575610497,647.5884126165946
901.7166208013484,633.6987080568383
914.6800457455969,596.7826941604736
935.7609069368232,598.7578473546669
951.0757829519948,660.4731947833582
916.405252406894,670.0886798680431
929.3843442934589,633.8962895577043
951.6104567755464,582.8837928299162
908.0932060703965,621.8436758870439
998.476397683537,608.5518775597609
1011.0240825755711,626.4778997993526
944.3383364770149,606.6839354671199
961.3095709937038,678.4471313146686
985.882155433494,607.7025490862854
968.8714600360315,599.5128203323457
931.7472589965789,656.1003427709088
941.127002743979,640.439274923405
990.9767902641893,634.0423704744052
955.2668370478038,631.350937202802
966.6627413871149,642.8939806251179
935.111103001816,669.0090346418059
930.0723310411257,625.9260792403464
981.8437791430823,675.5130865118833
1013.4003809397658,649.5339058606296
994.4198577227861,665.4528547088216
991.3324642886104,687.758883733818
978.9748175542235,614.2381383242575
957.1962275409121,669.1020980156419
1004.3240842919624,612.6572697765603
1015.2284709602649,641.5987976074844
986.9550420182037,667.849114047258
1013.7407329615411,649.4203952297065
1020.7954214633188,651.2889039748485
965.2572396322436,647.1265012372679
1013.230353110835,614.1872236089383
956.2783860598644,664.0685875882982
959.4174688391449,623.6553623865053
986.7740689294678,632.9686879031314
962.8002931820168,693.391690083535
948.6996175366604,607.3316219334996
991.4982444910636,636.6934119231985
952.9179151882003,624.6801364633468
944.6095704264102,693.2095463614929
1021.795872958359,625.128101293507
998.7233154292663,650.2748794439789
1016.8201888023466,607.5029093989375
977.7341083448174,614.6408405468873
956.7316497805167,658.1805174297583
1011.4660564797454,650.3635804679533
997.2934612938483,590.0594174588504
1018.2443674064618,616.5824406413166
1001.0372337882292,655.5487343437896
953.4167310468747,596.9033902104559
974.9003494517522,657.6015078558098
955.4757046186412,652.3001110224835
1026.70209565931,676.691731190184
1038.9714771946506,652.9830507996363
980.3640237378835,617.1904364204457
988.4291031545815,627.0528604766674
978.9915094834162,596.3517178376475
1011.4720204677724,549.970922995745
994.0756697714933,613.4273693606016
1043.7318321568678,542.0456739139103
1000.1475236852975,591.7980071173145
998.8679373401053,601.2170189267549
985.4815986267307,607.3526549118259
1047.352661278106,604.4072071675358
1041.5737822337499,592.8665535090332
996.7993019918442,611.2568556595331
968.7183598283194,556.3977632662151
965.3712169043931,607.4230919329541
968.0885140611575,591.776174703116
1021.3289904953355,572.3145728570794
1036.433144932969,552.2078759180205
1017.554136888783,593.7795364467933
1000.1381962350658,600.9057298351759
968.5101931192838,534.5902464048064
1010.6510305137103,535.1320405519482
978.3318920165343,538.5444704407528
949.8175123736878,484.9060219488133
954.2526879872971,536.2578042835556
1021.2687391865073,465.01718892216894
993.7213708138428,542.1168339479823
997.7128482327521,484.95884868219406
972.9732945919019,531.6785295107852
992.4408218035775,532.160626652533
988.8038628685825,470.63637330075653
977.7274444409588,459.33815467420084
1003.7559692019292,472.36151458733605
1017.1160923830595,481.0962055261533
990.6729826018327,526.7489383029481
1014.0881854013596,497.682456595534
952.9897900842303,512.4198310771513
1031.625189551644,472.66961936314186
928.4164118060702,465.2108368045202
954.3529953402051,429.5198397479931
957.3547278783576,428.4703048504803
975.3606992410852,424.5801869070049
992.1779457401005,421.2577308077651
925.4567682715174,414.13355620303525
921.0662694053101,399.75867190859765
987.2771281950207,455.55483535603787
1003.8976832373247,400.4785060397853
917.0513548222963,460.5180731234307
967.4271844150097,483.31012396453957
930.242475064316,470.51637659540324
997.3008527502137,404.93923111861045
934.0117033404675,408.6341685881563
963.3443763175851,418.71733513300694
985.8736440767256,408.3951847149897
934.4822762054984,431.25239162545876
988.2079720847053,390.0637324252568
990.1793091681049,376.86852507396617
911.3307258632635,427.518318722169
927.7732768657391,456.31371005905976
968.7889982362486,420.0650570074988
918.7829389529257,383.2477513579758
959.2034726694301,422.6337206984361
956.1683773537366,424.27909450407947
917.1255928866169,452.4269956597773
904.6360885353525,454.93024067289383
924.3199538272978,433.6566007202304
947.9718181144854,387.84480547650963
927.0364506934669,442.1865898891687
962.5660419434327,414.0979205409428
915.6305839308045,455.9410230508339
980.3419374761842,451.0302667365554
978.1467706355231,400.303115912388
934.9755991145204,383.1703621191012
919.9955622837331,355.81819011211553
989.7719899543542,416.1501470561036
974.3843738095709,365.753930665577
971.1796735058956,422.9348636100954
906.1912705645981,414.09454737590306
961.619611384153,403.43202383833574
941.4454192661946,413.9607248928164
909.8294494941586,349.2104301273098
935.16313239176,355.1595682850047
975.1373604933319,401.6956121265084
976.1866756705099,351.40408644374696
986.256189949324,380.5212773521122
926.2495769481746,407.7091745280458
904.6670221226843,414.8987102883847
923.8136328296602,371.87344716160965
909.6442488517359,374.67290135492806
952.6622825242397,405.95577998756113
903.6276691557371,361.92853833427176
928.3097759577337,404.4823171881322
913.2829408849071,406.8522087775834
977.6530523901724,327.9057200769621
901.718038358649,370.1600407343779
985.621315124657,329.8652916989554
931.9041345054222,390.6277335255812
966.4018581921206,380.67628555099316
952.4262396853358,342.39086975872664
912.5972485795629,407.384706945881
928.7578790399322,360.90695764704316
986.7552753665171,388.96943813868427
921.3655304355186,412.96809116494876
923.1416421616308,383.5000366190246
905.4729471330099,326.8107170259027
943.343253734632,383.16743725572707
983.840183903653,335.6121176664203
897.738450004708,365.84519935493427
973.4096717299409,374.19744304676243
931.9076963006837,361.4784276217629
982.1852642857968,359.7941296860223
979.8699908131225,371.680335282573
951.9472319885975,298.4793370676605
931.478874156906,330.82820785701836
918.6695724601122,370.01830182048616
956.2540839692384,326.517361699276
974.9395171084425,341.6950430129364
927.5493515949584,324.0477570647726
965.2537930751266,358.92982505239826
924.4050387183706,311.1249617570995
928.367452379752,343.71954258609617
977.6221083056282,374.53139757935963
924.9600812384531,377.9763293997787
976.9822196627348,334.05929539632587
960.5614058380021,333.87072990800755
977.8374477987923,300.45311221436657
955.7864596226698,333.62094021148954
914.2223252229213,320.5580722827745
980.795223170503,362.36128173906985
988.9431182923344,360.3022018960576
927.0644754686975,301.99742779544965
960.95326952114,358.9500611359947
993.2391096946103,369.1652941044201
981.038529734068,343.2248331711396
992.1728758849865,346.60034101454914
974.9488546430333,349.25841696378234
912.4669118723216,357.5566026507358
959.4962936261988,333.9987291139589
926.1869144452373,317.4981666834331
958.4486735708795,293.50093732276173
926.0385036561347,298.4816124610913
945.9954420980431,301.7323593234064
931.3872673981627,318.5383067547456
969.0962811984928,289.7087989702295
956.636565322448,330.99870573984305
919.3277716029103,305.66323063002085
938.7870206721034,307.9613388944718
997.6600119701205,305.5369220820056
977.1924997573615,279.824722993298
961.1644463960449,315.2829878628098
1004.7678309219955,332.33941898069924
977.5776354548714,319.7851165168561
982.4496500667981,332.27371290200887
974.0727135680618,303.522960056278
953.5178368096097,345.28594648769456
984.8031769767467,293.3824832911886
989.9530597363613,296.5040954922196
982.0499372448476,340.7132969452318
954.4115595775289,314.4300294598278
978.462161888082,304.538483663828
999.3429794002287,281.8185357496183
931.8554755103232,337.93591586111273
941.325814240976,364.83604132830953
971.198228786193,319.6783603624077
1002.9601456557592,310.25656679658374
944.1603885106676,289.5197105957186
925.552520063744,360.1086250461612
967.9051136819032,343.63551779679705
991.2680236501036,361.20056908914216
980.7397754942642,305.8619300450182
950.8406239176146,306.28404166935337
992.356644990848,340.8274590169785
972.6838399815656,338.85961568593933
961.2258085492844,288.8668648099061
967.406919989763,361.66912986274065
964.4489875212533,308.7286271591089
968.1595366869046,321.3446050235114
993.851776591268,367.93594099066615
1028.6721564146028,355.03903184910484
971.3060585943712,318.32126980601413
978.2673690742423,308.88941674187987
995.123863816919,307.1666725010998
1002.8173735733307,377.5684318409449
972.124600919525,335.9316823573773
995.9096762125848,362.88129278713325
968.5399719493724,331.55623204618144
1017.8130017050778,345.5629408591239
979.0594559966706,374.7344044666252
982.5162672046087,325.0969200767762
1019.8031511559448,309.52049305873385
997.3557372297524,362.96971790799756
1020.2956620388316,333.68012197828637
1017.6927471530596,393.9678169639424
1002.2135876611457,356.7548400315601
1010.3570023123913,404.62276764558794
954.0251595556149,370.1148285408704
992.147713400699,401.7364263654399
970.0729797049077,400.8468732375435
1024.6624287107788,340.0541174338217
1005.1618063973424,418.81187159742353
988.2555237813211,381.3627937885191
1031.9253135893894,376.393070004724
1041.1911509068093,357.2410781996803
995.931460202146,419.0464714778473
985.4964336539916,386.0226631287153
1039.3201456518568,364.66641066098197
989.4810884682952,389.1768363951941
961.8584821707962,393.5580341853057
975.9494904126722,400.21274934106276
983.1614365507706,391.6829644863594
995.4568143617331,459.7010897443742
1025.9543709588452,390.6054796677057
970.7894498936948,439.5717645719247
962.560791604873,406.84399159399055
983.9367517610239,430.17048976737647
977.7562612691769,455.40560654263675
966.5736948376064,413.859163689451
1038.787635396544,438.09094808402943
1007.5525419787365,461.7228718710168
1001.4698265688944,437.8614067468603
965.3324972321567,450.482066233488
985.6603229237662,432.89953520617314
1025.7495751496654,413.6259810167594
977.7769472548345,427.2121941318221
1011.2970503309386,440.6963435277718
984.0349315320161,469.59728463528717
1025.3124334119038,494.0472426953754
1013.0601577473096,493.5160126644987
1016.8186301057156,456.37119548708824
971.8205642029848,465.25088665494906
960.3271378106117,467.09293221525735
966.6520412577074,464.5630230042065
943.5924509242678,452.66513739284227
990.2762762487762,457.9174884694945
952.3549151645309,524.5685835272274
965.4735210059565,449.42470713461165
1017.1999506984181,521.6095865617854
976.1178724899758,511.21018618452626
980.9308546860775,471.3586991612812
964.9702710116843,476.55845636089003
1008.7038147567612,515.435164988844
985.6939605369063,503.54395612331626
993.0134665783689,493.328037573256
983.7680388863055,536.1643129609381
990.4552209342427,511.9857875293152
955.5655405018771,512.2595739240988
932.454597247389,554.203233947784
959.7659390160954,537.1776139303572
997.9869937095548,546.8391611591264
995.4095268709318,493.3074145951536
984.3443649616411,510.7788360202407
931.9275591133753,552.5508980792458
1018.6127169280171,562.2446132650298
942.4751225692678,545.7450925198335
932.5594148920009,570.9000579072159
957.0310591537935,538.3625066956421
954.9980936192305,523.7150524490642
933.2024817488308,544.5263905462688
961.4367600608854,543.1674892857783
1010.532310264367,563.5827890785215
1014.2095343163481,550.2755106885945
935.3899282245269,553.2996156029587
979.0125716915666,515.0560156354749
973.3664090231977,514.3727152384363
1002.5803394409862,567.7621904985095
937.9850939988407,566.843732665276
946.9077410966711,532.6966183391055
955.9738925925276,555.2053474704159
955.4804429248558,515.2323697849056
934.790183272987,538.1065539123035
976.7057449605876,512.6074853553974
954.6556164656301,558.7943688168168
938.0674910931667,567.7599878987835
985.2437506122761,542.7782620597021
1003.2625637188847,551.8995932969751
986.8399663135466,559.3373592757159
974.3145166733374,506.3828194558919
950.1238267877866,498.28399768511395
1001.506406624646,476.7482609571497
981.01804494149,451.351238702059
966.2252679897288,488.829305858451
991.5762398376943,474.1138739710997
1021.760733485109,463.3032017226485
959.8208522416529,469.9038933458736
1016.868986671543,496.3509286428656
985.6836883965167,521.7578536179958
1017.2352983641556,520.1617880040299
954.6952120146735,471.61430354698115
963.9802365650995,529.962225635144
945.2618154048785,457.8805480689283
939.9341623126784,462.53798272200925
1016.2486013113931,471.8160528828982
971.7121230031005,527.995897208934
952.1395903311287,435.3236074986112
952.0950832922523,434.2135443461125
983.472667955285,455.50585005494594
987.9181682227622,458.78640601541673
1000.4808910504702,487.59552046424153
1006.8069172336341,473.38986827838687
953.6188495978945,436.2443371991967
1028.4895547416984,439.66369087330025
1001.1399551483935,486.9607543392342
942.300329752665,424.973654192365
979.4375449886808,433.2419954799053
962.1689673604419,507.9292791777002
1030.8985510302925,477.43995057603536
976.4447058699541,489.13458025635566
1008.0011552855619,465.8359526336882
979.5280994396234,494.5273230945297
947.6198166763832,484.0367306565005
947.2687655452828,473.9528962413573
986.1237490588022,393.60223841513283
974.552277628838,427.6277732722316
969.7641736694134,394.734711381558
942.710388471349,406.08546254655164
962.4302789831795,398.9783588939362
942.9989211709234,434.9993635779159
965.7577689978909,387.8525082507618
959.1535235493831,472.2599830901345
988.6176332299458,458.3717267221114
955.6455394952195,432.07188462081587
1029.1811896681058,391.49955858332703
1028.7027216909783,420.88496827798735
1014.4840155687164,444.61511733358077
1013.936631801168,411.63652145990216
991.9029002738528,451.4751156667509
1009.7898807168933,464.0664423007079
944.5173553137851,441.4981536020831
947.5446835454535,384.8480913827937
1017.2591488801612,374.9942134256908
972.455082424121,423.8249286636884
996.1768293101015,432.00376784786636
1019.2661535749852,424.090696795725
988.5729699934861,387.13231572026353
946.4244046816837,445.1622652690009
1020.2678285508897,449.58434774846336
1021.6429415642851,374.06721360801333
951.6420006180823,434.62786235018655
964.9836087184226,403.57510295762916
994.8212174850389,401.4327476633509
1028.425745480955,448.55239046985315
945.2510751434496,399.27074944152844
973.3236448449292,444.77279341462173
980.2954056276358,442.27684238210406
1019.4756178718421,401.5791857958059
960.5041928280613,461.1343414843569
983.4986856174481,443.9796895289316
1025.4099330275792,473.542771024402
960.5486818423196,461.83470208448534
965.2069061661995,399.26796178576495
963.9937981610935,472.4322216863652
962.2996484101097,427.48773628888625
1000.9677068091598,402.05259119355475
991.4254534804853,471.8052102618966
972.0247075589452,439.7431084156566
970.3537008554914,474.72265351952933
1013.7791392079587,426.37796489253225
1036.5550836378768,408.83707156753604
1010.4265991173689,432.4656466142316
1026.3156984602833,412.23609255516453
961.0763776691226,396.9692655826734
997.5558027241912,489.26600833341433
1058.627922807596,514.8834330368659
1044.493983337292,493.08057082893214
1062.8963142018429,492.6119951741847
992.8805232086182,483.3958724700312
1027.8668941133076,446.47334031683414
1056.975718814572,461.7810624659769
1008.8104774396696,509.4800738335297
1006.8966757299319,468.36818170097774
992.1054926281089,527.5358044270724
1001.7779060867923,530.6114519426847
1050.085921122989,462.8362951872661
1037.4534328067898,503.0166728461328
991.3493542003459,496.0100115899262
1064.1284851339447,466.87117035172093
1042.7869274595319,509.643561172078
1056.163306650279,527.1859833193407
1073.1659657995817,510.4956030644774
1020.4756039629028,549.8303749086142
1054.9727707378845,541.0176535177679
1080.8027388432981,500.881751492465
1077.551718671932,558.9240365838533
1033.6011500418597,539.5144141412604
1078.7672463349795,529.7570458932073
1046.7207752014629,542.30588498494
1044.7442308869645,555.1973104186546
1008.715397613849,522.1083451224991
1061.9905563464272,507.56764756574756
1059.3198099004558,513.1428690132595
1011.7084586828505,570.7592348207279
1076.48593490681,531.4716741817813
1039.3161372703755,527.5442948813306
1056.5012573519004,535.0172023243128
1047.68144750653,526.2631821699498
479.9423398599424,502.0076636942635
493.72980943814207,553.5393644070487
463.6706001155248,538.2146759605537
487.21740041152333,537.0750742108105
468.6413369421872,558.2959289984315
472.1753932300763,498.6558366267543
454.0366971603601,492.73010630950824
522.6223813408693,514.4636110669719
488.8316978979937,568.9690086179255
456.4069454781679,526.6818424288499
454.1700876385174,552.5590841604883
521.6426259221914,535.5779449830444
469.72609828314353,528.3885893894584
529.0507737378127,526.2457599044513
515.947349844128,509.2470741772374
522.286331309802,518.4387806302216
528.6637401983164,526.3810425727279
480.34822503747205,514.4083013637944
483.3012029745522,546.5740874203285
538.406101250066,514.8231752990075
494.0707616565605,563.8051608786645
478.2179061784368,497.8962113363637
538.4152293755106,495.2077236737111
452.75134282261337,572.8125124585998
528.015334151789,524.1949289420588
507.5656039396305,547.5853789621144
506.5246885959147,518.2010728279683
464.9147959750081,515.5642095398179
487.71900591609943,504.28360576333523
489.5940121196119,575.7061006534084
496.9129498448539,578.5037790014941
467.9952886097899,567.0502069707472
508.0407961466979,554.1277204517144
531.1028530058893,570.8894698179869
490.65374130074855,546.7911291301209
508.36487752794994,520.516151365801
525.1912499467529,576.0741211739387
480.68392564274296,575.6696884981418
465.84476229414304,573.7237891730268
508.79770706084014,576.667806629427
462.53166150351035,519.8170992108742
453.4238533085251,539.9344115862195
453.3319783604529,578.0001006909112
518.1065102555723,525.2337103501516
501.23858750435,576.8569458559998
509.7047309338611,518.6810550409734
464.44057540603825,578.9403720119085
497.22712458836685,491.8627028059477
469.616904488148,552.2115198411876
478.57040544802624,562.4933658153939
492.6132129956477,516.9119578854247
487.637008113061,559.0738392472767
490.3266695348859,489.6673370044692
497.2592421413309,545.6006288178156
515.6310590948169,494.02487244220896
461.45325143363254,506.1998761146609
486.8862604179054,528.0653846880936
516.1097248203497,544.7217034636994
511.0846699968825,560.9608646890658
491.2613722983581,520.4102230412664
486.14453113232554,499.9044576878806
493.26958416260135,492.36289877186766
471.49035510336216,510.51676264573734
468.90147374795356,522.5676266376197
490.6724639149548,548.847163028073
510.6946069521456,490.5328649250348
483.32081975439695,480.1032076861502
474.5973633242438,539.9375031152518
470.73513684052523,500.2188353095914
389.13915654491336,470.33704062422356
400.80008427183867,515.0562985359784
455.97418515755777,520.7767056610942
472.78275676243265,468.27153731898727
458.66834550206624,541.4465523041467
464.4798221375059,479.2051999730655
445.99697708986236,511.475001426405
456.94548206177956,508.47779149494625
385.611544312368,484.4067671885914
470.1499839328121,509.39427968588166
394.95241429401665,501.7516132531477
418.0813987611709,522.8444165573233
454.7910166844383,526.1851793350239
469.1267804942076,505.60205058442426
434.85333669168983,522.4640479738009
445.3200050251579,476.5381824918042
450.7583582115094,519.7553924786454
431.6207061596051,476.3628570149556
417.671277274022,484.9295854161687
345.90298553392273,531.5292613010912
405.08208885164277,510.33952824771774
356.66851058341285,472.83200505336885
401.7608229388028,448.4188615842472
404.5134752143972,533.5781427715893
408.1324852940917,520.2461510843877
428.5121377915209,520.4937798576499
415.5065179962433,536.202617547298
419.62333252419046,452.95828452245127
376.54429158862234,487.9310999760383
364.3216367551421,454.4215443015309
364.8309687630996,480.44571881909707
372.6271991833633,495.77588102526175
372.08344273514655,507.8688713379173
404.4329317859652,471.60079349356437
403.7481536398236,454.2035535693767
363.63799101686556,531.4358080307945
379.7326459307908,482.076373652529
355.0960938087344,489.6151195145557
410.8970561235532,487.8619353975126
348.01745346174687,462.7239319088715
361.9836511279551,476.3340366752891
398.1538593102197,497.6555391785129
394.15961634514974,503.46100277047844
395.8898061051724,513.2547015865946
413.0748502668665,487.6195945064672
354.9334452030416,512.0718861170548
417.00041093950426,502.4161478457484
408.8787683947603,507.2659673460705
410.24328649956436,509.6955909543449
392.9930303360594,503.09300704612906
414.10140397811,468.29255223276596
378.87890458955843,544.5940142217814
420.7129372126502,499.5163257246273
380.6023824492725,497.9753143347072
431.48976191558927,489.7365991620118
437.2721942070102,560.9750639363915
425.1952081895503,527.926131071161
435.2567665925756,519.431723672901
413.67519409340406,554.7251123462833
412.67036596415096,529.0595946408131
408.4044094863579,510.49100505021175
352.5278784300996,495.8994358598087
410.8923490317852,501.3849025461928
366.5231373931138,479.8726768427057
365.63308177324274,521.9139982884308
436.2459967674962,539.8177844301453
422.07806121332885,517.3364407164746
375.87459435723616,477.555577017524
423.68059029771337,555.4412370548449
409.259387157877,505.1340039390508
421.6966045935744,535.1182690431731
379.9609963266706,580.9518854475857
409.6687329875186,572.0032603280615
462.39202496922513,571.5803604140007
451.3547156155221,550.6086106739247
426.22512864102316,568.4538672903996
435.48611303224357,583.6129250018553
403.70796774853267,517.9239115404619
397.9616192792797,526.5354233436973
443.2990309773165,558.4119594435442
456.0315960319778,575.4644363584423
374.0227644473181,569.4236503829882
422.98750522905914,538.2970266084793
387.97930818623115,562.6143797821247
397.7377451946573,570.756538577483
467.3713469496491,606.7725003242256
425.62917092204566,572.2962632208793
476.9340702727668,527.4333313149822
466.0267302033394,541.831324249155
448.07739535585876,565.715252415136
427.16652729847505,526.8972934887246
427.45243625648914,530.8026428432073
481.09856272849197,591.0935316092151
418.4006203264961,593.3633498986164
408.27127947534836,536.0712985277537
471.9878874572125,594.6182581880017
468.32460962600044,562.1880755063452
472.8786321947275,540.8427650774928
436.6995878946181,608.0759060849161
435.26029671198097,547.7927000724
455.59388549933254,536.9852321188536
425.59923801064315,544.277141680243
439.9837092890088,563.3059053112621
465.26018985008045,588.8299591110639
472.721686169833,549.8989952339764
451.0681266464005,547.1527201483422
438.72560641121686,577.908814843378
398.55656310599056,526.7445748915512
434.0723493444687,589.3139746940175
445.3565867805104,604.4725385737826
453.86756758373326,597.3465151301031
485.65905133089916,594.0553155876373
410.60653299798406,547.5413077719605
414.5844071341591,545.5594272579007
480.45851215474784,579.9857864119355
434.21411738857654,574.0640423439379
406.4430835814559,522.4113726583848
449.03879374310543,600.1342337458756
462.55884430313847,551.038758319975
430.20561168112584,561.6174073696873
457.57353512620267,520.6901620851463
446.3190657539434,576.4811627627328
395.11123084272015,573.4466626985999
406.1011535235723,527.4108950385778
440.0858399084075,523.0108979438912
452.7168868079335,535.8699499244669
417.9982643385157,508.9643204209038
421.6232783718578,579.13491771844
457.32137609665676,536.5155677525695
459.26115605109203,534.7081773610522
473.6029635476577,541.9461940612201
407.0812350803107,511.25839781718105
394.4811468499119,565.1139589043564
393.72650535834225,562.6945430908563
412.40304141325447,507.1535004155953
462.6303299597194,571.2941066143385
446.3151816501861,496.7947547771223
435.9471769299511,505.3746319126772
392.6150634187889,494.7242115342029
376.6530412838756,561.7888980680809
416.8197083926915,555.0604496702508
412.72380824471776,537.8889659020774
382.3629992984305,511.38428548738324
414.0979378751679,525.4150080122291
382.503693795532,509.43422316900995
390.97551906713306,511.6137704299081
416.41876267725195,536.5118881945125
448.54087383968704,548.682420670991
388.30013398115193,494.398231050796
413.3347949634696,545.7750234622699
388.9022133107166,571.0149720130684
442.0000489470468,489.08381328102007
376.780420803216,500.9158772446096
410.470918415012,502.06841276304385
429.4820473499853,519.060349414365
414.4849599049052,564.7828455883847
454.8584636608011,514.4303516415212
445.49367047030694,479.6984311321078
409.1231292120351,489.2666793701318
399.30436211024147,503.80725754569295
439.9204774392804,496.3642260127841
415.71353784262175,509.17208906774226
443.45235964107735,521.1075072930344
448.8011120740938,540.8540069767358
419.3633672905776,512.628095239854
433.71335682457294,557.8678536949315
391.8163553908621,558.7397078687247
396.76404164311845,541.7994364382616
433.1741514511711,518.7280495911309
403.23241499482543,500.0808500019035
402.4212091322241,499.758248189171
431.53025883751656,539.8410939538664
404.9089121699652,548.4910248052906
467.88326825355125,569.8411766734245
435.38551835882095,543.5391706396362
422.1511430810142,552.8325269589027
411.31122221516756,492.1869459719179
465.3020063583608,535.9378331770421
406.1575913878205,512.1091909958614
399.67795600617796,566.7838341006571
405.5500126760001,487.4962711452103
447.22153594543437,563.106418729787
461.41944146358446,566.1259064572862
446.9404939025213,494.81724147919783
412.8485190709654,508.44837849676185
430.0548441823867,540.5278370100294
444.69391071480527,568.6384501498422
444.6000087967403,574.469978105771
499.75781564785325,565.5376559528247
429.6129927642948,547.4384488489524
494.2466542188679,507.83974025127736
458.2625987497353,529.4320689020218
469.8710983487863,573.6669727396286
461.26789341271734,570.4798546600588
445.4868416765183,537.3444406396757
457.83443636068677,551.4428190461547
475.5000651339576,512.519004809842
503.38594341158034,562.0359226290827
474.59300507580514,576.2911175505365
477.3493009849376,521.3778804648583
467.3743513257561,512.4108784065958
420.04690374607975,488.58213785133387
472.3886954999579,495.6869926312965
442.72067762840226,492.8601097631818
280.005822364386,503.3271243962938
302.73807042743886,519.541930238388
251.63876014078357,524.9075984105776
298.0186863369079,486.19033525310607
245.66601327395682,516.3498920047592
257.11250803572733,538.4357294260673
280.8564355425147,516.5317617243293
241.59982967346104,499.78204821608585
297.0807566287092,529.0725182657529
255.92607891154384,542.6626836846941
221.550770062414,514.6432577830245
226.6225836319361,471.4449546204146
294.3904780835186,527.8866867195613
266.97883041344755,538.5593255390193
305.4907258278989,471.9596327034166
283.16221092971676,544.0902335257529
239.48054150267953,536.9234754835354
261.43180146205253,543.9969490423497
257.37728448751994,500.2888741265279
239.89424175705557,499.265158404305
287.8022535994014,514.6293512982915
281.1528072983703,533.1806484057101
241.46792070511512,500.94025999836276
293.0123630531126,539.6640846576965
262.3870747031906,521.8048119189976
257.83519726224046,555.5546080789146
267.42685768654104,544.081047658177
291.70214421914727,547.5440330910455
244.16833336638018,530.0268809533801
248.3067935002199,515.0559188420476
269.5653213346061,523.2192553087073
246.08962543042725,523.8262030472856
298.3320339755197,522.1402112162982
305.9246512729352,543.7571747927758
299.31845514259663,506.9322102308301
285.93300539679075,478.946186351504
239.2708729562296,562.144830411767
276.599453776388,540.5070119554447
267.4735242531537,561.5502195034078
276.010526936573,518.7472903245014
292.82051933298106,479.33936477684745
247.14941263429833,482.39133178295134
267.625345782278,544.8885193407511
283.43547661250176,546.1091357214061
312.83152684824785,547.3050590363919
246.0343529194484,511.9471486065811
264.21961881317515,531.0962387237058
246.89339361598851,560.166496367095
306.7936126764737,519.5973206448128
300.6359493017227,539.4723506627674
301.4652049374613,567.7436413742435
227.94459192399117,513.9355248318618
247.5610351508086,533.7507163549303
295.987824128115,514.8260629728396
270.2477991679467,514.5251445957974
315.2325110528152,530.2093994242139
286.52299503188163,557.3034450794468
270.01885146392135,564.815548337794
306.74074866797366,500.0246618741497
307.24411568996373,553.85558677529
284.02625264790595,536.1208805879942
250.70621299835636,492.58494676652094
269.3314800827435,487.27480444843343
270.9489572081205,494.9256427958976
237.68871969635597,560.2835876634874
288.627467984365,545.2725660580331
242.09774714153983,525.2017123520507
263.273400342823,512.1488243814251
301.05122978091356,504.6438557869111
259.7938675507004,532.1411699397815
279.3323034338641,535.4669502822888
294.2376101952484,492.3821601901338
257.2495222292368,477.92210516620537
271.8543152416502,499.03259198142524
291.5231008896584,468.45506162654783
246.23043700682456,536.4114026090235
246.87260107151033,542.1528887234738
317.5802834509468,496.8675315167547
288.73337064125667,472.8819210672134
301.67833871247615,471.3247460884815
256.3514239409354,531.7813057389368
294.3991211331804,486.96993743097664
241.68449050916536,472.7752878233203
313.3047888527073,554.878852047262
266.45546679110055,525.9504526708171
282.8422301930297,513.1483859493238
272.4006823640756,522.7489135925863
299.5888239622129,509.51001896720174
292.88612049001233,508.95033244268416
228.4540161336225,540.7644752200903
248.75414888253178,481.38527281247326
234.723629083528,531.7468058024524
275.3332534284116,530.9845428319637
249.2265083760051,523.7134867816502
267.05971453406846,478.43555755708064
271.00587092237953,535.6668606335538
229.7201778654854,523.7917865067591
261.32334614514,488.10955529106957
304.7855038558852,503.48595990786
229.6698379719423,495.83910395376694
274.73350280460113,523.2490986190935
269.51428436199967,513.5218562443024
258.6960955167478,508.6947581895669
296.07890620544634,521.1497877301839
280.68940084306473,491.1977421265696
288.52234680040857,533.6796215536436
322.37469614686415,516.6097452921746
296.8455967207959,486.22884476390453
282.2141713164341,517.2743969187092
295.10194627465864,503.7648201531962
313.6944603113622,563.4431538318161
235.8722041464623,539.5120542981267
281.86274982321396,548.1201621282643
271.01737194564635,507.31456817748216
285.1069002833126,474.912816103984
241.1296962151371,514.8307011246006
294.939223429271,510.02239253566756
282.0783820814814,556.6675229182492
264.3581344597835,475.48978017438304
269.5391269173933,535.894056087638
327.3108331648731,484.7318885448027
265.1583661949394,513.6120252860326
304.1915579343634,515.2427706717881
279.50453720045243,535.4342246547736
317.97823468607896,537.876703270385
317.7894732953748,490.9220803067239
263.6634253993269,534.4386125368403
249.1613403683073,485.9342012536111
293.0956386177043,528.2393509110952
259.56742124254845,506.89421143447026
289.2293416182245,539.3094693158886
274.8130322854723,562.336784756312
253.3100009739957,481.6629326298476
258.41436210851566,477.88769672519555
256.89141188093345,527.5918869142796
319.990077783496,560.2373730255615
303.5979588013574,497.5584197258066
282.7510471262274,552.5182756949567
293.12449054083174,524.0420454011575
298.2822390137092,536.7800550738419
306.60538383825315,543.348041783133
319.1085495276485,525.3822012878549
286.67492700739473,492.81118979309724
320.4822030065762,516.7563874371049
297.9516768283046,496.12937717665653
277.23833497298654,494.422007218581
261.3656525435978,528.6537107000656
269.5653029885847,495.74776233228357
254.6244789076049,549.3675153590771
322.8952995016855,499.2850420178919
288.3498758460279,517.8143754452459
249.6232923164585,517.0268883034108
312.0579698024852,532.4374420049545
250.9001312564568,529.4287937867383
299.6465625667208,524.6774674591122
307.7170426189423,542.9563678998111
324.56705274749885,512.7127936115677
252.73265698273832,543.3364942514634
239.53787316508408,515.2544282532651
247.19451378842416,473.1991927053702
325.73456931905275,541.8671365577916
297.4082608555356,556.7309988715649
312.33265359899644,544.1366968552516
254.33193529087455,500.41812539919783
249.64325492780995,475.39811263043066
301.57725149771863,477.5819949001227
326.4804780467843,529.5572961366045
305.42887294322577,535.4533663298575
307.68148814356744,555.7930753742874
283.8773658955603,499.8714575430664
284.8892036721646,518.739628733665
257.5781567271787,547.0570581502403
311.42986689219777,525.1014018757102
291.29902281674356,476.24796468803027
322.87171898215763,503.3779496762496
242.17346382215288,478.2505357841897
273.959857952105,536.9119149726981
245.98897634815015,546.0270553812857
274.1748032874413,485.3480210271507
255.9910760152452,503.26614693911677
287.45319304380723,521.4829257070927
320.6428180467366,550.300768816552
278.2244983586674,516.1932333278087
284.6789863536997,531.4518449832754
281.8956460479398,536.0865959399756
277.64558342489937,518.2108104305752
256.0154136453372,556.9486097053864
323.39221391992874,486.22016762225644
308.26381469371074,520.6772716202862
261.6389697277435,529.713453256744
282.476409780696,556.4994713664895
289.80879495805306,527.8157737950733
234.71688311643032,507.7331697966382
289.7339167711514,512.0108799208126
263.9993107131635,519.9153975131765
289.8030248367925,491.65172481867415
270.7997239786708,525.0148073025105
239.65958892093983,561.5720634394769
230.9257475992683,515.1218705401956
266.2375172938155,550.7362296554093
309.3664291720177,506.27950232110396
281.52831005234185,565.0803396032506
230.02339683101363,508.7363913535032
240.74908714510048,540.7040623714634
235.1734723489746,500.72585841964644
256.2393980624689,508.93627774304184
287.47454709970486,520.6588101765082
283.8677683930722,543.8794083603589
317.9052691321096,566.8298113557153
310.44702028198975,502.1598707781698
316.0917457432192,505.96997696308864
306.06265509356507,532.6968396958159
266.3521705466952,531.5066048796137
230.5538923952656,501.03483096421076
295.01595724103913,533.7225863936828
277.22185828629,522.5451543868417
237.4350571277928,499.1727235872189
288.27116261395827,534.214432104634
312.6561876760779,531.6485796842169
284.71482471680844,558.4395871676403
275.84652044559175,534.3065178645778
273.2399282380141,558.6963269115662
261.77880151543405,513.9866189799418
253.41364623090482,557.0936780896852
268.93977020698543,488.1981887170682
290.4037813303817,532.460007368332
299.50960052106655,520.7367578390508
247.40178892799986,500.9267739965997
293.10277345002805,568.3764295213923
268.892326142993,538.4592219429362
311.7188413395943,486.1933775726959
285.01409509416914,511.9193818178709
253.3311323893287,512.6626622499391
240.2970826511735,522.6116075016195
267.6414463325816,509.464330378404
269.8409573540218,564.7569175578744
260.2263917700619,486.856562078408
304.0980548016547,484.67291768945887
321.29714867152666,569.5604771236472
266.53451104112077,504.72757047029774
283.9278303780068,549.1305739849319
323.85312616671075,476.5665045199213
249.05657762128973,488.5320502742315
292.67051539357425,558.8030937846601
254.44791326130778,536.7888129692163
246.81396276248336,529.1344272236855
330.51415980660295,483.24416510109484
286.2696910045666,522.8663222465243
247.94946342189,482.0831817773855
258.7830152857677,529.5251337872079
269.7815383719305,522.409417998198
287.68772754122153,475.3378026961042
316.1589605106005,500.75199399555675
265.11862640809295,546.3671708666827
281.4718866328499,484.37878218260107
322.3865672967127,530.5142626403651
287.08445621573634,493.341951607615
255.6464961293306,547.3946228080857
318.6513232478902,532.9059535143256
242.2775179934222,532.8860670077385
276.6835800858344,550.5147153035316
277.7863765730136,522.5228588433113
255.78276562964297,493.8803986853801
319.1417248143683,526.005397107024
287.21792591437236,537.0344382543955
313.0926882817765,478.0972641118917
264.45694932235904,513.3929871805283
299.55775411316347,482.4738215583198
323.94168305084634,548.0752971204577
266.497646288276,472.34801432586573
311.62905858588,468.7771882496966
275.54335888115236,502.87620461689767
277.8896258094634,488.8421872920108
284.35659033364874,514.8115580775201
288.92158819540344,551.9852542613787
241.4484580936512,533.3149063319371
317.5360828258947,521.638847715329
277.1461010863877,533.598098614908
253.0435466818293,558.3359280967296
281.4812359012121,540.2603154111011
313.941956619283,509.31410225031794
241.9105418939166,508.51354242871525
271.31383021956964,474.4313822946888
291.9260953079959,489.76350137392154
289.60261422682726,474.33119000852133
263.90013095153654,497.40396987492346
304.12193380708436,551.9973807912803
252.88721397389696,557.5399680127058
303.35676253231526,560.2538486746107
283.4873559709139,498.3845131797179
264.54999551530125,508.1723532688304
282.35762178830083,548.978183262222
308.5274207093545,490.6854936683684
250.36876023794215,564.7695928115527
313.5879275052931,530.4045271086786
256.7534222227228,567.2518008126914
314.40716862210354,489.58763141132357
243.24506425582283,563.0483291125049
308.139959778823,489.7874854330056
276.396583457736,517.7168372966066
273.30886866623916,523.9937689476441
256.31099524737516,494.9077904227221
247.28037595496275,537.8223476118367
300.8006804266031,558.0716404999092
265.21409086990224,530.1379291771652
225.5352498200887,486.3618574945644
229.69487619168075,497.6750395433043
299.2002532220423,520.2027922702622
245.80991099877713,552.5180229006852
276.5962790204993,549.0884769162263
287.8196606864941,570.6227065921453
298.6340159196608,509.8656163033755
290.81828593403384,552.9141699951932
267.6650062357748,519.224667966096
265.3749217342015,556.2932218269013
255.97110386086618,495.3278212134169
291.9012091130868,525.1038387587176
237.37189782487363,492.7254607282989
310.26176180652465,572.3352680130981
237.62516508120552,495.9363011790386
260.3582261042005,564.1122950206935
251.63347334017635,532.618961861919
308.454649110015,557.4620608913331
292.1218165144814,485.32607404677844
303.2532071875728,540.5089660163075
283.2193364087023,556.9998253879187
289.5853674711657,528.0092312792397
235.88997202198942,565.4576383248354
278.8079695596512,534.4702088211657
270.5342984503682,549.1970893198809
262.1552744112421,565.7275574390992
307.75654152908396,496.43760434684845
255.28131588857985,540.3195311309286
312.4275938364961,522.4116927210157
290.80080431057826,514.7502848876968
263.1298134030066,501.7247015804104
267.7377559847469,516.5303057623721
310.9750756199431,501.36449370819986
269.1193710868576,491.5320866036475
253.93243851631618,552.5203851045696
268.68298382263083,494.50302448482114
320.9720657091218,497.3372055683157
318.65975429434206,533.6420489062432
287.2069584555757,501.91530978420576
315.76657760709816,543.2012022100923
257.52154169025084,544.1997331644602
283.3992774652584,510.98678147503244
247.20873818861426,526.0642484857839
255.90068996514282,483.56507033243145
258.3629505968071,484.0805525026044
294.0067304357986,557.4458658537062
248.21095642851645,514.0193427966981
297.0734012375675,486.05896205253634
305.8689233877675,493.67369296316446
307.0851478161152,513.9213727983556
310.68085642222877,502.80854857047956
257.9888114097258,546.7476242877862
248.524424514255,475.29569501243975
236.5920414293195,536.70372333862
266.85804034455754,519.5485068486696
279.47496224560234,541.3163287973022
235.9953063218367,479.07797123770683
231.2648732318659,525.5571274480395
261.4595389287238,538.8822455803738
252.17951034168175,542.5378188230843
295.6288124014983,485.5019672296454
245.1153948061057,518.5460751860335
262.4920081677174,549.7762632889313
280.74726515640236,543.3522819100538
238.16240642026722,555.3300088159317
270.33937439305606,485.7876894001201
316.16575490552236,518.3586997339258
254.75790476580286,537.06443031965
276.74608668077053,494.09857557412676
286.8815078417485,470.19183784392004
272.2663744793722,517.301695914246
228.26637768638295,562.481838619113
238.8928528703445,494.0369421147753
278.8564030762434,547.8769055178401
296.8357128064677,481.34084209564065
289.6760975593239,568.3164723272829
249.59496369565903,565.1044021524244
309.36587317276377,480.60329741469474
226.02422890390605,555.2184008600485
292.7005165539979,482.34935052371134
225.97160508830336,559.4622546798561
245.80910691752356,541.8444306147642
255.74536399850254,495.33353523691005
243.19131012277774,556.7751330374638
307.34287878785653,515.1966962272608
281.2758393815193,557.192154728504
276.95344163575396,526.0635573068224
264.34481116956465,529.1995021480509
266.86977152756214,549.7617589107183
253.41896437072793,575.9586426782346
315.5318550145596,495.2001002814554
247.08549784933373,535.5956938191052
264.7763367128773,543.5306548388656
284.13309763496034,518.2340763218456
237.9068021818346,502.5407185604908
254.82289678007737,543.4161004942547
301.33229246147425,562.4250284851622
274.7911758617845,578.4808655152592
252.00138630183392,530.3961289257836
245.0411204822333,515.3861583801346
239.55039118720896,495.7570361551862
309.23767490099544,513.5097093634829
245.47936600753556,529.9240294182532
277.17037590034124,508.8614267643005
267.5950954067209,513.1540099842998
323.4090404420198,562.7538550335537
267.6295867923675,491.5203000037863
322.1279159144217,572.2002731251231
309.04038237743464,529.0265916912317
290.192725443913,571.9474331766589
293.53426104041523,545.4179263497044
247.23657584962106,524.6205434993643
300.0991902723397,546.6084598762267
244.07371273845501,498.06833272562267
318.5100388512614,575.428206394512
260.039883695262,536.4283913934432
259.11651756575037,506.29864062078485
304.29104567349134,555.9957689302804
290.73592932489123,546.5259952001152
270.8452424185208,501.73452951446416
250.63607615818572,532.5526378242065
290.91489481385713,482.91109664937244
284.28455395293986,530.005029164833
294.97010103015276,507.4761734582925
287.8974141508086,565.1495412865515
308.88442772688927,483.99395743480125
263.96207374230596,547.3967546161374
251.80439384521017,499.4839327452632
262.5222660712633,536.2327633740896
302.7090013175521,547.4399961520899
294.55667093999597,510.4375189503157
317.07729965728106,481.4823614793963
256.12414286187595,553.0575111437983
319.8925103276455,561.7309576111414
264.0442039336859,530.756298509685
282.90549278761495,553.429462777995
243.98878711032162,566.9437789671725
324.97925228507984,492.7357994735994
283.31705272402564,542.1618956961813
277.40816362517694,551.8125265936667
298.34957491700686,474.010664951061
248.67015846055116,515.0946695863984
291.60879224665575,508.61559783255325
266.6614381225927,535.614709465959
308.43708836224863,491.55323246515167
275.02972881150924,535.6490919272694
237.9149128205932,551.2143896792921
315.44000496505413,532.2350175548437
314.0196077305894,533.8171713057401
283.0520418170672,540.2809402822973
317.5055259159858,472.3901226579913
256.4621554733535,517.8871389528085
291.54905190594866,529.5015161493366
248.06089570122097,468.8351373955477
237.27517707342932,497.51323584329197
281.19858894581904,486.80081780860814
297.3669684473026,508.99143951604043
237.04534790543067,508.1127243313508
255.54298581614594,507.28815476133065
254.00444263264026,471.03742970087785
274.11161312262755,525.7390919596837
297.48677653210984,490.92193394141816
227.0725775971069,535.310663156113
254.97453179564758,535.9194285411636
272.8371208310971,511.9339099026699
233.80980128541165,509.5009692867349
240.06723905811504,539.9814359326422
251.4711666556383,467.04772482403195
310.4074996492597,528.8886879311838
234.4468583918043,488.7533955867267
268.3958865932669,472.0118927607474
284.2315084308254,494.4822879496339
285.5146320846189,535.3178138422102
254.6712341476468,503.499709300098
259.60680402719356,520.7609740237815
305.10316653519516,501.5539117662451
226.7829925738431,531.9106039296834
302.51497724029645,510.85383340327843
299.4106639585934,547.3371444970905
290.7998410229735,499.44092916039324
229.45967827207352,553.9339164390532
250.95749153787045,525.0426072346622
248.17951058426453,520.5890935016307
312.06468113987256,556.1455756878397
260.0176270829295,544.8416071192466
240.99355291808877,514.250079681235
228.30796465866976,553.1786378720864
298.2486125218877,497.55443056393113
244.31886789914412,479.62126169346294
239.6912573509563,540.3953364664854
275.00454620096644,513.7159218155753
293.84671915700284,481.1198534771081
258.1952889705505,497.14918527130567
321.49561908638975,558.8742689859678
236.3602333889574,553.9182056606594
308.72362652860795,493.59301806736664
248.72472677025627,495.60505319896725
277.38335522680075,565.5967907350671
253.85291821175863,492.21325206627034
277.08362582169434,548.3644873256499
298.817375217721,562.8138729154958
270.7061004225306,568.5393637409924
262.1221781468718,540.4857150877933
308.43304097965944,512.0713423483849
248.69248182083956,534.5485868213672
279.9257564559254,480.3291229694483
247.57243590409465,539.557496602317
301.36864176250504,546.3169866308851
317.0017738076788,516.5094507758666
315.1790667998436,531.6014377472602
240.62146587388312,516.7326895064516
247.69943261824193,507.61479506840374
285.72967529610224,497.4946153324489
305.71854793017076,479.96565583069247
278.4295328657321,555.2405794596141
272.5074057635611,526.870097010887
245.74327685126923,479.5528093929592
285.2452242986813,548.2961907678457
234.86387373102167,490.8639267456509
276.3250078625818,499.6704830077849
234.20642618821222,564.5289243039351
242.61976545393756,534.8394221880358
309.02325679308694,533.1518998539221
236.9955036324727,521.5230320628189
290.4868829324891,545.0704473505226
272.8211545263066,545.301280869739
251.42337110529363,498.4464659376566
274.06737006290234,506.20600364601455
228.09967402424155,511.84341784651025
299.15511753554625,529.5976772160845
273.62065069826343,534.0786852777168
310.46350243682616,559.1750346247509
277.81749191262594,539.8196436034642
311.39547657029624,559.4226606282642
262.6101682765136,520.9036261753165
290.20806713096295,551.8654033011536
304.6150320190123,489.9919930815522
300.164192568227,482.4366557902201
293.87023350940905,537.4634449335049
297.25281480993124,487.8467920869454
241.38109309968087,529.9374276858996
296.94560826705265,486.8716971610485
265.9184295930985,487.60949974888655
256.19473013646007,488.7128465475928
309.5392694076657,490.6676115458668
274.17973717729205,508.42099815433033
307.7041727781091,474.4717974047178
309.4678903053161,493.9253733081741
235.27249624124136,547.3825064352549
268.9364149565766,516.8577299748039
314.8407249762324,532.6347079213751
239.60362965917767,472.04027876031716
277.8499528229427,531.9370728799037
238.09723892241635,542.1102199086816
296.2860933113251,476.259976157417
228.13675269211802,482.41593319403074
262.26496897923,557.4828483144722
288.36406428729464,522.0472083153719
278.30372644777765,537.2490849198159
228.7192641333537,501.33206709824947
261.5768261226711,541.9786341452727
234.02114212365993,496.6864028580438
253.8593036926765,513.1358767804387
289.8971679054324,540.2332022065391
235.44203548125714,516.0722545497804
283.2802261654441,525.0702682738622
252.37022315620948,530.0538640689296
307.4656118822964,523.0695026632662
244.7544633290151,519.4166109563915
262.01994941619387,494.2323085521817
287.0156012105211,529.2862422963134
270.51381723601116,526.0015382233788
255.9206443645368,493.445650010748
256.20516298735816,545.7238123009703
230.63658412036253,504.0236034464713
301.319225142951,491.45019216835647
287.16165275081204,495.3741388099156
305.3751830545922,536.2771263301764
283.48286810306297,543.2800749338527
274.8499834265985,544.9777807823783
259.0446256797622,514.6535122054112
312.0295867395773,520.0458289738938
263.4910657911938,548.405835260181
251.84408980678023,557.6121484802688
265.4983767509332,503.54083932924857
308.17617545056163,545.0420345085947
235.28108484361525,518.0680205810022
237.45933148218367,504.1746586019126
285.40499667609697,520.4424735303643
263.2249664926819,488.49848723495046
248.764160202274,476.1823925897218
305.84362214560605,477.80168696117835
253.73808864964357,522.5270756961713
245.46096660139287,538.5290241606729
242.08129948443957,547.7213161072194
305.5595040386454,530.7058908778375
314.77022143824604,534.4991419028385
241.01698497141874,483.982518796135
314.95783455753684,520.4299388550692
277.57033846580566,514.8479417825557
240.30085701206775,537.7077246264469
252.90083938182798,531.019331942346
264.2088975369406,492.5670283392158
282.3541946626399,498.092290157737
248.0389672060805,531.9401027669524
250.56042732307375,474.1875882281053
261.2417126330647,498.1752738226485
310.9569994287123,553.4163420238962
265.18812282550493,539.3504779532668
308.28718612256586,502.2329004390483
311.2427260079988,539.4301290453218
248.19899234959206,550.3237160168306
265.00334205988236,542.567507727196
316.49564924785375,508.28774363351204
263.0935848135637,546.5795307584102
303.3574282088524,480.29440030471716
300.59635804254464,495.4552800839795
290.30400303283744,540.9545266833466
242.03958186399987,549.110130004972
318.1758103309883,536.4368325329638
245.0599097718183,503.8059699335096
273.4341213738348,512.5352843361376
247.0804924698317,548.7350973027147
238.95055282626944,521.2955665896203
248.27258855001702,543.8213726510206
299.0069807269295,469.48938435112314
285.74961532753457,509.2401854141784
239.72825995002148,529.0654025965973
238.65314348135274,527.0497444407956
226.47382481668367,525.1787632439941
222.19624742976754,541.0175421333292
254.25115287721056,541.6854233078354
244.11321311457323,525.9568383283685
238.67297412621656,531.7387028806835
265.76783134280487,518.2240972473232
278.94277951113827,500.564101911439
235.76057896294336,524.1842534860365
281.16855247622794,480.0807453456515
246.186095890177,470.03419060189304
259.1492710089153,499.89779002923933
226.37519501932053,538.9100950983652
273.2501463062144,507.42064610827913
221.78243703084087,506.15067346557095
285.02135362518356,476.49649498994734
289.42576764781745,486.7828543010357
209.4561628235663,468.00185694735535
250.69208298528494,517.3931243907695
240.25252348323235,492.27505895518175
222.9777042227396,468.25060850358136
239.00806189668828,546.9935104659339
245.3358006265358,536.4565053327806
248.1002733143886,470.28854445308696
278.3152691087997,509.77645438811203
239.67549516566882,508.92458050774195
276.1799938649601,515.201014081319
262.3593501623428,466.7157601339156
286.46707188447294,519.3223192822787
263.2057307302268,521.6739582510779
273.9457704222218,495.25344925395575
219.2617641607348,554.6315944478943
251.6063973231369,519.6424266669177
227.4255604763574,557.9070743576656
229.88244864349417,550.8869770365916
260.1391080877233,485.7943575093469
251.12981748731315,552.8449214138176
280.49172913759014,493.7424481054238
257.61256788250114,482.87938412889304
213.69505264828467,517.6424193562237
212.85222920547156,528.8860102257416
211.93298409346374,527.5361061274982
241.76287252570168,496.1486852938343
258.8528074290947,491.05784991156463
282.48859684377595,487.2298364008428
277.3939836224753,519.129870015782
267.97025531635677,523.3724266124466
283.3624143405704,524.871449530417
290.7346565514724,543.6779926556236
275.939368570612,485.65730873165614
279.03979195645127,514.055582356698
252.60080570731532,536.3566045545892
289.9242091453466,543.5257302536972
289.20817355286607,533.4412786494265
251.00332735679999,500.7969788344632
258.9493687981271,481.4845314051092
297.9689191794948,524.843583783618
246.49611001182552,482.25009922712724
217.2025001484162,506.9666208656064
230.1765139939733,508.221958819977
233.9154824409899,510.25450194132844
292.2985762191157,502.30313269701094
248.46503432051253,478.4127935437782
294.42870873642835,500.06844062559054
222.5421154471982,512.4541279716327
298.1381553433734,546.0126545745316
271.46332203683767,520.7224479771622
289.7634090567307,552.8938259896672
296.3607359807148,508.39119811992106
273.60645905172765,477.67414002205254
238.00125173438997,535.6168528715408
229.16371179826544,489.87381395168893
292.03739263688385,478.7162891212778
279.95775162763266,517.6666951842972
243.44502096959403,489.91468422921434
300.1843138092004,531.7248919283409
230.84721170995442,562.131178973057
254.96201378114338,519.6805069322481
248.70491709704623,504.9325314183761
290.65674600752493,540.5197120170544
272.2792182491597,490.6218805627032
269.9723903572291,492.0185620998392
275.5480808330618,513.1543450567642
298.20257421968245,546.9558340582939
298.38362962898606,546.7739575515388
261.3105954366423,515.9652896158469
243.8546949685706,488.1063437362895
251.95609568609163,564.9876921112733
296.27860075226454,494.36136243821284
222.92031342478765,488.1099670755405
276.54657733286064,521.3839337381783
227.78334095100632,563.0115159399568
241.33640003442576,517.4372570042783
294.8299473687817,481.80557729057176
292.68101809030304,478.0007669518538
268.6779668119811,501.61831825550485
297.25433540538614,478.7413470805337
257.0873504396332,497.0490437074507
304.3775901477141,525.3913470409861
494.9435112770774,520.3572978712567
466.1710637879587,563.3487221431341
549.4939246419046,567.3835050658586
509.4029012534809,515.3973760588585
522.2195880469652,491.358372444698
548.130840679533,541.9716961814044
517.4469739967226,570.799186107373
462.1179474253554,510.76186375269225
509.23260971608266,532.3364031642021
544.2348243830204,572.2202894379615
473.019268152598,550.8237468140184
511.04365429575324,548.2639420577656
510.93020901227897,490.36180455224877
524.5486297938802,557.4688263781206
517.8242576908517,565.9939936174244
503.02657322623054,503.742951280113
478.7952642103855,562.1817628683023
495.06147626410313,489.7172219922352
497.7279733748944,527.4117031772548
527.8795536053841,504.2590477649367
541.3912067492959,548.1438136167703
538.5530039502672,534.2412881652308
505.51408665697636,574.2715982775915
505.7244456739388,501.5484095283797
524.1838689219485,548.1905375504728
467.52120675675013,507.6317341676022
472.9432998867284,583.1919695685581
476.06164309352806,541.4179838841703
552.2217139413932,576.5445574394224
502.00153366374036,508.660694455272
519.6936795354486,538.3545338415366
552.4670660363983,502.3231196922734
545.5197532376942,561.4309671893667
494.79103083141626,531.199935659124
475.45116615273844,544.4635942272843
486.3221000392128,505.66839420832366
497.7255998347761,540.680725550744
540.2041913374263,533.932699664503
529.8699059606662,582.2878993717104
549.6197576906762,579.0740844391642
545.641130833749,518.6059259055655
481.2659915159203,564.4922795314994
514.5221952005072,587.5213713460826
517.048229998209,539.2065421152151
511.61768955802955,572.521091562806
545.7232242540636,564.3184546857109
502.30997439701747,591.8363646406041
491.53438824714266,546.3294480233909
485.1362330267567,531.2336048772008
541.5655787627218,516.6534574153477
494.79045843840845,558.1220444260339
470.69587317358094,536.4868654222663
565.121711990074,552.0170432613281
557.2548933794974,540.2978510152033
517.9799810664497,580.7399060160404
547.5565490046165,553.6969476813053
561.5441793816776,585.329241645874
529.2657842383668,564.3060253602089
562.600174080894,516.6320813931437
557.3661319489007,522.666039804715
541.0202158041448,574.1612997235236
489.9619884935314,574.9588387547249
478.47206343748053,582.8664375570567
552.0959217811059,592.4876841463667
482.98547984868543,576.3639729441402
537.3746938257478,551.0770401771825
540.3772415592971,530.3932029933791
558.919113131195,545.6697821532782
479.30483472835306,517.5780681404759
487.71800784710257,508.40253801358404
514.175923788202,583.9462707560635
540.2698754128318,505.2422216313575
540.4597022293171,522.0237018965039
511.00174674390524,511.6504686314608
507.0373192445448,555.2761934214221
520.6901141752328,568.6742384658194
490.33893889565576,531.1889500096805
495.83613035152854,578.1336346414337
498.9320954472625,586.719782763148
502.48866213615946,536.8650631666799
540.1362903477122,541.315521989279
535.0479183767409,520.8084676946896
548.9488472099205,545.3783024802291
513.4939268733766,545.2420073141238
534.3932223771334,530.8530538579282
551.8792552371435,570.2017396589631
538.492950388496,588.9580674694676
570.5203503178903,532.7266519813052
553.9174321800735,521.963499603925
548.2033406196005,576.6691566110949
524.2044530818187,566.0188079771281
542.8440759196909,554.288288478116
537.1125252324374,585.775300275688
574.7795171679961,587.4337556111716
524.9951414709202,586.7289017963562
562.2830182794377,538.790664575999
489.01836831412123,586.894632098249
569.7112045934708,539.7820325668911
574.4461788829152,564.5580704318767
536.1534645373118,579.9906095527199
541.1447994131829,556.7186446535478
535.5417974990527,561.4911661911367
495.4080896714961,552.3995870139378
500.7511520984391,585.0837841437642
536.5756866724439,577.4064502231579
511.2730090031939,559.7302408730195
503.47206617651085,574.3401547939553
502.5023692513358,580.4728242055053
570.843193204559,544.5931336278751
547.659129569682,514.1070781309445
493.6769049816403,586.9619318030834
524.243881858432,522.8551779342366
535.1064670446499,507.4034344939236
571.2225735476268,501.2074111242963
519.6936977222913,501.65785517353424
516.5844487728658,536.6172150345757
503.251777982334,566.9257557381192
549.8927438407188,515.4792049672169
497.5840267123111,564.5158442374172
492.6890489847908,531.8163548196845
554.959230843877,541.9582095820928
481.88504969127297,548.5374684388042
529.0932674313715,543.4778555606167
561.627503576854,572.1820302810008
514.2828926998175,543.9239536532822
485.5694094435447,582.6671111931843
494.8057623327033,548.0730593245348
524.5425096629448,555.1308422141174
523.5037083421342,574.2448807877131
516.6206880971176,549.9217853052397
525.5397597174459,573.300474799845
496.02411548697586,541.420365819963
529.5971202902429,537.6458597513139
520.3936581052702,507.0964877858785
480.96249258463706,507.414369612972
531.5227273548453,535.7245463540195
509.73584113401023,511.22713140005817
532.3729813318948,564.9409598253425
469.8209592716043,515.7775828687502
523.2692004792498,516.7106502845489
527.4013442947391,541.1330186615828
508.4069245691552,574.7862769922399
539.2176718122885,582.6439520162423
480.336751549543,534.2540869186361
528.3048681118497,592.6246283458471
493.246161833971,527.0534243154121
496.9542333119012,583.136517634085
497.36932515352413,533.3060992520361
468.0096376388327,510.43126689111085
544.5476356587355,566.1437093888248
476.57138803461606,532.875512938685
477.31268071412563,573.7094129392184
548.8173375532106,580.1659977572231
496.80857768917423,539.1329617121911
470.4162748149314,535.9132595090554
535.4814010502229,588.3285373582785
494.59474156427257,595.0561798245178
530.5989427532073,562.598773348745
507.3131357413462,603.16911545053
483.09237774594783,593.1722425871321
502.27952807282264,590.1875592458898
472.59834854799044,611.956647260183
508.553608774847,535.7319778592739
465.8390602386337,571.0869704259165
511.6024021026794,569.1575526521831
496.0484287760306,532.3730724495548
530.6059686693504,557.4652952243929
534.804070409706,589.4443238808992
527.0244056905826,533.8807163127763
542.4111830698216,532.1964167272441
476.8329077232237,561.1358838789738
497.13404707060397,617.9230811761382
463.5100213036261,602.2347068416484
548.7769114671336,580.260906516066
481.9384713116777,592.9556457458298
530.2882322768904,585.174958562851
500.53328945255026,591.2441449449858
484.60357247960854,531.821626792054
470.4051752823119,611.9232686632955
524.1080814608175,537.0880165985493
520.4738966674996,583.8297246500874
520.3900557725459,533.762880613346
471.9594250304889,610.9795829021211
550.4395389966037,606.8531780037224
496.3146085234731,610.4370158508237
543.5809566445643,567.7147985518429
539.866887555902,568.6076039268502
528.2745925977287,602.8028002822774
540.1623858468886,605.3157319718223
477.9006276353307,582.7996473537108
495.331428335875,558.5687020446742
530.9216621410017,595.1376211370731
507.69846080526577,563.4921824147823
478.7883180192603,614.8045029763539
479.58007055377584,566.6899058230389
504.5058002633043,605.1132539377048
555.0597000060958,546.4711217486359
521.7227384767006,565.3235017543909
538.8369620542152,547.6386743403154
551.94972018975,620.5626166346724
508.0882395885056,585.5671342969921
502.3458095931304,559.3223732596141
515.4995311300727,598.5785608673642
467.72385928249855,608.6939549860296
516.2832966867527,550.5963435397508
526.5130790931141,574.595211825737
529.1276504243106,560.7624389146589
533.1789931084029,572.9799625035306
492.77550133205136,539.3963793463563
541.4578425987326,614.7031418933838
553.4258381888774,584.195060328883
549.4212099264955,549.1880759518252
469.6700457697126,546.3461201103627
531.2186436304169,601.4574531855334
538.9149261204178,602.2710255294751
487.53123122016774,559.9793353151946
508.23563177272,603.6560057006031
533.0419549129772,547.4350543878426
543.6989581506048,594.8640875036401
478.2821934733464,596.7714317014045
543.1544877620547,602.1596576463439
531.8090915679786,592.026253500322
506.8840965876732,543.561800330652
533.1714299607825,551.3410466362404
548.2743607361324,573.700780911761
513.7624418704171,537.4434455853259
542.471466251262,563.6192215108734
492.9994132414751,568.1546859812557
494.42540233699157,527.9664977771073
482.6824149448994,587.6970259583159
531.5747434970044,520.9040290474688
532.3268669527472,516.0045496011239
473.2090679543348,522.0310611814576
471.09775441400535,542.5531597024831
531.2380289828782,560.9488817132134
522.8417971125308,562.4720997304563
490.86279640759653,526.6637501923467
523.840827890171,596.7170268109594
486.99863910551835,558.4682424090629
473.1259359358955,561.0912225375365
489.3661013016397,581.9729469873997
475.7895701826718,556.6411129874396
514.1240367242416,542.1450785488813
482.5784728988314,541.093983583844
471.08867945112115,550.1541486290375
547.2686371854666,568.6436632577849
559.1156494640113,597.9671866001477
517.501741104312,570.119939992872
485.5933412377051,516.4428032553417
479.4686430518151,542.3863584293484
533.7889684108212,583.0735735239755
544.7948483841756,580.583290457323
491.3644605099633,514.5646371224636
532.3417681733937,575.9126255629927
554.3587820092225,529.8863515073701
524.7467984309787,594.946153981699
528.5680114625793,608.3946284031204
487.1749289946606,532.3682729930883
535.8196044996532,597.9466831959776
472.8656234399222,582.9790011102922
508.6105025533427,598.2921016522923
510.4072879167632,552.2554142630242
513.3777312816434,524.1713627563471
488.90064609582885,543.7673980704424
498.01153161329125,567.6322740037025
508.73941216563634,565.7934326014574
495.22697858676156,607.7369832753984
476.52511206961617,558.6832490554447
476.0690897938516,560.7168553263651
505.78167485537574,557.594148000312
482.58298628079837,573.9286605175664
500.2852531217634,530.4231123407005
464.55219895513477,607.0336938191443
505.9659828328021,610.3587036200423
488.87498589986683,590.5987032710439
521.9278532300875,599.9461273591902
457.3811243946317,604.4623089244903
485.13160411771133,596.202410170956
488.8504488944344,574.0783011871019
501.4123257219694,605.5439712330353
493.7651280620161,572.6674657564556
467.17244748275334,605.2198698882686
525.4404020114819,538.3049977737012
534.8158669602984,604.8417219345426
532.8197305795377,545.286973146131
528.7152652525714,571.740628275266
509.3462884164853,598.534957516804
487.68782847864793,600.5493364625532
522.564518009217,613.7135775318033
512.7656313259112,591.7373610704907
543.9424724017564,588.6297999728447
517.6224178063202,581.4972548655855
462.9411519144418,588.7051296127061
488.1083545647526,572.0265699939484
474.39733934874795,625.7722648071178
523.7968483683991,577.1424937991175
503.62446956577145,617.9401339213458
482.7252111129788,630.258731049893
508.5607859472363,560.7559471743278
512.7301662948663,564.274536699726
463.6468873994652,634.101520068343
508.6382309601149,572.9020896587325
526.3232193827974,581.7824984274183
545.6796190232823,570.7220528836278
463.1073649212281,635.575249503753
507.8133122159704,573.2765053710276
478.6524729756477,577.4481452311378
497.808308961894,577.0484292054416
507.3103756098244,625.4776674925641
522.0410359674576,559.072385784172
478.7163517340272,643.0118528546269
534.6568606556685,559.8616145514492
539.4493616379965,562.5803729901858
511.14827584878805,591.2469781814309
527.5706558997181,564.8637559384487
483.79219012388353,626.3541392954788
478.1448916254575,616.1452515596449
528.0463954392958,605.8590401002589
509.9121347883423,643.6272328126963
536.6618578114131,601.5992491278516
555.5040731458845,630.0482625145131
507.5291853819003,628.1207098900757
516.8042273412412,619.2303350639515
534.786193894489,578.4789963445593
545.0800284540588,609.9183556635393
561.4585529543983,634.3091999912409
547.1674362869483,644.79909872353
550.2243381310597,599.6123929080308
497.9320331226912,616.3881800007281
553.5574267653996,626.1628765626635
533.5655174529697,607.8322775825383
482.1386267264346,615.3875429834524
552.6072479050391,613.2520982838643
483.97830637504256,625.8603890905941
522.1234050915347,646.9749087828551
552.2272321054689,614.0331633660452
487.8618965148466,590.1748234253524
558.5083539815724,591.5393774894128
480.33949606095234,575.9973158188311
525.3819111639447,623.3390185489058
547.349057700222,567.315081594407
509.2062962823513,621.1629376022572
485.8647672488722,606.8953165713667
483.6195014285264,589.9533366952512
563.8047507269252,615.1721108051679
541.1650380307159,619.8531855658032
511.979095517123,604.8958402109271
516.1969490452708,595.6919217331822
514.4130334071566,635.8118264380305
555.2370398115776,624.3648185142474
555.3360488004016,643.9973660929113
512.5166582844972,565.7140494666328
533.6502095786998,580.8347365662761
552.5305831747596,564.8051477948944
494.9645398520813,558.608133293799
491.2811326651728,607.9421110333724
518.9546404981745,576.4210720757948
489.5773732329653,598.1612204566983
484.33415569505445,558.2265618271701
526.6663224599765,592.278269245375
504.8105085493307,623.254957380849
517.5643289599863,630.4002790732238
528.4902798574947,611.7420461925811
509.7682318465153,564.4102962823464
544.0742237060435,563.2534053429124
545.1946355495495,628.3848973882531
505.0478760088373,560.7912144534066
562.4517227067772,590.1153436607004
513.2560258417793,561.5842193994457
556.4147866828506,630.8756555784821
496.1111897767722,635.5336742987024
508.1129583745353,580.5837424212406
523.6471315849828,611.7383985147771
528.3467492309985,572.3148893786068
561.2121994469331,585.2422556490176
564.4672835379721,586.0123313640256
569.0717200653445,569.237576203166
528.0637065555097,581.1115063636964
554.1252769731417,607.7239098198136
498.78863495433654,601.4856081746756
526.214662312403,599.9802171771729
488.72246767105213,628.681807307185
485.6006982497355,577.8262505426111
517.2756272121429,621.4549768295896
558.5481440822621,576.5095650369352
530.1433973932876,614.4162264806707
533.8149808219513,551.134978699565
524.7083047574388,628.740151607414
551.1370861722796,629.9961331970494
562.3951689242439,547.6838977061956
549.6522678448916,618.9168019337912
562.0855086099116,626.9881662825837
539.6192318838663,616.699062291059
516.7361455950122,594.465998429546
542.1292473944463,613.5771117500797
558.236404042406,617.5224709959923
524.2683544391737,592.4444422857238
566.37690632762,581.2608250956296
556.6338067648799,627.9218926435873
539.1298344122663,562.0411747168203
494.2717738983614,636.4130968174595
532.5523137208897,560.8985880305146
510.7605599935484,580.5741823934341
482.04850952516597,592.6648458630733
527.2994082320926,591.867984597033
522.485576845268,563.3861693364365
532.1597413196911,634.7875168738356
516.6101938735487,638.9968586091646
540.9440229403516,573.4740296022163
517.1250588369685,641.0182678876394
551.0426826992114,640.2188110579046
547.9117366461273,652.3106221204332
528.1731152244128,645.8804839767898
546.4413800102195,574.2247962300489
552.1492595602884,647.4792409178568
511.9231126327896,621.5753780401727
522.2482022021412,637.3137327815062
514.6115015420137,645.4072048883679
500.0496343378535,647.6071245309826
502.2954591288968,580.0916360934921
505.83497560051427,641.2892580807227
548.8399843747341,651.8216024718428
524.0473600349825,647.1953565634838
555.3896237092663,626.0675162224026
481.731808945067,581.0783147583317
538.3969480875496,570.6286563854877
480.9492340990774,602.8891385999999
481.99637643282404,618.5456517699788
526.1272035303367,576.2270926547947
505.3784914119906,596.4267656988284
489.1291455517299,650.6972964553162
490.37976745380087,654.3354033190117
482.1215366503868,610.4575838869428
533.1195206918351,631.3294545534152
537.0035267684123,604.7477221145489
551.2606457242823,643.967725482823
558.3750954161469,590.4263623605987
566.4511704802143,632.6186166041703
555.8823153509074,590.7982668973324
541.1407254549135,605.9000484441029
538.5459551886318,571.1106544763612
484.49337319885984,614.0597002432693
517.5250075894609,625.8582348923345
548.704855121143,579.5531308789211
502.05745745206997,594.4792590986472
572.3804031292387,604.278668394087
501.97821631532105,580.3715701408893
574.0587466547869,580.1024806989445
558.6309116164108,570.0291304555068
547.7322201032013,588.1451102622201
563.2516924638985,615.9393475874117
539.1392376765824,613.2008726912544
514.3782666360703,641.2145915866702
569.7493114710427,571.4324574482932
488.9797351010617,577.1057857989214
516.2318838686301,603.1440958842813
503.97307168231737,599.1250836188049
502.01642317544867,592.4119078163768
556.0648610369728,580.0318563378696
559.213988083517,579.4485959969492
590.8437521316896,626.6794031684669
564.1734089131254,599.8088815161366
509.329801163531,586.886007869328
526.432102416553,628.8494215837734
552.8595896366883,598.542955886743
554.670939250136,598.1126724520981
550.6480943175685,565.00610001051
551.5341284407103,604.2573947668773
567.0092556295033,584.4708390679673
536.8073405121748,562.5510123741008
586.9809868934054,620.4023278201915
567.9377947039188,595.6961760231399
581.958970272402,566.7990259709488
553.8476316650485,610.6479620801925
549.2355398227712,568.3984763387375
504.2890675186089,563.4661819678781
548.4807714212432,578.1712601801083
538.2359392143997,581.764725940594
512.0259205306951,610.0317542228925
527.1385952290846,607.8595788641796
549.3798632682052,593.960236164588
536.3950481714332,629.2997863097495
563.7412332039155,636.782411516285
508.9298145757357,560.6746281101578
572.3237945759981,564.6449723543806
535.7385077427858,606.5144240231632
541.0763092546711,632.1786175437303
569.2609520751192,550.9521239989942
560.0947639375111,551.5861952030618
555.5664117898652,610.3491329772615
524.6501709697267,607.8028935886437
578.3047509387012,569.3447471234789
579.5642333591077,622.0418695773835
562.5946488923256,622.0523227623078
521.6918938548393,621.6810885666011
499.6049884614402,643.5277132002772
564.3482647585548,619.3818987276657
538.737478024207,592.8262133650336
575.0782975321958,607.6103499670901
557.7552780179378,612.5454865096654
552.7112608970872,608.2896962862185
505.47818003889086,609.2565620742517
522.7097398148607,628.5518337147696
562.2764682715546,643.2942600491576
502.25275088123175,565.3067096760492
513.5527570080593,601.1305557361277
523.8516546881906,618.8421770355999
536.1046193847818,640.2838377097395
544.7099744462379,581.9046173056965
556.3353286799654,560.902692826343
557.9015462369796,557.7760651504327
539.3291342799957,656.4177596156158
538.2975606628553,636.5347376341717
529.8171799430988,644.9361210561285
549.1547731203656,586.646407747904
512.2663784442348,574.2579529917372
509.3037411014734,642.8878253175887
507.6048687118017,577.0736814548342
506.395483849574,624.2791081688933
510.5918382437623,647.0590899087005
499.9201165712499,631.4556291883897
500.8555389736515,641.5025053325389
567.2534372643166,592.996925333532
523.4488364303352,602.0486485957363
502.8451983003178,570.6713399898739
521.9099613425061,583.5083469417482
535.3651175771663,598.1514802781396
549.3932995857416,608.1778809907977
559.1196094378316,620.1681109977056
592.197483529336,597.0749070646201
504.6463368927396,622.9620398181111
549.2691835854466,582.5658516201988
566.8112478570574,651.2862682793034
575.7099169928836,586.3170361580494
560.010167478862,620.4054330065662
585.4682080577634,646.9420421755932
506.1284883472622,585.5380755407576
561.002317339444,590.5230052128215
558.2621429837377,589.0024687981393
584.4466118732054,578.4435541203496
547.2374292342251,594.515307386663
526.5372729669513,599.5043515628088
583.2197060333604,662.58845989042
533.4503975452957,586.5147591703999
577.2762188372649,637.1076470469675
532.9003403340931,614.2815055979902
561.5178323445838,573.4174519400398
533.2441233323027,620.0647994922667
569.1671837030441,572.1291589798332
546.0616010769999,646.2418711679284
583.981630810407,570.6245914451115
532.1792086683009,578.4705937800704
538.9256841275325,611.4266663668758
575.5148089889636,571.7944243015224
537.7510539228227,650.376027539167
515.9210412941277,649.6778432114783
528.1735500211138,615.154490061942
551.8829823153486,653.4857016552423
543.8358536386262,637.1599730492072
550.9815674019742,652.0294225316641
527.80020704926,638.3460148927813
588.3436109788485,592.3046985245085
539.7010879359781,574.5417597777384
550.1052062981837,641.4830866137904
526.3746719754433,583.5278782171397
542.1801068824124,589.662017972476
571.6456417916736,620.0192383812882
558.7198724453339,583.5883206464002
536.9767793139473,609.5837564996506
593.0171613122873,603.446028134302
521.418855192904,645.0123288447833
527.4303941666047,607.1030167000981
568.6471226153001,597.3675907466938
560.5663967486895,559.3517994292108
563.0027369251961,635.5932986519596
571.7340583262162,639.2404281074189
582.1845123247332,567.6577153174608
592.902118145486,620.1042539215916
511.1989638271299,626.1643981428717
509.68457107843506,558.2215618400191
555.7679491440625,548.4362774545032
591.1228764584938,584.174726553543
565.0169728028977,594.7992715202134
510.7312522997468,604.744983908454
523.2740340939757,560.3791101657088
525.5694074563472,561.9129268739625
543.7139296195674,635.2447483149251
514.922099319836,593.5526933674763
516.4709698046897,574.0450820915293
587.2423479668861,610.789046032244
553.6537015993663,548.2733057060136
517.1096432399197,592.9860453914534
526.7596010917187,593.4613830526662
576.0063032406742,609.1473216484668
513.5767421045989,570.0659272851971
529.4196072413222,632.8711112431631
573.5886818685022,549.450751182102
519.9768163149931,625.954813804294
556.5678091533163,547.8101162835721
565.1521865263967,617.5509766527887
577.6205145569908,588.1805864485835
546.5062249953601,603.2909453320223
583.8945319500245,563.2138568972308
509.6628439713397,561.988898121144
569.1674673678682,571.9372495687766
547.7875629108975,579.9427653129155
533.2672619575718,610.8114251364361
558.3964423860577,599.6133358861017
557.0371133807392,563.0820879330557
556.6357278538857,586.1730960565174
564.850668371364,622.7936644702797
523.0731221507018,600.1933600799763
564.7205429937227,584.618525164468
563.741189546954,556.9641670968412
508.59457614430295,638.780972090714
486.4789452816201,574.5270205887707
568.1459949200339,575.6112884350205
553.7971513136321,592.1350434627154
564.7435009236257,612.2094626249
547.9533881433316,634.3053418848554
503.52355646877373,636.1434349380555
508.7353140173395,636.4226222558107
503.9208465128307,561.3103371369771
534.4459628637597,628.8492185066445
486.33414766888194,607.5862767544619
498.5475445172733,554.8893789759436
505.6999728871606,608.4403959029847
549.0534226366358,591.9703040380738
524.8379484272152,588.1804616778401
569.3302513168999,569.063926913695
500.69324187895467,594.2528074676923
502.9448889861915,607.3600658814119
494.66415239788626,578.3693700406983
475.7669276941803,629.7713563134071
552.5597277715735,575.3537501886215
505.8186130138782,603.5079850916193
522.2036063661571,603.2436604243951
509.37527839112335,581.716810116074
484.1001134262885,629.335575511405
478.35451403002617,620.612772324127
514.8173402942696,620.712384967621
500.6747428239037,616.6831531136406
499.3221980558012,605.3747494688592
518.6905059146039,592.7367189209451
497.01789576652044,608.6007309753711
482.1120504993794,619.4991949622863
501.67257214783956,575.2757334911496
525.3231579478952,603.7067309032251
537.4968603374181,588.1837147538876
536.4806167700684,601.4319999845227
575.6085185193914,635.1142003484399
501.80973277276036,607.7978030118594
554.3581599247416,619.9828082436602
554.3010309945846,648.9928151349978
509.73119638174444,654.2418888592294
538.666371703245,605.4444545398343
564.0540383301709,580.5709909389969
509.9638946104266,605.500822136612
565.3945443016418,617.6669075795672
546.2484696276096,618.168157209307
522.059843833557,592.5804498080225
529.8210339439082,641.1925849207338
518.1481835430566,611.5353304536892
543.9941014342764,574.3560882012267
519.939002827072,589.289723893168
589.8668384860301,574.5236063625882
578.8070583568042,580.3012204858775
529.6148529633242,590.8446433065232
579.7984015416461,566.4663297959796
527.7238361062671,578.3655940365082
554.5182372155432,568.0185978444044
595.3267402724126,637.6667992051536
568.8907155171211,637.9654439674783
564.6233147812266,583.8502950851054
567.6078032701002,580.7487159975709
549.8863175867821,575.7686718933207
597.1402570676705,616.3576743907694
543.6400210780706,587.9565817020869
522.8675545445905,641.7788662457197
525.663749393814,606.7224490518702
556.8109819532945,590.7441208322879
566.5003859756764,649.402996984147
590.7430951782834,566.9248805754619
527.2271119663818,578.5924760125836
543.4864427292246,628.532696155014
593.6410859366013,593.8744186256521
544.50260533611,576.0569185168024
580.127853691064,586.1351429809636
541.139512814888,572.9806570929973
589.1616280551856,584.358985589105
518.1488094159972,585.2849732690797
538.0925379470498,620.8224613471203
582.259206241084,626.6653388673487
596.702868843002,650.9713531644566
526.3722600500445,629.860331482198
605.2807905922984,565.8378090096137
585.979512977124,606.3832604505286
599.1724288304661,617.2554805490529
553.1544842168419,643.0591567059023
532.9182312750061,634.7506440969489
518.1937040831424,618.0733167295119
548.1440599117018,660.910083633213
514.9312079731077,636.0350949158715
538.7440247200514,641.1054046615982
523.7727520596574,619.412766582978
549.3119967705376,640.7178057109397
562.7872957986789,598.4446513708058
518.4625086789126,636.4489669191406
535.1355550237798,632.2386669126186
551.2726620624,587.5258704602696
564.0247506283567,631.6895157276153
557.761450598797,658.0852234662109
527.8330490297411,622.1482793423924
599.38732660597,591.013153713171
562.9279893011719,658.3790154123812
557.3493223437822,597.6738947086656
539.9074202404925,628.6511262246307
553.6709054966627,612.5229058169222
541.2182399341107,641.7209680648632
565.2731342883912,593.1040545343772
511.7390209114815,625.6099099214359
591.7261262771619,645.0614075590972
516.7074603500877,641.3684914623723
575.1634334372285,586.584387887207
554.2893530225851,658.9655692928571
529.5279444701813,660.6740767486172
529.3292219339725,617.3589795282829
512.6419541565471,618.1638966357865
537.2837472270713,660.8033073930771
564.4868643046373,657.8228344694859
515.4519280165932,587.6427818140711
542.1874089619456,620.9258355073496
510.6703320869298,594.3432873948631
519.4859542751316,663.9174879379974
533.0014982136929,656.1380441624992
512.6730546297683,598.4482473006981
546.867726499387,603.8836435643726
523.3911901314647,620.8016347449102
555.2961231876877,608.0255039766404
596.7259463358868,638.0848799197165
539.9037244394374,635.0865507342011
545.7443011763836,619.4369433981457
512.6566526235468,610.3702760262219
565.1610051300617,658.3087633931432
523.5296456249781,651.5152591391952
575.7512294288457,610.5978941453511
513.1524013928963,614.4593337416238
593.5387277118042,587.6844098602063
546.8811078210189,629.6156783207465
523.1023206784845,625.0119845762239
554.5111703566706,640.0999903174265
553.5338151743333,615.9439719182446
541.8183717162176,592.3753965417267
566.6869862776965,633.0799960457553
535.4817755343067,597.1569140648052
566.1380120570378,568.2560224468078
554.3774918403187,626.1192310960673
568.292336492312,574.7081610892277
589.7028084112461,598.5247722914412
601.5187100120015,590.844286648121
568.1036775695097,644.108392692097
588.2135045762109,564.5902895792027
599.5823317822408,580.0866281874107
597.3302061728126,596.6159975798809
587.231714275479,603.7609217126235
595.6059576332475,626.4859968349425
599.0942826227396,580.9481460650812
577.1260432036547,577.5744943938295
589.2132087066659,627.2227094141208
570.2343696189135,580.4424301862231
545.011673628869,581.8976362275534
540.9364825823496,591.7553800273125
514.1860931683793,586.7971678113032
518.2916334975686,577.2098484490734
586.3045490600896,600.5521889013017
579.7455113666433,543.1877719146694
528.7663474301149,564.8325969407922
573.1067673626088,550.1264785786162
568.8262653710468,608.5911843113141
555.9466744571165,628.56118677343
584.9540043841794,602.1144351776226
594.5336762345661,562.6994718588766
590.221255153607,607.2378147051237
515.0864141678144,570.2614724386647
505.2216967146922,577.4114651413618
536.2947478735922,544.1465955901845
550.8557014486194,548.3390200144496
507.4637109340248,614.2573046266774
506.80515530536087,555.3612168499182
502.080498076916,544.8401220552977
508.86612219957,546.7604698854384
508.9125562730448,532.2330448866908
524.8500145581896,597.9045422060747
521.5957337956753,579.903677585653
532.9286856126525,581.1293523858961
567.7059445332251,548.2461429005034
546.9541786217761,578.063936520924
527.5840165814757,533.6680750428206
571.5072480134442,554.98453098579
507.39580346211517,582.2598648377428
567.1841475690267,610.457076478829
557.94595570534,537.4533799169399
574.7573980722507,538.1916749077508
529.477851863069,575.7100961647126
564.3317568154417,540.4273031792562
502.1033092340223,533.1438106035642
509.5062649925898,564.2961607209514
510.97166671426805,610.396637768263
520.0979865968234,575.9763163392528
502.6641121665172,595.0125400938248
495.0854430561486,529.0988421419305
505.4026306842865,561.5651027901919
551.5969756237578,545.2730628989808
488.2144874876293,596.0438122215389
508.19926820652495,537.8495260883872
571.3929631200198,557.2836290979964
500.5617583906921,577.9494937062495
554.5547704538004,561.0090138973659
529.8485395015925,570.9061532736235
553.2000023978555,560.8931894561232
486.7965036673004,562.246211262608
484.2164016214384,537.7089431335082
542.1359037485938,605.529061718329
471.3812105306576,536.8028513397174
509.21517146506534,585.7649516927721
538.8407671044364,620.9910851514593
481.2876520560614,575.545569129917
504.64073654437396,545.3680164722692
538.2843030023207,539.145234850415
526.3984605843715,551.4289855124275
555.2485001441405,536.4613239780415
508.1428739124234,616.3606556408249
521.051832228025,596.8717289503907
543.9074348529056,604.7955563989108
531.7529492058087,574.6181108352306
480.05711866047454,548.1631330830072
531.1688094538625,602.3432078008827
529.0859995596976,627.7932647981874
488.01503171581135,564.8604985668392
481.1944731617235,549.2959330321843
511.58513266352765,563.023950970282
505.6171524034462,544.5236428975657
533.6659022152728,573.754237682029
481.4660039943263,579.9578093142678
535.5282585382281,601.2398658956685
539.112784351257,543.8704963247862
474.4477108646846,557.9647850160156
484.41089980001516,623.4588259461943
496.517947805949,573.9775275672575
505.8867295778224,586.2860113804047
531.2645352440253,608.0459490988623
493.82704116581664,583.6252137073661
515.9021103897682,602.9615951335397
477.97047765980506,587.112615043284
532.6029807395477,568.0811641134324
515.7474904647664,550.575921406037
554.3271668145319,597.8036724383865
504.1453044377574,550.0749494798133
553.4217149983948,588.6141569705521
546.3059258445246,593.6402894566552
526.3570184544727,558.1550123308222
495.48650188313604,582.0952904798554
505.7723160419794,583.3764557099471
498.1624754595221,570.4425522620936
488.254275435139,582.8578044890206
490.0506181260454,627.705389399641
467.9879542017556,573.3565051135482
495.82635397327624,591.666479609409
524.1818115974755,605.1566756130769
546.7361085232454,557.2325825175536
528.0898261200716,545.2194392839551
512.7533091406918,549.8713396460553
488.08272885483296,561.2135804950458
522.822437356943,548.0484443009518
546.4541503795369,574.2121890549306
541.9548903120032,543.2635579738043
510.38895980995795,625.2262488568297
527.0855385527049,593.7165357270917
572.3593811061521,560.7664542888828
493.2962373978036,594.35064048568
551.8357763940952,621.8407329964081
520.2367939285282,553.6882546704397
565.3607519975377,581.0297661274379
572.7901595441896,617.4238397358912
509.55123766686916,576.1617786335551
511.34041020353544,600.8488436696393
513.8646647863876,542.4266360225845
539.5366554696511,543.0499679997375
511.4481018527347,547.6113297331414
513.5705853647079,555.412390235963
534.1928501298837,524.9593528457495
519.640418439594,574.7235874589421
498.60112064209596,562.5155790308604
581.7950699622422,538.2860594389265
577.2523199387356,567.4918851808809
502.72219622744257,532.137972830628
533.003277503672,566.804420127415
511.904660881436,596.8239421673251
581.8595160697239,568.6786313847216
512.3409187232013,528.7894850294042
532.5725724749935,586.3692537249568
508.6519084018692,587.4697214477975
529.3164216309884,517.450161889284
577.5376918353625,602.0699234009118
512.567506036402,558.2668889395112
557.5769406796647,570.0836604715269
564.3365033420545,581.7747907726006
511.86542826743664,593.4959465459069
492.5041217435987,550.4148288157096
575.7174169248012,516.7849966864264
515.7238810598152,542.9768312152903
493.9173366082395,591.6864847375109
545.6597369121597,603.3357852631489
526.9596368078281,558.6507313712846
562.6770080683381,572.3392928722508
533.5146445214189,562.930004638527
560.3463149433463,585.3856032356382
511.7781050894719,555.5483144511574
511.5101360539807,578.9862773426694
563.8238468197823,580.1273573354139
499.40922331681224,595.5588041560268
534.0161579331864,517.450300070104
502.7847779079894,541.94361699069
520.9255136160162,568.4645773685874
540.4271510162475,542.1938610989912
521.0999425823625,531.622522511882
498.25008052096683,579.0870723338473
512.7239061244109,519.8012052544553
477.8210905924742,582.7616993696697
558.5432124022561,543.2841764121374
490.94306121926803,572.2655499487661
563.4444030960209,606.1250884470867
509.84898432057065,580.530403099548
530.9881431921614,575.0289294666505
519.6628993543465,569.1482481087339
525.4969612157033,604.6682112189212
473.9595491748811,580.1533567042758
538.2793497220479,605.188219922237
539.9019969696473,606.2074696076361
512.060312963571,565.5465706196185
520.2400314877995,572.094061128647
529.9994436594402,549.2726815876176
473.9623343165592,582.0671682418669
553.5391640869598,558.9929365328786
474.4469708511552,534.6719853504228
536.9632595097497,525.7252916328061
482.0269178462551,575.3366717841371
507.4952151797411,611.740436045662
479.598361544993,551.4046654796452
496.7194940692501,565.5838152118722
534.7203620372954,547.7319017021432
511.3427388464165,525.4154289641567
525.7407995181891,604.3036049303466
469.16796099338217,527.8145578110466
517.4126788134992,571.2017064658392
536.3704521831395,588.4462122397886
527.6495760391697,573.639818989806
469.3524718748255,563.5719990055819
477.33813929158043,535.961274305492
534.2425426129205,568.431352451783
512.0764981342315,546.05232287792
526.2799261359804,565.2754176491214
549.7091609822703,541.8315141968508
541.2042281510935,584.853907815029
510.15247157946004,605.3004637791162
495.7941882821752,571.3985729230172
498.47773695437957,569.535983447237
506.9573206918914,533.8294095064656
532.643922561035,546.6747551558778
509.84905236402517,574.0770503183157
476.57829180208535,571.5080468279436
497.89168986853997,607.7694468016008
509.04907210657785,564.0198605178078
507.3921440649205,607.7260018804709
545.1130943970328,568.2229928922413
527.8494145136976,580.3036027616904
500.8657743377213,589.9873755391112
558.3734666345705,525.6957035773546
541.3510235359316,560.9978542327882
531.3964993042239,603.9203808676757
508.6776936525429,574.0039860995757
525.6327800102999,599.5829030978695
497.3364722624554,556.5142057651781
524.7839083056756,588.9688352664091
479.8156820804179,531.1213159525037
514.7545453818288,599.1126449029233
545.8085671058406,582.5505815877954
481.87877387721693,592.2777727145979
565.9168040241668,567.9984117877787
538.5498262173347,522.8044520535302
511.99574399555075,548.4570689081694
567.3678580917708,584.5078384829484
533.9091086588397,604.4715404714996
546.0874814513977,583.3547195476029
501.8362457571976,595.4772999548405
546.2228373579167,589.6013154226415
497.790499891576,600.7234926919778
524.5765097442106,599.4737084716882
483.2476740565795,555.1749633359702
528.1976978346507,525.9362265655157
478.92553095447226,579.7768162478458
518.6210034659906,576.2921559698681
502.55056273588343,567.76538724708
485.4564531293598,518.2138971748662
450.0867036169015,248.11569989523764
422.3919738510865,246.66056133921114
465.18729659796804,219.88913633864172
478.0393544488567,189.54414473096315
505.7125400243987,220.30676735805295
493.1156202630318,228.8893648414492
421.45091052932105,170.79630813639596
456.39585234065737,205.42338371523675
454.6877205821949,204.8138256153698
436.12424488277014,194.36938496706668
448.7033681325097,183.50555177588984
467.84854936522413,236.70631041018802
474.7537302524225,170.28570144790996
489.67397703773185,178.05209811545438
480.613456740733,213.9275643807516
434.3131795456851,182.71480699778436
420.14203805542576,189.9684317366651
453.93588456491125,224.70391492843186
441.1468471581386,212.5887018149366
425.6046780445493,165.2257642043134
469.5059893517107,199.08394991296836
484.45325783137935,238.50817583499844
456.21046287701836,189.4371544967066
458.5229321506829,173.19810990326644
413.2043011063243,191.27846817058864
483.00754528601465,232.31518140972406
451.68608253676194,174.47581365057175
460.95722855276324,187.99392167782477
415.3472010077958,195.53122719239673
429.5014184294668,163.77094198291638
421.9078709382297,214.73916370429174
474.341343378867,177.0527739583218
406.60788103905713,233.12135612327017
461.42352950340756,198.45128237824122
480.01923136718926,242.37034302057748
391.5830999813946,167.1263719581149
446.71196824352995,190.791950346435
421.38051428254016,169.38883958258995
388.1104847474757,152.86028260656633
391.752123412404,157.71178679795605
419.0103510309111,161.5461928699563
401.2050284561334,228.7733947685184
448.82409013098203,175.0986177328661
397.81148099908813,195.20562153264677
464.88993823180243,210.29358299368408
441.38487083857257,215.19374106139688
389.94108655247055,192.36428443842982
447.27810167935115,170.78286535650062
397.21135651363255,234.96064878561978
444.2907507744603,208.28730173198372
431.3078237955197,167.14761157632842
442.2699856319703,212.53856500402748
450.3972309618994,227.44596187706452
379.85610329573814,209.25606549763586
435.11153381069624,153.4741932549288
384.93913256421996,155.61386378655945
436.4690890094866,158.66654182831343
387.430266547032,206.8437782923403
421.1443660433586,178.57670919645375
431.8857315680297,221.06188350603298
383.0957831884011,174.1333190322044
448.74969390989827,208.42760046228796
371.3680709114003,202.41496192307716
391.22160058462,202.30417315963342
429.4427671530201,217.33216819464172
445.7653394885283,189.3552322893892
400.4054611738927,209.9343176130129
424.6535653970125,143.895978339828
425.2195632560183,150.37279379563557
408.19529989982965,213.7130829109344
420.9355025121875,134.69093886194597
355.82414739522164,208.64198423536592
427.7142554173525,184.13385050852273
403.88976767303376,186.90858451280164
415.13015658234156,187.3869471392328
443.73552942730726,158.9751963380284
407.1464538870956,152.31482059669855
379.5133496009345,139.25549024730725
356.19945055502285,203.5525360181686
435.31891605970577,169.97580422561765
366.0643689081075,198.7528903674593
425.48029970726077,205.72344105438452
440.2358515079699,219.13410831968585
421.07284608330326,206.48561726507063
404.3028984835839,185.9994494550515
421.1952104960798,158.00197964586843
364.72976423786565,161.63334671944764
420.2325490835178,203.9443584975005
429.3830983086225,181.75846986993923
430.4625889394396,144.5861269665579
428.1785618094943,141.3090893879959
398.3173430506979,150.620319837243
385.7464017078201,160.34382132764682
417.0202244307752,182.82545515630363
387.4275411062866,209.38661767999088
345.72497328797897,155.55559100691892
430.19208728570925,135.23134415664433
361.09867711525277,172.65671915265966
423.98495006429994,174.20879904828604
407.6105300972195,192.0887379184165
356.64680312994255,209.34717880556514
417.93941868548745,153.0561889119862
425.82419798388787,202.87061408147025
347.8818297331526,175.4628206753227
404.7786497839961,137.81614447104545
408.8440449059629,134.3792913015768
389.2645931330145,129.5297168445692
389.11707552577013,126.27354447817342
371.4728527662136,132.19028720026233
364.54929907743525,203.318874680308
416.43922512874667,169.18472190859123
389.1072382033461,129.37457500141448
362.4108166138766,140.83351977654624
347.45039024468605,151.44545930641704
388.2535050111655,177.01948520035998
380.2212917409735,133.64854010267752
369.69505611888667,181.17262328134404
388.81338009618406,141.49914131500984
346.33766930984035,180.28453820270352
405.6338506266724,164.44935379715426
373.5183423048287,146.5339178270421
387.93510983265946,128.69966673777594
398.3944556026363,174.74300226928062
396.57977124290073,161.72685946786538
363.09969838637437,147.91391279710874
353.51655776791324,175.58398674353268
382.819156388635,192.8538828660836
339.14420075876785,167.1871588503917
354.7420527589468,159.68432348760103
398.0503045254246,163.55999785138965
327.58035789094214,146.68488388042445
409.19813200847705,194.64665939197184
354.51106225942107,156.19459581586605
389.27346674478554,171.92724087516217
373.73115608745087,151.2811625665772
394.9002415191189,152.0241654379456
398.455541094103,144.09081623296734
369.730304674422,123.70837180391328
313.24462169616834,122.93479276690242
376.52573551842374,110.07566196582258
326.1379632614866,130.0885110253066
370.61070404643095,178.04029862574822
316.15846962329056,160.9049808345801
381.328923202565,175.09962580474593
355.98504729427384,119.45037814396605
385.0467347814807,104.86459901605593
314.34677835563406,146.3879240058247
349.23560628822656,178.53014892839644
362.4449892464492,180.63723589827944
386.929461626678,175.43056494458722
342.80720084002695,128.62781981735142
336.1298551864757,178.14440689025028
316.4244060276766,181.15195810483465
329.75372799383985,154.3018297505846
266.01497854452975,175.87719259891958
282.1648719444459,124.82695386539277
276.73283727736316,104.46806205467455
295.0580277138445,180.2289613229704
310.1583081769146,121.24374174161353
302.1471190684319,129.05240556995227
309.1738606893695,134.2419907725639
332.89397143133596,171.1281109940326
294.58863979109594,178.40409417399786
309.6391307523966,114.31393873683439
327.4109195349573,122.62213313933998
351.0125344550058,119.46359115944387
326.86996971932143,105.56459644605496
316.1121940559829,130.40367008530592
350.59659090117543,93.17025829676281
312.18499559428517,139.01709154024005
322.6295574200376,164.23292986067742
883.161404161319,292.0507712345323
923.4004482610079,360.1156957036556
937.564320362754,317.4847401978292
981.3808691888008,365.6386953451997
920.4249536621205,356.64968015509197
982.9959534619735,326.50078283591904
962.3871967342438,300.3961518088002
971.936490089677,315.8471753883783
912.8729998717878,329.05766562164354
935.5294379154101,367.7508356695102
913.2524592792852,298.94183499292905
909.1743896752207,302.84446293820633
962.0615356017047,293.1737633095274
944.7443128140233,334.00501440337814
928.8429034779429,370.8965678107343
963.712367592809,302.3150835678843
902.9649232616828,298.56609364296764
942.7152535654564,368.8544973064646
939.4500950803659,377.833794073129
994.3445077491224,345.51782540235683
987.2334842267636,378.83173774510993
991.19750204954,412.23443868218226
949.7847895723917,378.047883724896
949.2042370932356,380.00100533527143
986.5448709336271,334.3223835172412
970.7990461363221,417.1648406820366
943.6780090921312,385.61118555744406
961.139517952917,375.0853432825948
972.5008214530412,383.8186624605613
946.63377545907,402.43413565332975
950.1930638538826,384.8057710352052
948.9961491588994,393.1115534892651
978.4032326741129,343.30782072339565
958.1516691314084,410.7013885294827
1003.2581200655183,355.6705654485702
1013.3364315098605,466.01845410840565
1039.0731351575953,433.4453900558511
954.8499556642375,426.7731607425925
982.8342883082682,385.7260878482722
1016.0276132601394,402.8794993851132
1008.387227465653,382.94252386254544
1029.026262188592,444.11569980839215
1028.8103788141482,394.5206245924467
962.4401679329213,384.7054748603634
1017.3181531583909,395.6407413902258
1006.4235073105962,445.2041525142051
1004.4302449842806,460.93355495003794
975.5439816029956,457.00728211746963
1016.0541312385923,385.45799509586783
1004.0435923660884,385.16944326682585
961.0810450926592,446.2586323135027
984.515305575144,405.8573072246474
960.0829536408969,462.3051561939041
1009.125842620164,441.03334380236424
942.5214586407196,468.77789820338603
940.8494603274514,498.9137167366338
935.1462969546635,485.5819128858509
998.7100625380097,488.72693347357034
996.5857700235997,434.3502343453308
981.7732777940071,484.39380591611535
975.9243121809847,436.12073331424733
946.089765584721,469.80530527987906
965.8292136791503,435.90510137926185
992.2164990676885,492.7162056608993
958.2016337251022,455.2368770653265
1023.1405208134273,490.36255327008683
997.3495838695105,483.96828425987485
987.1057083967795,487.40766228140217
940.008945196531,445.1136872629984
961.2867536511044,565.3271357982253
981.1940721955631,551.0741267849107
932.328421367027,561.856779907899
919.0644772292186,551.6806066882984
935.0732805419274,494.56760235981375
978.8214308141733,501.8001501064112
982.0685247033405,533.3823603142599
963.0862572559547,558.1966618508492
1007.4929573613786,543.9030068385033
968.4386859853446,522.9095627224925
983.0136477139101,496.6375896391501
933.9950160283402,540.6181448134988
1001.39305174991,551.8867523996852
922.3740644432766,555.6760857584459
951.5191418867283,562.3777499979608
996.9781682027633,545.5866177320329
966.7131157976025,532.9334142309297
1012.1503855187052,596.6803300357312
1059.088410278892,613.1519108679188
1029.074146886126,538.4816294199017
987.1964245906258,591.3440591016047
1023.7769072467169,580.4471865742154
1052.6365475035975,586.0700668230263
990.9445841440355,569.7137073005923
1014.2025413068538,544.6225341046269
980.7632540431086,609.7696619475112
1043.8564133309214,591.1326566888916
999.6877606366882,607.3228358642918
1057.0889258384336,560.4605342182675
1028.5777748061485,602.5996031460721
1017.632691611221,543.1509891403332
1016.0799859011813,547.4894504353986
1037.0768906085627,575.9980392580825
1006.4355737481849,603.9403400094145
1022.2466911237897,526.4658024698621
1055.7540955630257,548.2002002537148
1049.2544853750246,570.0627613873769
1042.9975310667958,534.1276566451027
1048.0857721020095,531.7986696005349
1001.7454599907265,525.4061871551977
1051.11241280701,559.187501637196
1052.4457439397734,542.3517684456216
978.2939596590526,524.7796573969749
1018.0037876455483,532.307385871526
1052.155793748885,489.9606903942245
1001.2911696901967,550.25050388762
1043.2926618036586,535.4162145224849
1018.5635970211334,527.1754512219762
1040.569498832176,568.8051514891893
998.09051228773,509.89751540328336
1021.3443323062821,565.2598237922343
1052.5424844636877,530.3222088673341
1031.3954105528946,467.3528452208654
1029.5817120223342,481.8139966735655
1011.5127438137893,482.24652686175034
1015.5017750078242,479.1990285762547
1040.1217713419323,458.02058919201926
997.3512026756947,485.48342555499266
1066.451362372729,499.89792187556014
1040.3774100060905,452.46085672978126
1017.5768066731155,483.44400235025876
1044.7658798423292,477.89836491761685
985.8367491926574,451.9705123902247
1060.930878984796,445.67848249707407
994.5479117661737,504.7627338606956
1007.0810733652827,479.6896324336106
988.8220160637102,504.5631104584142
1020.2832985254327,515.8503180891655
1051.800952635748,490.1271541330919
1044.3592958315294,420.3979482910809
1022.9553633020078,480.04546209075454
1007.4498502710464,472.0551693563767
1059.8050331791542,476.16928545339283
1006.7643857641935,411.33048270999967
1065.2189480321802,466.621946866011
1053.9739999639764,426.43555675224025
1060.1729160116138,474.86865139728076
1045.2270052969193,416.9499229396589
1058.2612804981877,417.4481578803773
1044.8313650567907,404.09160987990475
1026.0895771973198,434.7683496103045
1011.8520388723804,409.0126439905324
1073.2964311366745,435.38219526396153
1068.101485934547,443.07683334700687
1071.4604423096591,409.192279493422
1069.5650854346093,405.2265980554773
1021.0119831799849,447.3343095484778
1032.1617943239457,450.3952531269227
993.7733054542767,430.98191189091835
1059.2380396116823,440.6344268761917
1025.1026822159213,387.8750215826863
999.5070350258839,413.55910884140195
1048.0376402301908,387.8781909842829
1001.1541000024348,452.7380921510068
1052.5902354098655,409.23337356950697
1030.3263072877146,452.53326043352376
998.8931945505371,379.1097221939799
1041.3178761849226,389.6906525876251
1018.3158585405155,448.2189313707679
1027.2145388706383,378.35836027165226
1059.9028568360081,405.7047140448435
1039.4473558547486,462.6536764278088
1014.6530015641696,454.8345829296569
1027.43191181462,390.4588119289048
1030.8221132415736,417.60603176386
1019.6679196357982,399.1088677431144
1033.0832736207394,371.7007290310948
1053.4695474261819,424.3106123032732
1013.1788797723939,351.8153608197825
1012.0705915285758,361.9952730291687
1028.4817291731238,370.6789849768663
1049.3759994035966,382.21520897727385
1007.7071070025636,363.66253651541643
996.5917716320996,423.8317330081892
1064.2657533002862,384.54514322044275
1014.8508407563187,424.92976099348095
993.0362898407137,413.04943864114466
1050.7170905825576,419.09107169705027
1072.3274865997357,342.81453998039274
1000.0460993923685,404.2782048325308
1048.0474742538563,342.3369783481507
1015.7808343429315,352.58484589753033
973.5996770938045,350.42811985111206
990.9544896207017,329.3985007938776
1019.5341513107574,323.8010907610013
1034.167637488903,308.3303041769422
969.2996850124061,343.82044395630317
973.1980906021162,354.34532967545755
995.5678183599224,370.1723808616888
966.8266919144885,351.0871816111711
1006.2658939781612,354.9616807977829
978.251328398606,354.08432533706116
1018.3532558880662,353.2339074117507
1027.4589155772667,384.34986944800664
964.569513097531,347.80950130065236
1022.1898069780766,368.5965140352801
1021.271537749463,344.0816925693424
951.0530960011364,312.23732907940894
995.2004714321786,325.60419775897736
975.5634833628031,362.8343182395314
935.2016280997757,332.7555869682306
932.2575903060193,284.9943352457467
966.2742325155868,361.8357614980231
927.4172451173727,316.52897802627194
985.8465472151446,328.19768773130414
943.9664368026038,324.850698751908
956.2924343213247,296.86224217063494
943.3605891009487,319.26695007154996
946.4717662629613,300.1788790661795
999.7959922797754,295.2616455769371
978.2499984753646,321.6020591440937
951.8852859503487,297.40126595555637
943.6406960744389,282.23379167456244
927.8976539089742,366.9826068537986
890.2784971435088,330.85104039164236
926.8529889899793,321.98456845941297
928.987721473854,255.77027731866787
951.8121630827413,267.1851484991704
937.8682412289795,294.527201862222
939.4953924707409,334.0887151487276
930.9106942409547,300.2290447589129
898.8577250853608,311.18853322300913
892.4048980763757,341.27556806935456
911.0328654505621,287.45357034205284
899.8323702349993,277.77186032097967
894.1566680876712,256.0866577426731
940.2817841685807,253.7126566178055
943.1064645562133,341.5537867025488
918.4124013453409,296.072282072114
937.060401686442,266.2068343112709
970.3460953095279,306.9470523538946
915.1820031935979,306.83789707204215
875.864379989238,294.09110876416463
914.3098054815532,313.8889772890705
873.2165112052093,245.02957896140083
879.7192043318806,307.52456544161487
932.0107600181115,230.80973138815676
895.5116401781466,256.2470035188716
924.8025691861426,295.2154485739781
875.379864901837,291.04969839718774
873.0593961981555,276.5411463342795
849.4838145867499,271.5962561695175
916.3570469252362,270.0535336131788
893.9248132440521,262.76909643758506
852.3449640212017,295.5960500438116
935.3058559785383,272.88842371878883
915.5663912614374,292.97577135479685
873.8457235411856,271.8273369205058
908.8042323303528,248.92055612279245
889.8089869846468,233.69408483445565
876.5953862764482,228.06229517417034
894.1952091499317,254.27700359409943
895.6003145107883,286.80213341500524
902.3056252496559,276.7381577206213
860.9921095239841,261.13018292882066
851.0413002525919,249.13506166986792
899.4195946957016,226.4198169192698
821.0144071301628,216.65951634358458
875.2234092674603,300.42732476431354
834.5110534655527,279.06101816424916
823.07874265864,293.7252262317047
864.0336088914644,295.09501281301687
889.0803126414214,294.82612804752614
904.802401698765,225.34114560363537
861.2093594337546,215.02149419342706
882.4546797273171,296.781623759643
871.6511578886108,288.86911745795044
844.5588912975003,238.66462104812408
877.9708350624526,207.14524163057476
840.7212753315251,287.8074052102778
816.0315976653194,221.89384040141607
827.0092960063106,256.3179958631183
815.3579466532685,290.9726645212038
836.3931068925455,212.47228310666722
882.2012072148491,272.3836886221545
833.0199575747299,295.5204596799013
838.234393413738,277.5851438668948
841.6345939621333,284.856012272764
813.4896283195129,207.39457694391115
823.7967327423371,246.28203001057386
872.9305373832048,274.96261562797474
894.3853942819286,236.6011602516264
863.7573830188815,239.01051945114614
820.4956779156987,239.73512138607305
882.3526335696445,282.3366248535433
841.618262121298,217.50607992654875
880.056759210903,216.1903099254455
876.0551774416963,253.34295056163873
868.7685391494571,288.0522052772251
805.6424393995673,280.81814216993297
811.4350775882858,263.60875417519554
878.4803183284216,222.76035846706264
876.0069619661557,199.8031758908314
814.9344000290205,239.7614319214006
873.7746689556998,199.9381201105233
888.1450195404544,281.7907917742091
882.7078008361331,210.5404186921914
869.2900869183051,258.770298075668
812.8000037998215,278.25143731226996
830.1038653152924,272.0523762241129
861.0534206466527,267.77577321162573
860.3656833951732,236.34619008411934
886.5561465574084,246.96243629165693
888.6729791008893,230.22681767509852
852.3408924974085,201.09295720757183
899.6682280319118,248.96934972410853
823.945499486783,246.032073932173
834.6485767882078,201.07387454338448
880.491526600778,212.9329568272864
812.899452267683,239.15858670463854
836.8239858066393,242.939653544551
870.7020927661664,219.12292717791976
884.786254601779,244.2285244905576
893.8102843930437,239.4205071214754
810.1313023135438,249.97175681753362
810.5317089977519,260.0434470927155
1039.6778111575493,321.36865687443697
1012.4819787710783,357.2042341513253
1001.2835282072397,390.365604449485
978.5479582700591,359.58535830336604
1029.3412041386107,340.81443549995925
986.3583579691561,388.6123607640807
997.9026417212044,398.2040871628023
960.5224186915617,380.78928615329664
987.2183652987649,341.32548241014337
960.3136742368113,349.21650288959637
970.6639326252136,385.8291578898155
973.960786642235,406.62281172927084
1024.8507824657886,345.25982971506414
1027.601942344599,366.3291828995927
1017.5172605671298,329.0496533745102
1032.63571211686,375.51068280558457
1034.1079950146761,330.8347797692432
1003.7931390840856,347.829471444055
997.1762154572423,330.2294553037302
1043.073222363758,322.15571189983007
1013.7463177384916,353.33290720863664
1005.3683895106687,395.974610422492
1014.9892776687244,369.69365335315393
964.2867004043031,380.40639564902835
957.0845389712855,406.19404300415897
1007.748872081606,402.912168080009
986.0909628631314,392.1757382132897
1006.8814519622974,404.1460623055996
996.5249923045902,360.4284086848206
959.440882586356,341.0008539488935
1021.0174139211424,322.96252421219356
1001.9905326051031,378.44099846424336
999.7908498828072,357.79123090309656
959.3219231107466,318.8041178197694
983.4232201076602,369.9293900925876
973.2260608740264,399.5549886921616
1026.167480146455,353.23772967698426
1016.8862787701471,332.8921762288193
1030.9907962527086,365.516106825449
988.286056862375,355.97390243671515
1017.2954759012488,402.0013363988651
968.3284168442065,367.2525706541329
1043.3259441485004,353.8885642689589
1038.4586087030282,369.96189476336946
1010.970632324903,392.2129464148956
986.805913258789,394.03783193571326
988.617096335636,323.76924089675686
986.3364025123336,395.8876043530817
1043.308468991721,383.77695587219114
1043.2332737086099,350.9591719085842
1029.8648913199168,350.53443805207854
981.0033561237855,399.9568360240247
972.3585704522018,322.42997277500604
984.7916919051027,395.1657738154366
974.6024141361064,352.56951230415154
1006.705104029954,369.48631232060274
968.1498870455648,375.05771409827673
1018.4498173016232,376.14663260946145
998.2920317463434,349.5694378885679
1017.6562077894629,379.984000956715
1012.9820850393598,379.80497895704326
1045.3187070524573,315.6917788061647
1030.7639539762906,331.54331599272706
1007.7832883295426,354.9270950980184
981.3034590480962,376.55659969078675
983.1380004898033,358.5193081798672
1037.3634450890245,385.342453973033
1047.2063191215734,361.36954570274634
978.454913057608,362.1214191817829
1000.2853529730268,354.71503255917224
1048.6331340062795,361.778960383252
1001.1218439785096,323.03295699365066
1037.4339589772655,328.22712708314356
1024.8238052314691,388.6754508795377
1035.8668522594683,354.67327270192055
1005.064925930132,347.62124147621404
995.4154318893075,316.22267559095854
976.989151245854,394.2654863727861
1043.971210908626,366.044555888266
989.3430019593899,368.03180569694183
988.817019015203,337.27204056132575
1039.8888723514797,319.6952815131962
1040.3587502263565,332.02634169436294
1002.3729754680612,363.7755791125014
1024.4429257206796,312.02238988303515
970.0769691358599,340.76592167266705
986.7984399607756,352.03622823883984
1019.152527450907,325.13800322447764
1034.7218491272395,341.6269529344786
986.147736413145,317.9532541230957
1008.7316886144426,308.9098425365348
958.5792617296769,352.32239541862964
963.4384103890691,324.37896409893926
1017.5538562195688,345.4423932789072
1021.4921436879077,336.48481181615625
1010.6779832572977,324.9868618691813
956.8216815756485,357.8962398467705
1004.8648223359401,341.8251602619861
956.2313348250252,361.76642272800626
1026.105362941756,329.54637953669413
1024.3288104034798,380.8248027350801
1002.2518740405819,335.58881902808025
1036.4532793540413,311.16584548617675
974.2587233342394,363.02794284902586
970.4725776845683,353.3610219059922
1016.9313315719331,396.17908108121674
986.9337508181429,337.18347988543303
972.6646848503341,342.90098040476795
1013.1903259111286,326.8706336147674
1009.0333663403956,385.46862889861166
1002.8127444337824,371.0073249616158
992.5667495796962,390.18929019990827
1038.9287074756,343.7771239508564
1009.5180000457299,336.1583096507839
1017.8408597113873,330.0846122477408
956.7816029736014,330.22760513134165
965.2495256943346,375.0059778160396
1035.4775684926562,386.66365821679256
1010.8049956326382,399.0301984353423
1008.8585325060978,319.0868544213282
993.2162066952486,328.64694229886436
987.0296128662594,350.3546671661629
969.1885185424018,391.84228641773717
985.1582349487543,402.99876907924545
1034.6446870443854,406.5474029993385
970.6389271614207,329.4233096990456
1012.7676232653018,354.2062939785042
1002.7189741009255,390.3086948288111
954.7590733303693,358.3526911651893
1000.4301119127736,403.49904834079047
1027.4905757759943,327.8556169277551
996.3221585556561,354.5124280017315
961.4968958957741,344.16810898541553
950.864323463206,336.16544424966435
1023.2135696418845,331.41425123028466
994.3277526085277,371.3834915534508
990.387886258364,390.7687332958188
1003.8640793060149,362.7781386981378
982.4660171428761,354.4185927081614
981.43318154819,344.23767567577875
968.7902595869266,409.77455482904315
1024.9928950663177,342.30716613629306
964.089686316749,351.3612546162009
1011.0792188466058,412.3693170089392
1003.5307269763568,388.56318605078263
1036.640112693431,386.55303711882146
989.9402346519145,343.38338705397445
1024.1355123456415,420.6461597759394
963.6963128138235,394.1397098995901
1017.9499207973707,378.14302984815754
1017.1515673320074,338.55950294152217
964.7128638017326,403.78191856651324
1041.5774397226662,393.4342447471458
966.097834652235,365.9464211750216
1040.1134050763383,356.3294862885478
994.1964246490137,394.3491128330658
1009.5271224407983,414.8517945162814
1038.9849517718726,333.669682015036
969.2308415222777,332.27694398170456
971.990831987466,401.5195952932721
1030.6360909798618,380.62203583628104
1054.550365289909,354.1657431699865
999.3196641652542,370.3390822807038
1016.2633389986611,358.4185838949845
995.1384959354358,340.2914360355212
1007.3727766334168,369.2489839268572
970.0928655967832,364.1851520049376
1055.1785428059134,366.43419153754286
1043.6773969227077,414.53077582311164
990.5596039355434,342.0809192008125
1031.719081433086,386.72711914138523
987.229274288263,403.0700495348866
1053.037392849666,335.51365162004817
1030.34474402264,410.7070865875496
1025.2475879588962,391.6987149313938
1061.2255201074586,411.6102332896703
999.4878512426145,328.92653461012685
985.5460465874356,335.86800107355634
1016.8404161667518,375.4217053446488
991.0959032893722,406.5156339557506
1047.2948415140168,393.76960548551483
1041.5236888289141,403.6959217696741
1063.5010660231615,348.7462423565041
1012.147636275088,366.64572393657244
1033.7067499661232,331.5534505592436
995.2699084411938,336.69837331379756
1063.1075878121053,369.81015948752673
1014.0556091501153,403.41899666584106
1005.8705026687658,391.58228475760666
988.1566684642398,400.8952055362905
1000.2958880333271,335.1121844630529
994.9097073842711,381.68588671275427
997.8935574648326,348.24531841133864
1028.8725145282344,350.93783317732357
1017.0059716898791,377.17239711751665
1054.585546015677,318.15691309421
1030.4551632198568,354.65591180743286
1069.5800562841303,332.16814614496184
1029.9285010974825,376.0273732988737
1047.1059462343019,373.93073182363315
1022.3490308693308,383.4471111476207
989.6944667663081,389.8996386038399
1039.0433762765429,326.10213180289554
987.4705350925527,386.197286529623
1067.8602980325325,382.0528922740924
983.3331195761273,339.7040972319717
1005.6016984365773,341.4167372053781
986.8613390291462,328.13615071483974
1024.0613264336596,388.9363010157517
1020.6725602850069,348.7143691922672
1033.363967167142,382.4083617895169
997.1659524342543,405.85587605327214
1015.4788187734509,355.98333068686804
1017.7064747318427,334.63908767179726
1019.8089341778619,329.1085181863566
1063.3884327611543,391.742234207124
1066.2465441206402,402.2516426752469
1056.2205962924677,393.0672229573437
1006.2114032479516,393.2929830291579
1011.5881711155384,400.4020248414746
1063.6963061682604,375.7574639394786
1043.2227365700203,381.1719993865444
1064.2051983543163,337.2218071386549
1058.1085828306443,367.6485967497279
1045.854556021011,382.1218915977572
1039.2727311755077,356.6002332799628
1007.6843992936506,359.14678997906265
1052.3891084182164,341.5342476015825
987.2331119173455,346.42015442397883
1006.9871731014996,351.3443493232922
1066.5117277690813,348.0095442934477
987.7746020094924,380.4605769843589
1044.8152973852696,397.3487826738301
1020.2044018181379,413.57320286253315
1015.1197788865574,377.1378916360049
1010.8817199850424,363.14454043050176
1006.0001896233179,390.01125714774525
1059.5304020263002,397.4735580542496
1062.8408061257765,391.6071430886543
1059.3327645445588,362.77002794153566
1035.651876995214,419.9479774336856
1003.8745150967906,391.0605910453196
1069.4266041702488,354.77246574769197
996.0607698659915,393.99042222410196
1007.6571546949342,373.5376089219275
1068.821252953517,390.9216649373913
1071.6553295724846,344.3255112935725
1027.4693151010667,372.1827532749857
1031.0504423171972,346.90799003779745
1064.4589895059926,365.42298995235353
1057.8569659194272,413.301669708622
1047.016879271142,392.28655736984695
1011.5402738370994,344.753371105974
1028.3323412193051,333.9793831761618
1004.5835939263159,408.7835659999313
988.7260404131982,358.2825413391535
1049.1075552537534,397.72123374264265
1024.551538343248,324.1487696925109
999.4627361095418,406.6582345966123
990.9952886879734,364.6127994130737
995.0156505907428,395.26946160052034
1076.3377658918073,360.04922416741675
1050.0457104421066,403.4228180993682
1038.6197193110665,353.25277041325467
1017.4770033103836,345.4037227766896
1036.8329917392377,352.141776593974
1052.2019679460666,373.4420645747557
1011.0473164554425,387.47983655476014
1005.0745455117038,363.936237267203
998.8262313177264,391.21615148474416
1071.9005236915714,332.5441978446588
998.1101692694167,362.47702755970835
1070.776022701889,332.64623298732903
1075.8725683540342,371.4701966044319
1009.0422389083109,331.9704682632063
1009.0260534315341,337.5141379898813
1071.4223893918672,345.59495836812766
1010.7368009162869,399.3620232447097
1062.3836162017287,340.07338135382844
1043.0876310462102,386.5331823311117
999.1505714518876,364.277182341846
1041.6880449826951,383.71280699195006
1009.8017920394087,357.89839495039496
1020.2931921919076,311.6052571519804
1063.5910876391658,376.1934832918813
1021.9695724975171,384.27880760664436
1020.052647388767,321.24126303881445
1038.5514559878627,341.1988167080779
1067.2303249034821,360.1472520572839
1047.1276657663211,378.3422350622471
1008.6741109993284,373.73234748392923
994.524403596436,376.25400371523904
1071.1315430320394,322.7751108916469
1029.5113941184784,324.60488744129816
1041.1954717864087,372.61744694507854
1074.0909150944321,383.66423532277895
1032.4585753972895,307.72434748482635
1006.6987463719104,330.1480356301222
1013.6274222361003,365.84660063661795
1029.0245230909063,331.50576790894047
1019.5268150953409,327.5452252411088
1073.070273270064,309.0913663198413
997.5925494467875,363.12183544015994
1039.4646332667949,319.0164553265135
1013.5080415541413,326.8608236912548
1026.7542364129065,343.43937201251856
1055.326233815493,373.4157872837032
1017.8735532289668,378.5272937346571
1009.9437329088277,331.2103833575699
1001.0537948982382,311.950128768086
1059.0427663718126,394.0166275081067
1014.6540540407585,372.8399196503149
1002.9205215292708,357.44245176925745
1045.1641294631982,327.1607490288806
981.1369647179853,316.451476361019
1060.3354908366855,343.50466619790694
1049.7690966480707,318.95998927622117
1022.005529068069,346.20381678863214
1030.6868122339092,355.07147062414253
1036.5174935717023,361.319890880353
993.941268241934,316.32934501574294
1028.0274575344706,395.70719880520454
1062.070755788398,312.54756550845474
1002.3407004672042,345.9169161549854
979.8692847835692,406.5492439168752
1003.0628231810117,404.05586779953376
978.5287841178226,334.00982733727415
1034.8100265181981,346.3958800845089
1004.2094075791297,364.738030231763
989.1149604783867,355.84650008293886
1058.0159140214575,369.86046766049253
1045.5971794655716,410.21815113440823
999.1781901992302,347.6148970162946
972.9092401305759,370.77382190442125
1001.0574752911278,329.0149808367917
991.1004325389295,350.19930804094764
1026.198264908662,326.6993877846811
1002.7970703698442,375.8814689587623
1037.4976131371054,363.5084335331988
987.6904205022189,322.1576946434428
971.2446409107733,408.73250422895126
972.1778645305327,413.21187093121665
1024.2729901187506,368.1960506026492
1026.0507791688995,394.7124562754325
1002.8698362891125,378.2247840332899
1002.1175451681469,396.6403808786206
988.6390363847258,375.4963690042331
1007.2930542375498,334.95356584589877
1032.2030216312683,370.45619440796014
1052.6826421108738,404.3201271391818
1058.3218637543007,370.31051920533315
978.8787293434223,337.71555015422496
1030.3624977471725,392.7274898327879
1023.4084201085682,369.2776838401918
1007.7935836925949,347.2155132744977
1011.8618754148783,363.32249789821935
1000.4662241057886,384.24430482401385
1025.4174400045722,405.29833186145487
979.3521950352686,347.60251726477173
1065.8536711135825,379.1023503093945
1065.146396853915,410.2031359362985
986.4270045471105,332.2413009751155
994.2645556683167,350.3673546303519
1031.9004155919783,385.1401693570307
992.731096294729,377.10841230204255
982.8824523427162,376.4351305645785
978.918008143569,337.047523252579
1023.388572048785,404.41398574323375
1060.0139767036032,408.77459546816505
1026.5609039240358,407.8891713664419
1026.5209835972635,402.29502683129704
1056.7011354621318,342.25502230185197
1046.3183830855708,418.0269499031361
1014.7583812552177,358.33330348868
1008.4126266909911,334.34881832913067
1025.2473901059598,357.7616978958498
1014.4357103181952,392.3020277084279
1051.569337001099,373.09973410223495
985.8787497192235,411.25081215754176
1057.1139583557715,371.53704799560523
1057.690735748481,393.10598341618515
1016.141545337294,373.6018458988365
990.0028155801361,398.798401113253
1063.0300528595474,342.6499523305235
988.3248012034634,399.7044618184708
1018.0393131233755,343.01333806694083
986.8817358878164,389.3750890832916
1070.3839721150623,393.054509229319
1035.9322007677722,369.1987214087231
985.1149394547142,394.81898873591086
1020.2261250588967,346.96532264604224
1004.9173421778011,382.1168961151478
1010.1502163191286,356.17879655862646
995.8791818208139,396.2433232928124
1031.2562257843074,390.5642061325207
1073.9610817349633,362.4135335163292
1053.9040742590564,394.9964208762259
1066.8112001282645,373.7848264875895
1003.3577311856518,362.4724977217819
1052.7113883115533,316.0170284024459
1023.7648505586036,329.6573167649458
1047.848020908754,358.619551691324
1043.6908995789245,346.654534166197
989.2799792322871,350.30242981047337
1016.2577540773444,330.1748732462405
1055.3321404969713,382.1710729608758
1036.4288065366834,392.5824889599579
1039.5903305424008,379.1719137483002
1040.5997329769043,320.04268370848115
1047.4078984069668,324.2895981215182
1060.2404508056597,339.76225242246716
1015.3362829710317,369.75249466184925
1003.2574817083178,335.59171321427357
1060.5422011939727,374.4509334551612
1006.5418234056932,380.6159932452162
1005.5297215170671,372.0542870386689
995.1910806460351,358.2367313194695
1044.1484280605,396.97113112826435
988.8245184553446,390.08321479696804
1026.4695692799783,366.1039803219434
1057.0402174702335,378.127882780291
1034.9529093598444,338.62699148861094
1013.1826840598227,358.6330439977151
1059.4765207458474,368.08870676469326
1016.0139721884433,328.7221490417352
1007.3507675928341,350.6867354654698
1011.5702547337753,328.3457117194993
1020.2385555208184,356.39375641700025
1028.12797606192,413.75618077486916
1000.3679388990648,405.961426436437
1021.4892300301474,384.8325770390879
1068.523071420454,410.1779660269392
1019.9888695396841,357.9194726424889
1039.744778336299,368.3656538337013
1038.0530212290826,396.7239001646637
994.9761686053491,348.4272197317536
1003.925466293787,355.98276942823355
1042.2181746483707,396.35551882280663
1052.4322286536362,377.73408412518154
1031.6433454301753,352.77732450396434
1043.3358009985739,411.3460051043604
1023.1515810122357,371.87729057536103
1061.7339164933612,372.5519542842273
1011.3299595004817,372.5073590838913
999.7543414056202,405.35924725409893
1016.5283858515534,380.37709201799873
998.4501257704088,415.7232523622837
1008.6266026242557,397.60596891173844
1016.6299902910708,396.1252380895813
992.5468787582109,361.62974356385865
987.1382908859998,336.6095125249138
1049.4327167021559,423.53950784806096
1047.2511813916835,402.21329705818755
1056.9991311904284,348.6288442779837
1049.096187943005,396.2673377376359
1042.1733567155204,374.84568616593265
1059.5748189984406,381.287900544284
1038.2748314553041,404.3344756431211
1058.5600849297632,405.06602461179506
1031.0217690375214,362.3619339882069
1035.4694842916085,365.49501497785286
998.7235350215853,388.4658495382522
1078.9221275329867,373.98807378877655
1038.1964236309461,392.7966598526474
1031.656629411836,409.2577600946492
1009.4181486205331,375.8845231754703
1054.5714653985187,374.73309891631396
998.6638468489795,407.88116394892023
1072.8393949632475,373.0166667304301
1064.160755358934,353.07793114338995
999.6198434439195,392.1294044294618
1014.123777949775,382.2817894976874
1006.4000782498586,366.64435067972096
1076.7972467514517,405.5317381882567
1019.3852543261567,349.14919118472807
1000.7960541802406,343.1164519549068
1072.852223660888,386.1621335667132
1060.1392500493023,330.40222407656665
1004.5267265636495,368.89306397418244
1065.5871706863968,328.83034767602584
1063.9478860394472,385.8600585422548
1078.995342386618,397.66314709203357
1013.3590330839352,413.789881645855
1044.3136980127165,328.28820730607504
1031.1264482343238,340.4504985365656
1031.844661206334,392.8776120712532
1088.7995267559781,365.01853491404535
1042.3217435014012,352.4872773023185
1009.9394127902045,366.96902111196846
1069.8476440665715,345.1370493167217
1085.4667901140838,327.2075324626941
1050.3026582827672,385.95841010911585
1030.2089507204555,324.48967474985614
1013.4914207252153,336.2548306438554
1065.4998330841006,369.7218330160167
1073.3576594865815,336.67906913297503
1086.7038104539179,367.4931639071347
1042.224678812522,399.43944886341734
1012.3516413015956,376.3376462063834
1059.8190732721155,356.07895150878176
1001.1995755299072,343.1525908416602
1061.4106890387911,350.17213977306653
1076.1245193099442,384.89776356360323
1039.5591870853793,355.92056721665125
1045.949006489315,339.1791534669951
1037.0057125245762,348.594375561728
1024.7576025617332,332.18184799602165
1063.1300250202046,340.6932399590108
1022.7960171599694,404.28797360524675
1004.0646975195427,342.7060372596467
1047.8882983374006,405.5399740425533
1054.2494763754576,354.2962849545745
1040.8147773057685,346.78541624862896
1027.7736464906927,397.58438817581657
1047.952171677389,318.8642724890351
1048.6047144001855,374.13496526985
1026.3042575966447,401.90689584419385
1042.2102132146854,324.91095407134134
1014.9883426718046,338.5244304941812
1021.3922211275589,376.6568987064736
1003.3454989385714,356.0940977411279
1086.4396103217014,366.88810093705365
1014.3284203183471,370.32685616257265
1033.5042874974483,365.92189682146113
1063.577721997079,403.3543719555044
1084.8255358938677,392.7759324435005
1030.9762491740444,403.90626795593363
1032.5913074274274,379.36804997136454
1009.7793190720276,363.63583869297605
992.0177054959381,372.12191531540043
994.4973115225022,398.2056308846801
1016.6352850787541,383.76505654280504
1041.9171833370162,340.4314566617212
1044.9822644444137,364.7866603275926
1075.0399395326408,328.1970356513797
1048.4431361056886,387.4305874276123
1040.118127521177,358.91783261887497
1078.5316298867638,370.2078103053447
1058.0123184436725,365.03708587355464
1038.4961677355268,347.26337548619455
1026.5256614267937,341.103998247985
1011.1661194848377,381.46659903522163
1016.5479838657026,343.07053627340014
996.2057658013438,408.7177538205934
1047.6950600993696,409.8187165557857
1000.8482824972998,385.47376550554884
1001.3332299787144,388.73492543426835
995.4568036636822,371.2900811109355
1018.9043906085527,392.1635536922908
1058.8489680638256,384.8318711176655
1060.3742035978426,355.9765687603758
1011.5904253090755,382.12084829110313
1057.4376390464702,386.8885671621195
1008.8352486625898,380.0203957946405
1057.7613442548402,357.9083647457522
1037.9285421986656,344.1542699427195
1065.5424049553446,370.35568864115413
992.4853741477428,395.1499494996406
1015.7740009420718,363.76464964998684
992.8448958290444,411.8209370279834
1018.6490498027382,341.4713269411056
1050.0234824228714,343.79398849201095
995.0593730169862,392.70013614247154
1037.1369040397112,334.6535571830453
1040.678216065094,337.4875491522138
1022.4592295617333,375.0207944613275
1069.7494922170968,388.9044606754002
1076.489824695575,357.6104973261128
1068.4469256127131,349.24096360621036
1049.97899435392,367.7423756217065
1033.2956015189948,381.1178706398616
1071.3927416164443,368.8821313106638
1017.1321547004985,376.0350944583336
994.2800860436771,353.4441906995979
1016.4612635223298,336.4723705709628
1031.1904799548838,340.8766387125103
1055.7327271336235,323.98086130824896
1002.9230300028908,412.2554417732376
1012.6364690817779,334.7423367718919
1049.3215311613226,368.2333789768704
1080.5406708708747,355.95884620890473
1075.4102268599393,341.41745515759584
1066.9193656678203,318.3813243404079
1015.0117331350608,371.0521624255981
1028.8279036049719,321.90762411926596
1003.1547300853583,359.0294393306705
1014.1459448676941,386.4384407558503
1016.5654554019305,392.21681138539157
1084.783193787279,354.25470904215723
1073.983896607428,394.7466970369079
997.5810019098878,402.49423475887977
996.1353301786385,320.311618844269
1016.2282468054568,330.80371628757405
1014.2632946076062,368.7902749624589
1069.6279658160322,369.0088043122689
1003.5931681262182,330.18818658994496
1038.5824133877463,359.860929139507
1004.8987627472612,381.1235364244108
996.8730850515608,392.0469858655843
1049.6968731801749,354.3220858647838
1024.026042452098,399.8696360413304
1069.5184727262733,342.18992088226463
1040.7554308627023,363.53337787824654
1064.8713332635405,354.76221880957604
1070.1412012236806,384.4961279459979
1016.4850379201758,349.6013503481747
1033.3032073618742,379.24768839160174
1030.7362114189586,342.74343763654866
1053.5754264609143,331.9632676451418
1042.4002372031464,326.6126081958538
1038.7291136843328,391.1053900738434
1006.4456723545047,388.50059443030057
1007.3190701690507,340.10864795795993
998.7916205913623,362.6244706469473
1021.000869092058,377.2268922231628
1034.37325743973,339.43847590130554
1012.0317585175925,359.59458587112
988.2017859221463,328.0394162207109
1040.7221999227227,402.4831102335313
1002.0956402435271,395.5364149260478
1006.0110786913999,389.4988850610414
1025.7697810614297,339.2900937261493
1003.5550962561206,411.02978074418047
1066.177115823035,365.1662180526117
1018.24860136253,374.46779610905975
1018.4069213220826,357.0800210028988
1045.8309025049266,369.8280818835788
1006.1940928034221,364.4442992666538
990.593812868876,367.9107978239898
1055.5608296712871,352.94367588358926
983.8124563201783,391.6040566928092
1026.2684568683183,420.23944678179953
1040.2219361753773,374.88203078938824
1012.7354546028555,409.46098656454376
1007.3151649533273,417.69341269532293
1038.2766596870574,422.3443033772048
1024.0523816204957,392.0878965761874
992.0949258495282,385.0024035928943
1025.5264059386334,387.85385068227134
998.119358365265,344.31285963010004
1057.5928138908994,392.151379437349
1014.4707301471838,360.2177292465914
1039.794555278263,383.6897991891947
996.412848959088,412.49683022998977
1024.899571745952,420.24465739690174
1060.4901471363514,371.88264366299666
999.2921454174912,351.17272409967455
1069.5559058788785,364.76111188044536
994.548348574959,412.9360339123777
1014.4581707681091,333.9706283996595
1010.1040895525651,342.45167420364663
1041.7792015689615,367.684441826702
1026.7150807313997,393.9022458816292
1041.457620585185,345.86478544498885
1004.2973737177133,367.2210712921253
1069.6447466148807,397.1938270709651
1034.8943226643312,380.7431930977558
1002.4213490133645,355.72504975621365
1052.422906757043,392.48936456679536
1018.0608337540988,411.53817914877965
1034.9020460236802,402.0450645306709
992.4783764696199,408.3972148101158
1076.4879464375742,371.5912494186653
995.0712942625445,376.58747525925156
1065.4968201573886,368.0531931414668
1011.4152025591719,332.39417283676363
999.2098648917037,328.25811395539074
1021.9878196923257,388.49208054308826
1060.2310071517381,415.8908753999224
1012.1963467702598,410.75717358458064
1029.8986466882395,349.66276231203375
1012.560774376917,349.30252841616834
1059.2831282897193,410.3766935291965
1037.1240989741875,395.1445476185478
1054.1039432664465,402.6982882143926
1051.28115107568,360.7257074775116
1059.2876008614305,404.62672471617884
1009.1061159070306,406.2567756524061
1062.3733836461445,332.4277217137196
1014.6939210661608,332.8018165976733
1068.0321583222785,326.3835209757062
1007.3116623576128,398.2766861840857
1053.6184300018035,350.38399190156963
1071.2605414872244,346.05755671490186
1009.4692126391927,334.751244884295
997.3104672200321,387.73517896981946
1079.7737757279385,398.91423110374956
1025.3105653855216,369.2339310556804
1075.1690174455869,391.5838258538046
1019.6191346985385,390.63700363203725
1046.1439139189954,338.908011765357
1056.8691045588168,355.1648988647218
1081.9176324631371,403.5213867327202
1044.4087845033218,373.41581852689285
1066.448465554491,399.5640228588693
1055.170547450727,393.5331778884506
1032.4596316501954,322.1464472432317
1003.3529771341123,403.56834855194023
1009.6747920974224,324.0258560554013
1075.9720683686417,393.0561828591001
1076.9583389891598,398.4914338372057
1000.7598279089425,363.7493842160283
1040.77279666062,378.9159238888367
1038.7429598345273,374.9996487825389
1020.8125303653518,355.52631439055165
995.091810838073,329.3645049448904
1009.6620764353002,352.48999827632423
1019.4378337527215,332.2860530955411
1017.0016599490116,339.22654363930195
1026.8637575534256,390.71898403450984
1017.9542583526934,386.4101966820836
1056.2289642900225,398.2022345884824
1066.9514555840365,362.99982923155073
1053.299868624576,378.4492333905177
1071.651350869638,382.6134800445085
1064.2106170752525,366.1754213811548
1051.8718748920837,340.69164816185094
1009.3474077438536,352.42064367241244
1008.4980073909655,374.75081379263395
1040.4326125081407,348.55512926705325
1024.1795315661311,334.9089844950172
987.3648634891246,322.5926181679187
1033.6434262229877,342.5556248467078
1044.8025115516054,384.18230301416486
1008.7489010715398,368.53295118201606
1071.216592991757,395.2899908487144
991.0870192256542,380.3323148683291
1002.7782679407597,378.1153257280635
1035.7721864374791,339.74562504385324
1048.0505510038013,395.3080478091496
1047.8359308178055,354.67020342321473
1005.0062335292879,386.89953119036187
999.3875717004366,361.7605205370918
1060.5785379707818,370.5885430587537
1052.4093420644738,394.2433612400617
1071.717382496815,367.1475265278214
994.7093595277628,337.00773061339726
1011.0917940334928,323.94063752848456
1045.0279450911614,334.9498777418281
1063.6778486844019,399.0290369110051
1025.849839640945,406.66780813492585
1055.5204556749954,381.45456286194707
1039.1217565517672,349.48862277498154
1035.9315689480877,333.24968373507437
1048.0353377648094,334.8182276397359
1016.5401917897108,379.4368349472656
1056.205243414796,346.67538508497256
1043.855647256193,326.7129417910162
988.4905591750727,411.73119999397335
1051.1231360922798,388.06683576718126
1013.2311954357681,364.232178174479
1055.3677310107964,330.13350341997955
1025.7719003282627,340.2379362402346
1035.6308345406187,383.3168565639119
1073.5986816788343,369.5616144541254
1041.8750137475674,390.17176331931154
1067.7978768609637,386.7619194792133
1041.2333585369495,384.2473046517596
1027.9091971766936,404.8482433770515
1012.32859001922,395.16779496142397
988.925163386955,406.7446005689967
997.9401329733645,405.4891452011416
1018.244682432565,344.25995485066045
1044.1688108261555,324.3448567795808
989.1198517480203,409.20661862813176
1049.1071294919398,343.5838271680175
387.5870852216433,145.54712033258534
409.72061651251175,189.82756429651238
407.22949851144267,141.42010058787076
448.6232722840159,154.57569756637403
421.4318027754332,201.08815114925642
425.0085075668418,208.5585921173069
374.38727962492493,197.9129640122773
411.95934677676183,149.9982827104727
446.5853441399027,142.243557303116
392.90762514107246,160.68193492847277
377.8839993090157,167.21719900997803
448.6238429658339,201.88528216520046
440.32487454663755,162.17494386174147
369.1696893227573,195.5674559345356
429.4268568263574,196.38679489277652
423.84588035795866,220.0507107848723
431.16158510283435,148.16552463491618
371.5581358353477,174.54965458201562
395.1760786086055,173.46381827076684
424.2322858802019,194.5249334816063
379.53731275127507,147.97118893350174
375.502905692894,191.4088257193422
435.29429552496447,196.40661297686466
379.8821300283254,178.42821114015982
374.8291818945329,134.42534033561617
428.4420662002617,183.47456538559692
405.11406484985844,147.69007368204186
404.42885353083784,210.7920807214196
446.7859601651437,153.69258867390118
390.7165230243932,153.66660689003606
428.43895235247044,164.95114309487965
423.72075406860824,177.59993911321584
431.9407020881472,187.28335940291274
406.6156907841049,170.3953888048025
393.9526151552375,218.2895175938361
383.42490150956746,190.6742591310114
417.71278340913506,169.98516616772065
431.0350866616237,190.11132249346434
422.68219413561127,130.60857436436567
431.4288057552962,151.57391542915934
404.4296206966688,143.78203960533838
378.61670556059966,161.9089242674118
423.89868640083876,185.9080649389154
446.06417779265723,179.52344093482074
368.88950025697227,209.9139004914686
409.96886722186804,149.319714821464
361.17851711535513,162.97070651593543
448.8764364568243,184.2658419973599
418.95490256306834,128.61153061839204
389.04139259764605,153.89534663115245
381.7922902661081,201.26779280045477
443.4991047144128,127.08553104707924
387.1295075442223,142.10597131508618
415.99224297821195,130.11032262573326
365.8181624112111,136.25711417537465
423.47717639780467,120.16438121604583
424.4667776372378,199.09783125329704
371.84132617260536,182.65537695253934
375.9494755184138,120.35505378991166
369.36057510278533,191.3902770775354
394.0047860513798,128.11322697349982
363.1410272182826,140.61074891274745
394.2603360463801,179.01920300371614
394.8263192406859,122.7563248041215
420.7260287181846,174.81182481337817
356.03728337960285,199.42885505496747
379.0080795886685,192.82169471621089
389.13815861110373,134.2351436626944
391.02711667118774,141.95393411594608
355.8419977914871,162.4883439840292
403.1842423414088,123.39435796879724
362.6122724658258,176.61055461020015
382.0590060022641,168.40068553952594
348.8954360777346,188.8143679917141
404.082423171158,162.19388996603809
390.7732228950281,121.99938700941361
396.44301377409295,175.79370444028015
412.1869794628943,161.0165966488977
349.3947386714035,132.70520678349646
347.1277937555359,150.72372554540468
394.9665890358409,165.6772791224113
348.55946926379187,133.44849719256877
370.06040477160593,203.35760125959314
356.1554073896735,154.7544061061575
351.95012359136643,194.4302268906157
411.6210453152497,168.2477364910267
387.72907630618437,184.93836264367366
329.65401152598474,163.86728190097307
306.23598451704385,127.93327987581492
323.61161195182126,144.8022497357133
335.0707872608018,166.58796067990934
342.5803401505023,115.05603554056646
387.2507632193507,172.71923119957398
317.2007940016315,111.42661353481532
359.86165811086005,121.40253341750258
349.3578804738683,163.69729455596553
314.7515212485249,169.28052059971006
375.212760368354,167.52839664806834
385.7513839338195,154.0521891059054
308.7351437510823,124.85396977462878
361.9167785518207,157.83117596985113
379.92518114124556,143.03312086496499
318.69543775839014,145.1401395960711
322.0810198843618,182.94342997379965
321.60017957756406,133.49614078524039
301.30904604078825,134.51155683798456
359.5324028676439,159.33052667039706
354.9322347637585,188.3898805381333
304.3949143111773,123.55538792765621
324.23081457788345,137.4663554137898
308.27717674635153,154.8436042604257
312.89851506958416,127.56015917800643
345.62098684106786,131.06912031865545
330.1124556701419,191.01373767034494
331.57902574126535,172.23119164964345
364.40469155295597,105.78206159970799
325.66220166449193,116.38755703666584
372.7462035585371,169.52479665669316
360.4224524618444,131.0160182524646
318.9295775392936,137.76710979650278
301.7775784565831,178.52688279864947
372.06962605419125,181.0055960692183
362.59824126456675,152.89437935232922
336.62716883897144,123.72915597060964
384.03196356346535,184.9730283124369
374.6733123818761,104.75572302519761
382.0357582117569,128.8293070830315
303.69920474062474,141.86825699406802
304.23235322543593,177.2209087502045
324.38338491984695,166.31709215142777
317.2364075691479,128.363859874782
312.16412733380696,179.0332028360732
324.82128343536465,168.90802672871519
326.99528292710806,152.7153027073405
348.3444632290853,146.23568421893793
380.60896982867393,106.97612670288551
333.0754302618813,179.33830458613227
354.9985561944542,145.19220978434663
339.72384623969424,106.0409867710521
334.6885815564704,99.6801059140738
315.37802188796167,103.19694230248592
335.3144687399223,155.45745424831435
313.5987427667051,172.8756251990625
327.44346420109827,97.82751949116985
377.97497027164974,117.46098990366971
368.2984942441826,126.14828565738694
374.12150879107514,115.45445045314499
307.1870050002526,176.065714271116
377.37782673589095,119.71607457031908
367.99811373242386,158.03687855888074
331.6403385267672,156.72575521981923
346.16259342951366,118.86869441515009
314.83900653798725,158.17398177616792
370.0110698004563,158.59564135066825
304.51246968176235,133.44946150766805
383.26957003543566,107.2304065177457
341.28498111282767,175.71015423003536
345.2367010538013,164.78704737694997
354.2416713337717,153.2111669845491
348.5519868677905,170.0349192039455
329.90760616595384,127.41815674873317
331.351912561257,159.9139641993919
353.61366895390375,87.70565262607303
333.6543716089413,144.779327329586
308.6984114750112,154.52922630893772
305.904987717346,129.1778930477005
386.9490680983041,142.57789572873384
323.95768717913256,91.92901039082031
354.52914979448565,156.89521888773004
359.38089322853523,100.46659014310694
318.890877836859,171.7891030091127
326.6259212792697,123.47495671615333
346.98355418709093,156.00924973172104
352.11971955612256,149.62513381541464
336.6782944780699,150.51772678141106
366.13082842877213,143.41528257291463
329.0926244582487,118.6526790489917
376.23612697956133,106.73949429460839
351.8459071321442,112.19303504572801
315.1513460186086,164.4275287284646
314.4362419364321,132.35322822759812
325.67476549054635,129.49193971474054
345.11454561572054,116.76185914082728
377.60203570326877,118.3535365041589
313.439308049081,189.281270720882
388.16642273360713,146.09510889176192
347.53340695849727,150.0891445197092
367.2719512758353,152.57224888666013
384.197304389957,175.65805174030058
306.36009038635086,153.5847121929781
321.3175104772573,160.90377515581474
322.0389385074002,202.81928993088286
350.13425935432497,176.05751623068886
363.7852158640345,128.49263739171388
339.33411196966273,134.28064444118817
307.5475143799312,185.34789030922576
322.6975876545964,147.84920746792295
356.8288656843856,143.86671765237784
388.7510157022137,193.93406169114868
311.4305233632546,171.9317476385083
367.1001440850957,177.53740775072646
335.9790132555319,174.66862467320402
330.887741386368,154.4034987516397
379.20970071638817,145.684279993904
325.1762493515291,201.29049886334886
301.06705157283983,190.13597999704345
338.624586651741,165.88994716749337
360.7147333221886,216.19249889084904
316.7288207382616,143.47311516237966
333.141899378227,221.8960568273356
376.92744677791444,203.34371911817988
297.9803680095563,144.60942277095998
366.0496365558603,187.6913295728511
292.81446346213954,143.26146003585714
379.348076751454,148.0175615621376
358.40057806920277,137.66470825687347
305.65343208162705,219.5655295703802
301.9137679098724,181.75261187629872
363.80736875774954,156.75594030313678
339.60887435135226,198.82304923520127
326.16565929122936,208.56724305792778
306.9850282280782,143.89370831238003
304.60531507434246,194.072600317497
298.5219451037633,164.41824300201145
314.49138665557916,163.07496901241473
333.9065457399624,202.73995653573215
356.6028070006823,138.29724184957186
326.87273397201335,187.01270770274644
280.07677268509656,216.6384060698552
290.412753483106,217.3435705997469
294.58742132046405,185.7828495464436
334.82723828023666,169.02930918973257
301.97878786073755,144.04243590543317
351.45381801036797,206.3139888636341
282.6458261086789,137.38067248197888
337.01173702707644,149.02796196375738
283.0059174954686,173.51215985346477
293.7225633545004,220.9068082649372
337.86894779827395,140.28373767060788
339.20971788139815,156.19865894339426
353.9541839671336,194.56106524193206
279.4703547644141,157.4190280937637
305.6109648553829,139.1506535384005
302.4842794423689,140.0242798349652
286.93538111432406,181.2104177537468
283.4103958788121,150.54139686269525
334.70448166306846,173.96549974845925
349.82856796884056,142.64195144494101
270.7019128919143,123.32860346886345
276.56954864337183,123.44942650604406
310.2047813421808,157.82721767502227
337.71652546585096,138.72793865588952
283.4996754715797,122.22138252639533
342.7291524952794,189.82241229138032
336.9152104319737,124.63030333959595
311.82387481246315,117.15881122419536
284.1194776746271,172.573002623903
321.9309884767647,153.94700686049356
272.66263815032073,157.5670397550253
354.72980918219315,98.52861946362566
281.037012690424,167.61822881207127
338.18071751330547,185.48716154412688
304.9453294247804,112.15829080366419
270.39255515073955,140.01238060294565
300.8428340081018,159.71146578675123
272.44690267052255,109.00842922753176
285.45600424404256,125.85683808709854
308.25395688734244,177.64263941866338
354.4785115808518,128.43725438115035
323.88123466157936,165.91861573182376
297.174340364285,109.10384283179536
284.6982379786117,99.70325444300065
307.94658566350654,186.75017346982048
292.0285561855387,152.93702839272387
340.95591300988355,162.80230310378693
318.3378053365502,158.06133875628706
302.96076966983225,146.4227268767587
291.5931192621596,125.12752986714298
354.145014886183,149.70803573635826
284.30613499713576,124.85133241191744
301.65022137709144,165.2504462027144
287.68633203591315,150.47704004683607
332.00186208153457,140.2261040925211
279.7887729594821,167.62928991444127
281.52364038322844,135.33106033097425
346.50145969688765,169.84728575142913
346.5051828677525,135.00427509417312
323.9415467259999,104.42034211598038
326.3649946044046,158.40695776898457
360.85546877450713,122.59048638100094
291.8072490102442,178.53337773078601
329.72519299107233,105.21371247407811
356.96528194676097,150.38655017553526
311.7182898152865,117.4749197358303
294.40574897687975,153.39095931696824
318.34626333491235,142.18863576344887
302.1102892282131,132.46653325559336
358.9629017226199,120.78134355018116
363.00806151490275,102.90575224253914
303.7488834074435,144.4038036311064
372.2808904513425,105.91939570401958
358.0499606962509,106.40637802630869
369.50535272536735,115.53494603084917
292.93728937377955,179.12372325411843
367.8429431979547,140.65371380885364
338.53719049601784,134.57019741503242
292.5591628223869,163.8396275790124
360.491669638691,128.6684359825014
329.8164719167747,152.21691007055463
365.25655462567465,132.20599181427332
374.1713563419087,100.99620714311021
323.53940457850354,144.08564883429497
359.96178866878114,100.19012198678007
358.2489362046193,153.3811703431286
292.140089171036,109.11457453920725
355.16418371395974,109.53057283256567
360.68946339791216,180.8825618521571
375.535520102795,159.17338841594145
317.92509722714203,159.9119893819415
319.6483874445481,98.9088453828297
327.77400143573766,94.6901950991834
303.9378565406639,180.38269076771425
303.37152782442166,139.44181025099283
317.74948924138806,129.86860993001653
366.84441240160993,179.2983973255126
292.62901447797606,114.7838821843117
294.4254413751568,126.61980468244249
317.81343645450784,188.74871964111867
287.3577651924501,157.38896419689715
317.33956712848646,154.5414604542089
325.5895989197372,199.9755109508555
298.4387804410383,166.40877887462221
290.0542067940016,129.3269316337011
359.2840249642872,130.32267085798227
359.96170936877786,186.4418196797544
307.4947196873364,148.74170829669094
285.08285554317746,170.24751197133838
317.37591676233876,185.75814935996664
292.34520270217,195.82474869987107
362.558138901817,182.0435105874103
365.7850623352863,110.2081356880498
262.4274288428152,160.13607059454569
295.67565668264257,128.73602305552578
280.10304887301527,168.62859452531416
267.3453062022511,130.46681843562817
330.8908925572993,200.87625311124825
296.87390285847914,184.4587547142028
287.9415876071005,146.24308313956558
349.47190838192216,132.37430993370322
318.3406931411687,195.05151712481717
277.1842054370923,191.11348222760537
331.59906247007126,166.24048256262535
271.4539505261722,153.10749971624585
261.195450062732,130.29004274790316
333.23851062280323,209.25540922586174
292.96330755513355,146.97143804184898
278.14469192229535,144.14576354121266
339.1701499549559,159.23281947735146
242.11526057091055,177.05302778353078
245.41213211286717,157.22941125634824
296.20373793062447,138.49948732662497
288.8195344608266,127.15104579006001
325.19818661956845,212.48558455608685
289.90620453798624,137.56451894580533
244.80952442913232,139.77953670640363
258.64305618501487,164.55207713619683
282.1105003387478,151.04378192229777
295.5435103386311,194.60103009979855
259.71134101276635,197.22147202666565
304.87769639075884,203.51333199832635
300.6946581705839,200.03995734827606
264.17959443225516,160.5052659862903
270.66930178502906,136.5922446556403
314.82341706501234,125.47952364659051
244.00669132368012,162.6221641166391
235.40562070640144,190.79953924001217
280.0403272514088,181.25247400680178
260.19337125603,143.50194759952987
273.6825614652221,207.2057619149797
278.915633347142,167.67008030544417
252.91215050374004,146.98575973704985
278.0911212306865,132.8262023852014
293.05258863240334,160.3244081705676
246.37688131885102,213.31833831753409
285.175112624847,131.19185777664742
316.9654081973897,134.0969723202545
310.84526961540337,189.8441442785351
265.3689706009813,199.81598590289886
294.9580922332547,207.7188925985388
235.94250082430818,190.15761826139695
250.61693902594476,172.9786271895708
232.7965932149575,184.03910766670103
305.0168646070434,190.20895297231948
307.9195756290799,171.40239494352699
306.98051407407456,181.52514785911956
283.341040434593,165.82747263576013
262.60671652950737,166.3935746466065
282.5190054853467,148.45301771449004
299.4632409041671,148.71633455817175
321.2140490089913,142.00380741470653
272.27917496286295,167.82210192588656
324.5232085803356,153.90664870188354
262.95375010372265,162.94915118150095
271.43525264282215,168.67199060321138
284.9102854443603,171.7493424974643
243.81705668106275,169.0421958024192
238.83410737074368,159.38305485568748
238.49370591903204,185.4672726031506
283.55703284745755,176.44737270686252
293.3096296389791,168.2349818935643
313.01093208726576,166.1424310674671
282.6785793203696,227.68706495545325
340.2005734235546,168.87927530498666
324.29818413041914,200.206374704265
326.36967074544566,218.58510854576915
258.4028683295767,190.32947582430356
326.438504429814,163.65876587500625
311.4870448956584,236.93704162945474
316.39561649041804,187.40366895890526
257.5162251532616,191.7288141836512
294.85872869094607,248.18192853527736
300.5840108961969,231.7566315884341
274.27328410855506,224.15968571609628
333.3108444940791,215.38676101730402
314.02943039867694,189.96166887605156
322.08510555718,176.60838072364066
283.5348957931572,205.19043062193177
323.714768297212,213.46261960015303
338.0149234629147,225.899492489296
342.1252675794098,268.1275990313594
285.25905449466984,244.73405820817027
300.19407608481345,268.68966306851075
289.7663152821472,250.96977953741225
349.80237465041336,228.69824176078623
306.7670053105976,207.61194369478375
343.1314622564875,185.03315025022604
283.8297510230887,238.58223940362262
308.7748459558582,239.89773035346826
322.8953858065965,255.9358174026787
340.07689256028243,262.9317103135308
321.5539430189591,210.82947848155533
299.42316175573234,246.84092720431482
281.2375662506952,247.55706638546553
335.16567819033185,243.62294347912902
284.77665889509626,264.41954007023253
282.4591887118964,197.38953795375585
317.2059041576754,230.16042249750646
350.7217517128169,236.64269806142158
300.4505346113306,260.5218106303412
362.7610354197983,273.3675794135356
350.8775587287872,229.08867749835593
342.0997515249162,264.3389425688852
314.2401958719144,275.7194277845257
314.5762726737962,250.9760216205873
362.4233032892425,188.98252643216966
343.1330605982864,218.28649070472568
346.710362796174,252.13653279901615
308.5873665756938,223.53981154625956
302.0258447361401,273.56530106253007
338.8253994774741,220.6204899264863
318.2375153662117,221.731176566091
353.78548945721633,192.29548316199694
332.16291723344693,227.70072078989153
322.48674753686083,240.7130870795189
310.9997177399585,264.72750851598767
298.92449335757453,246.28284509263642
360.98955778140044,201.8424458311765
326.4995222214013,179.4672774293798
356.1326782127489,188.5390904882112
306.632028110916,253.1130172762705
330.1374786349492,185.63181076082037
327.0835837785211,241.5804604840254
352.3977546352276,246.53047104894284
288.2885562747956,215.27962041810707
364.7412415872347,246.9070137425523
302.70622962718215,262.42156155492665
308.985508580529,220.98413155479955
333.48847479204403,231.92090322226312
284.76315276056135,188.9681497327905
352.370704866413,218.7045728743866
317.50049401893153,160.30729328131218
300.1781438235141,210.89359572497915
307.20830022980226,224.32041280316147
298.1202445438009,200.79191083286742
284.07967395659733,164.25439308675817
353.2828153854026,203.38635597970048
307.4417504831152,189.31116378929363
305.9625916106844,202.4016533168798
303.06558653088723,203.65503838160316
356.9966731587561,239.10384788680034
348.75383374310354,244.84924900900273
312.31249089476444,180.1945944392776
276.5433838969475,168.77607296163356
307.54991045702167,208.36003670770708
317.4368166093323,157.1008273745079
300.03300195211693,171.23714426795092
332.66299890468736,147.39772617008046
286.8140075719527,199.0871550919758
323.69415207531415,159.11472697062146
294.94970746084306,146.8568275601524
281.5209965961298,146.6608521363668
320.0969219082569,221.34045074256818
283.51637754727153,190.5977266238483
283.4534552557176,217.52102227303573
329.92351218702476,158.20090942503998
335.33060706250376,200.31105719973567
260.81781225880565,148.24832842369835
313.7558471222943,168.55142825139495
328.26864729492536,199.52140953314958
303.4792310755755,188.3457864071424
333.9518264008426,216.11433655852323
265.47760136547134,143.87706958463502
311.2288685558003,197.04935372401678
336.5815621956456,178.17445088965184
274.45241005398185,182.90563784796802
280.13034592312846,180.65534172542098
262.6399566394242,144.23576421511393
289.5921753924879,192.71164620378778
296.6058190834714,166.71778592710618
275.60849410646193,157.0687604002908
254.75648386653506,145.1685548860376
305.1826575817808,157.72790777568133
288.08309537445695,175.6735128038042
252.76255279101173,144.80246546242302
253.21439456022205,196.98376198035888
266.9450885655673,144.91577687601813
332.17525307977166,153.65663437637264
269.0282684864152,206.95510437258446
348.33797153990764,164.90924882310992
312.8091649546637,154.94216718653945
313.68958766178093,170.27825016678216
308.60352467016776,242.53362550248198
335.7785884403462,206.61370827468022
313.82919719236656,238.8612825738848
331.6856652417491,212.5836291019572
305.02996471422114,158.45325118237392
327.18215914016173,184.72893812110732
265.440844008495,182.98203270197268
275.2970266762849,231.7591947050222
322.977175712564,234.42211985763385
278.01373626917814,237.11606991812693
296.4998699068518,198.3864290820504
329.9173746847587,204.0993718337193
275.0918977153681,171.00849124915655
306.1402653431756,188.86516512166514
285.00025387989876,260.27205549640786
344.5492396776749,223.07671565209654
352.9308216930277,171.9182354874111
292.7654153137619,206.1142256075728
352.0417566768855,216.92671685835026
327.1897038952253,233.37251059271654
294.95093028831,183.73386074501565
305.2404440270675,248.66174037054935
299.40238921398014,258.65475198719946
300.4864135400304,191.9123086051123
335.13902433986834,255.90439457788642
343.18317402068345,254.46473034535202
340.34150145433387,219.47929639559106
327.81382694146646,184.01953576592308
362.43949140844177,191.49962560745607
330.936213380187,227.88184967556185
289.33230569912234,244.61354488046138
322.402685941181,251.89743813035258
351.4886140233115,192.9295300584725
366.93823657109374,206.32263970065114
318.3080395304824,185.4446880314186
360.98333750463166,247.9068658140453
376.03074477918113,254.52119216796186
292.41588007737124,241.36630777109798
360.1601843152002,201.73309390056852
301.641202415057,245.675565826468
314.36788873628086,191.37457419863608
290.0459488558596,256.36346197470607
343.7667779826114,188.84689198397925
288.8921081195653,263.3098381816297
331.1965829716429,264.3356653074372
303.21484130161247,243.48350867197337
341.485369005714,264.27297603182893
343.56141038746927,184.1168769037448
317.55326817983325,190.78190305034403
334.5124933951586,195.3339984210124
358.2085999708214,205.58998715053994
347.6915915321637,198.98113358241272
362.48498438342745,235.64415689813734
370.44480129838246,166.26539808409942
364.2257774525874,220.24650759207168
325.8989515282821,230.22115445335243
369.6283481227964,212.102618817224
293.83998787629866,250.05107724449772
321.8451751686569,173.86958601902322
360.74549970343094,180.87919672031794
348.8629169151913,218.0293612538131
350.4820802328516,181.4355813144388
368.19742295885555,177.24675865972085
345.406803311942,234.61547264589328
316.35409843680713,165.84218827438067
378.2607593272218,151.28601202324205
368.05409158861335,154.85949220164105
323.8883400482919,151.0516733497194
304.4267707875043,211.64969438535144
319.832442689959,222.6528600978353
309.21609704128105,193.50313835474955
380.9930821560329,220.79921942567086
300.4518088198196,200.15417943445422
306.9603083230994,170.62608977890216
339.82745691229263,151.05752116053776
350.99119118822506,147.40107236596532
296.0261769746996,211.3342481656572
291.2799875592332,214.68686303827272
337.2646452185498,221.93851188058164
306.595231790421,227.77400194638545
353.57649428069305,149.1008940295578
320.1188732009096,220.36314280995632
354.59654466474194,183.5568186323585
327.99225102060484,200.7937614100619
350.34499503603286,157.2313601887834
294.4563148958443,154.6669231435824
305.28515696014483,219.91417117334925
316.95556013871624,178.4175537427261
293.31965413627574,163.12826873371205
356.254300487894,183.717314562269
341.2329073012819,161.339950738769
303.72225898886194,187.37750950566408
343.65628269166376,157.6389032651037
296.3376912619053,156.88516403226606
379.26423726681736,165.17971345872266
307.4133129164792,227.40859448745613
358.0162325258903,180.2508677215479
294.2057135612142,230.65702054630523
318.09582215917055,166.36794573203096
376.00240764361183,233.82756365401332
381.8384521896043,235.71743658626986
340.9596287524459,208.3733776959226
355.7875907734822,204.64058265628262
310.32305356400195,237.31399127515812
315.0118498928934,197.79863185993156
372.9610333894016,213.18547859510977
319.7349395806819,168.98801776333596
362.1813368972114,207.1976989019185
373.2615301296056,230.19766747005207
314.1291822253236,164.39010419684627
326.6242730082371,200.57500622393297
361.1558162159113,225.15089482956665
340.9262624105289,213.0404550817096
356.86644593415645,215.0242646203873
373.6428778697071,201.9939848032778
353.78494572027944,220.41300600957726
358.04867621044275,188.69794251360776
356.8061164901001,225.86862946976356
373.14115174863576,215.8006051726356
370.41496354933463,235.11113593384317
321.2822792660211,255.07402364703057
309.55836127199416,205.0054558290867
369.0613622300056,258.3481694079205
332.43444333045153,176.37008931373398
307.59451182622496,181.48151775321824
363.7672298755244,193.45885305508043
348.6724990814053,258.70269207670736
326.6666700462035,177.80994372075443
341.6913678346417,222.14856251743072
351.12723592826006,208.83679870396975
364.4140425614696,259.2194698450206
306.4838822694145,206.82967983089793
300.26862876809406,231.554575698893
311.09690545533863,219.67943982870875
350.5169245370347,265.05435476923833
333.8139034697335,181.95613705331255
296.2419173345382,218.3914996825319
350.46754116688254,197.4182856805157
304.7087752458177,193.19966392290974
299.8044245648113,208.7935163557184
328.79770553102736,263.34175684414083
351.89069754091616,227.11324289348659
287.9482861088744,182.2624713982078
366.5534830153444,203.81128678120632
331.53155747626494,217.9965258413023
343.32295477482904,214.62761544359842
356.95512774307224,190.85606506500784
289.9859299087522,221.9465607182763
315.5952850426173,232.68230249002482
304.4860882575105,190.58057682230017
345.4347612714474,251.12873440320038
286.96514962802166,244.99501410135753
281.4326000678809,233.71024803768205
346.26611155396336,172.89172146978657
338.2918500103689,235.68658765566227
321.5912157931115,213.4001815619169
309.35516518032455,193.84217576837193
352.1144766812546,256.9941714413768
345.89751803434797,252.23496361347867
298.020608864013,230.67105549892565
298.9913806600728,199.7565060810166
300.72272483088784,176.77927471967166
329.4531122137802,241.06690735476002
329.46274568332046,185.81002702350585
351.2018725905727,201.89720345581986
290.8640425843764,206.04681290215774
332.4682117272627,185.33459405645132
338.52542204206793,224.43015143217465
277.729576414156,226.12709510356066
311.4794605792529,157.81149892575576
280.886666136838,206.71649745252597
284.4739477995088,228.3474998435127
309.05232994709456,183.95611702684894
306.0173751718889,170.32369613724143
276.7914030693499,187.81791754339974
281.2781583042573,182.87788513956573
298.7234773875631,217.03453047200796
274.7251811742523,199.97551764349652
298.77291615142934,171.47579651097394
320.4099087486627,180.48945262512962
307.7971288123302,213.24648074969804
323.60022484703495,222.9787472944302
332.6858238536496,222.89085192947687
345.63417528284975,192.56048228258067
290.14337536847165,211.22289012553188
341.0522646251942,173.57348794825577
316.98138079722554,128.81627795109478
296.6500020200336,213.50556398896322
298.25143062003906,143.4290719494994
353.7651741367783,132.06948161268303
329.9543878603205,215.86303122211532
288.69660081924826,137.3366112471934
294.37766175288283,214.99090928492805
327.5378772219069,143.19647607659584
319.8869085468859,142.53273233426788
308.5450383367886,174.30618564105734
273.95173473983436,140.82683219808155
306.29774963108537,209.01766326565232
352.2305864457486,169.89246512975544
293.9400741341516,137.3603670721659
306.8285706328049,199.240791014487
359.2038179320388,138.16007485544236
321.16258068095334,192.19328816992797
283.56158350939774,169.1865342937396
293.66007621221297,166.71845596983934
288.60843372311365,124.29226541556179
285.05573211227664,148.61597514570266
291.31735745431916,179.14750892513607
342.1796484061328,193.62592248068918
338.1665188994274,148.66505255488852
327.59616161922156,197.2882637699152
320.56062856767653,167.83901844400577
350.60846822152257,124.42384987731161
309.2945520112319,129.43287234108683
284.0147983372444,187.12521516154732
319.2181443241503,151.93123249440055
299.237589585269,172.40167937129286
328.7046803495494,174.23242056374283
297.62555098020994,175.64965266481903
356.8852319893326,135.71692945852027
286.31039865852483,197.83322687313023
352.14746000846924,194.87064960343463
294.2243705632781,197.46187456875938
312.4661927148757,182.25173559370793
355.6110558703686,183.78607802747885
309.1398626397051,151.81394480917692
295.01899500453965,131.00924944742627
370.5497209076256,151.19646006559353
303.0319807949422,205.74376673896253
300.4608295458439,201.37127308653243
316.6312586538698,148.966696014159
360.9743119760586,212.41381734107244
366.17636988164605,175.16405769714777
342.9623120881827,210.80807367786184
295.331071245592,147.3955270520607
328.69491133705276,215.43061065946804
377.78523456546645,159.81423365256774
356.72324677880886,148.98376181284326
315.87883106321027,194.06049633876893
356.1202118375694,208.54562041242488
335.14268058377576,177.96996946433103
347.9975014725819,167.1840700003185
288.1763965412668,166.88194941798622
314.0282911063015,150.759454081694
319.28709720060516,160.96869514736755
333.74272012275173,208.85217079463268
371.1363427866693,162.60356244234367
377.4036087428849,193.68110979867134
369.47280436408397,206.06642915616249
302.6580586158072,137.74950089563467
363.78117000481325,164.5895821951617
337.6419666946358,198.06490213076714
366.7260574795039,165.61743604083225
348.25824450782284,150.71515366832276
359.32814854493876,139.65961575692523
373.28919255814225,191.3399180141893
365.84105247025775,155.2454190453455
322.82688462699053,223.06176842505016
338.8785603225107,213.91494622673417
370.30265825955064,191.45641596802008
338.3730191538219,179.63184831282044
320.5107339143027,217.7521894863707
347.4652885710286,206.14253769973072
350.61260763037416,223.81594668029706
320.82585216241273,174.37109998393234
378.4638472308309,135.95132393579905
329.73422971042,188.77741380020893
318.46854877789104,177.36137433872167
347.1620061902369,205.85056984766297
376.77748954888085,203.44009259732786
374.64469992712174,202.55678676085216
321.2879883717437,146.92746095513638
340.472018434608,185.7924055630744
363.6883392997032,152.94355622178506
343.83578121123185,196.21250652115242
368.3251845177716,165.23523164292962
339.2322615106552,169.26973995875733
307.1211899203585,150.45763733535176
316.196623149575,200.20928138777606
391.37300794659075,217.83189911511315
353.73027092164864,174.60916917644735
313.03441075669133,205.98883858441792
309.9254461620617,220.91480772896406
324.14702080273867,178.92584786150033
377.6307707803777,203.16992985459328
321.7678594950329,149.13449676152305
365.16995539607876,211.16243151080158
334.64186505748495,185.881029913818
406.7465101103275,199.43323530588538
350.524860951113,183.73635626829443
345.87304517746696,135.87028000315192
335.3117946934547,202.16871485720475
332.6555172645017,133.84844037838144
354.9792460477214,194.88608429545224
322.4414399958658,202.63800487388554
345.5476648883426,146.0559968460426
376.5326881088723,197.69060260507013
395.2113075496919,174.7937463340377
401.0996521708547,139.03595547997676
358.0881590830192,154.55478798785083
365.8196982788636,134.6511020142636
350.5471814552204,174.29147463436095
376.0230409266433,187.54626174263817
357.01531111399566,150.65957586307107
351.09248873108885,176.9055568217874
386.686558875996,191.53911054099797
351.85527380358246,153.66644039003336
340.9999392704355,132.1719851959403
373.7155270324038,137.1353287993835
326.05704618011816,188.7242082942576
324.4346858053465,145.71230564649045
333.83426618811893,206.17310116603971
335.9191042002176,177.0402342021301
397.2414660306892,143.6152686964849
352.6844471372715,207.875619561385
392.9120320575231,184.08835633618602
357.8082833575155,156.21940837941364
401.31508449797985,145.52198583211498
324.97753083051504,187.60763217034832
373.9548939263606,143.20479167185732
337.7552103126369,197.82619568732662
313.87713099196924,176.89124404794518
398.9405013550728,185.5616831704524
376.48412098775765,205.5438165247271
365.4637168764614,160.48311026050573
332.93918770359176,127.92237409480299
369.91711170185823,156.96240398941342
389.36826884258494,155.5196093627413
391.64596346266075,152.04616326695898
344.55709313769853,118.58754575885067
372.8296818467395,174.96615917762713
323.4551193606848,127.48719354398882
355.9374945343752,119.25748697905462
343.34970549190086,143.87182049852933
352.984157001256,204.88997660279117
331.77720438909523,187.70198556726677
356.45942412904344,119.89770080860606
390.2921455227041,129.58660116919964
375.38082350155764,177.10277622426437
359.68237399083796,150.70288638080564
332.4768840406761,151.28270588838438
317.6204266488493,145.37081059966425
367.70748408542056,138.89698776210594
343.8519333727921,133.88314111897475
388.4669835098261,121.99542966907349
381.9488377594447,139.61428855044
340.7928712573692,205.79251578817866
349.73950324584166,167.86897945156093
370.05948649253685,159.73071515178182
361.11286658590416,135.66072716014492
373.42683347744725,164.07273071198804
316.4755649185547,152.43375443132675
311.188726757043,178.422369771484
325.58604345864194,205.0616950284989
389.25318865569824,176.96190288230082
374.3175933825591,175.79452268074405
331.62254466662904,155.07942108770567
355.9121846101198,191.7744297025716
316.25311771475907,188.35329726766398
364.48362410216794,180.75523686114886
318.66127985305934,175.02468668767412
339.1491325965289,199.38644688526222
316.8014310567389,168.33623027465498
389.657366944321,134.6238725891409
323.09153024758723,196.15605508629903
392.77870129805297,205.87439815223604
351.971241781414,136.45428375732087
316.43511139257055,159.53676116886047
343.36408309254904,203.31631071685848
366.3528999770193,162.39178474039772
352.60139120409184,207.80574933359134
407.4094752068852,206.81758567116768
359.5558376363093,179.90430375505215
402.08937526440246,152.85272474489534
378.0413955377607,148.00409009737228
344.06389334029427,214.21275624901506
376.702916043443,216.21510904895553
332.1136747759228,202.8917758657338
402.8288821641031,183.2046628840798
358.60940483768604,210.3198846953315
339.7084324901437,157.53694128605974
340.0535660358271,204.06798175718
353.3988387229537,211.14779151123514
410.94357665928857,178.09221592802112
347.73580554043167,175.22580928862897
403.43926555902755,156.8110437058245
388.443410472549,144.93085409491943
336.38143870376865,218.30723648980714
400.47298059727876,175.85988461874945
375.1024152921942,150.65049252098572
438.616396208438,221.94769190829203
448.83463597789813,179.0969124206509
386.82791812330163,171.5665094978175
389.4284333671698,169.06625757107423
427.5772050752308,170.1134796464453
415.30263243734566,166.91275337979403
431.1712056882488,176.02489498969004
430.8968423225043,153.80220114309532
451.95908173730834,165.61026430271014
419.94809731452705,169.96416192068514
367.0602608155049,170.61348713877288
382.9525896087249,219.8452528424695
406.8979089181188,185.37740150890477
375.07938807576966,174.08992468935102
438.8036492006305,145.79258077471923
433.5911836165035,175.9498672833101
434.4058463821079,162.39009935586682
383.7901276428648,168.3954761657665
435.7105559618524,150.0278544997945
392.0673153140794,165.71534009825652
441.4116662940628,161.33637724461215
399.03018360424335,230.85702131659235
373.94176020093636,213.36845730584741
434.80375155780285,226.78260931877406
397.9712612917225,214.14339729258967
379.63825057293286,183.5160943977944
378.75942590198656,212.55113990016338
384.5165120501596,233.51109492721343
415.16274325348405,193.71566907413532
454.8227593542127,232.27396002558106
416.006993861475,227.83472910709787
431.52769142036954,145.32913792414064
410.85130689164674,201.8118787075923
391.16667208629457,199.94734760277748
448.97252987614445,174.1932491072753
405.2963973962929,153.61673683314459
366.2121412095929,218.8148628729964
415.3923262206544,157.23734684553932
418.84714350623466,174.1046126214997
401.52430933608576,196.49615719755462
448.10727492366993,147.79359738336683
439.9836950461427,202.93377596958896
443.34369948842095,206.62961117887352
445.5452839761954,222.89958759999968
371.08808472439506,156.8479040337205
428.1895504290369,168.56625484931183
419.1805004000878,145.34568779432237
431.27833296003416,171.86308790010423
449.96766659426714,179.9792738247064
487.7073710836933,642.9536998925638
476.4502736351407,671.5038055086366
488.01819014950865,597.4607649379259
465.0845509090999,660.3478391173298
447.06786057451393,671.0091992106024
456.7786354610783,629.2719767053806
434.5019475668842,657.2007654453998
450.81290708671827,588.3854492654676
490.5603467640461,620.1918259671811
494.1246927535318,670.4750833725458
424.91930237850397,604.6752422859867
476.8921493089369,659.4130568088367
438.5733983224953,642.8140223312306
413.7863527274843,639.8015754826503
421.8067722585382,612.565234415387
473.24122036195126,602.6587835009836
449.5115585513911,642.837818365261
430.47710392678465,628.9287894941409
505.9363923409096,688.5253550842624
475.6743653228952,618.0671940764365
498.9405614160843,621.4425997493582
514.3132613095918,659.3221147178765
506.191360848331,612.3699350773409
481.5843394843135,688.227727892971
478.0583001914167,684.2332602144602
443.7824015672994,618.0550548870618
493.21675666388,687.2535171533615
494.8379279498361,605.198932662977
512.4916751516149,627.258885423795
470.51914861367504,676.0967479985134
486.8005266573837,677.1172706782104
488.5980271040152,640.2140802111695
425.63595513832036,655.3236288851776
429.2669350047416,634.3989086397597
463.2933108146126,635.1888241613185
509.7353303650191,674.7080742943419
498.45057763598936,684.6724538309459
480.89724043317483,633.1263753414571
492.3085664912849,641.5036273683712
514.6746780451971,618.7056743486274
500.82317855464515,668.2731798888992
503.0241422216447,657.6144322857962
525.0820145340447,621.7326426327458
486.6188231556869,646.1919804428655
483.64562769050565,667.480298784551
501.7581133871084,668.5057597536706
504.11403622088886,662.896142605362
478.8465620080133,632.2789503017727
452.63497695003855,695.5243545822668
492.1992231620104,649.290008864738
482.82390718278856,635.2689388719948
459.370200181118,627.6895090923871
531.1927565600706,678.6166805072717
494.77247551774894,619.2147721925636
549.5803990085951,673.922525135423
504.2702120701106,633.4724658630362
539.4750506615455,705.9863224333066
503.2552508157354,687.884874435809
474.5388636720376,666.4697759381629
551.6116627716125,671.5777831786249
534.884013673694,668.5725026183321
517.8505492439061,695.1227922760033
512.9701158219515,636.6508707950817
514.2186319717025,701.7357280900259
509.2349399719462,669.8862552194989
550.3348681846392,626.0592794035529
472.590872815851,664.1148036749136
545.1267721533793,695.8600599008106
510.5325368665205,683.5013323480497
521.9545807011594,686.1636665454206
534.6077417581321,655.5113193458454
500.2314290941871,704.2730627668752
525.975768305063,683.7456127945127
582.1195220972272,666.117165413034
544.969971891479,677.6499595257843
499.3850548413521,696.7301158991219
539.5315616782501,664.5214086838236
549.4938177371054,703.0140837995059
530.6463262122958,626.5343588163762
510.43210445083844,664.2467363737493
580.5190370807339,687.7005224066315
571.2159251106916,699.506124130372
511.55967384069965,702.4245503560466
507.4693316178227,653.5813731142595
498.38526080630265,686.4281208593272
497.203986004105,679.5024450802689
606.7828166707706,665.0779299176511
536.7083549374463,660.7396700821306
543.3253272924567,671.0624797378381
579.4166999124435,660.4467125204947
566.3561206756154,637.574068240753
543.6424497442796,662.5406671302368
583.0736282912895,624.3310586337749
566.9217801544943,642.3316380024501
543.6665498323538,682.30503559656
546.3477793499876,635.3641267637621
607.2113078956407,637.2675004241178
585.3552439702917,678.7652252554478
595.0184804390137,663.4256105102498
545.3965183790381,649.9878216564697
584.2127172598907,673.3110420054584
531.1106615050358,627.703403130423
581.2569152641753,633.8000338698403
554.8961190113093,667.511477444686
569.8420610753386,666.2787895231718
572.2580331286101,655.6298741403357
581.5382845529128,701.3538385144348
560.1083465515381,626.4670765016937
555.6962603790143,638.4421106941702
538.0179703911396,695.0047048064245
527.7373195934041,638.3521089794772
583.1955356816233,631.2957927939823
613.5854584401452,700.8274160337047
536.4156591561075,633.1008817849093
534.3547471174145,639.7550100790177
575.1789314390106,626.0572402997741
571.2258819732211,702.592993100736
566.7292700017474,681.6112745506795
553.2701086888898,694.0218459886182
583.6832469993623,677.1564801557923
578.2824348680831,628.723609198943
569.276168908536,682.8061479490723
605.9215153430013,679.3628501012324
534.4771201959426,635.0888481965393
585.1543011332806,634.4294395569148
568.4119619900002,674.4123603749729
602.5651362752916,679.4744877342647
552.591478710256,626.5962011844715
538.9631714161884,645.8153837191081
590.5511305574807,622.0270269921509
538.0045102593783,647.6948073236957
610.0150790887578,685.243579810668
539.9447044458667,691.2701604503528
588.2274523929204,700.239272981403
546.5776445553549,679.6211481123087
608.1921525855952,617.8321037055439
551.5726760062453,660.2651127437383
615.1608512446568,674.2584389403215
611.9718924832175,642.7556390903799
558.1793087311773,640.4487673835831
611.6890367804126,673.8176570058808
559.6555705520159,615.6249457545914
623.9546512156605,671.8538826391518
555.9978958951991,618.5789903795552
623.4172205551972,687.6114209184773
577.0966716289591,674.7890936000617
585.6321780197193,647.6906793604696
594.8918303944497,617.2416103121254
566.1985814431612,625.7755314168586
596.0933029105114,651.9743209840889
552.080287831384,631.552544520944
590.5407669102295,651.7573054046904
617.1480681724499,632.4714870203128
544.2237452708273,619.8758036802355
586.6408705319791,641.9234490159056
629.6367338451196,634.8224165777949
584.8976839016907,614.4971483636194
627.5724030991875,614.5381065668505
607.9287799829822,625.7327208189062
604.8044623832504,635.6712982003758
570.5371573185548,609.9219583674773
600.7570639470026,662.3798447528106
601.1616664962961,656.6904127159419
570.0937904843848,670.3378763094825
573.6745215307996,603.4298297444205
603.3771413308066,660.5081512919406
602.8670266155065,618.7423823413852
580.3934907354517,610.8731459074745
630.6954389247721,622.3505609369627
620.2269379017109,655.871653365301
561.8734292729051,610.2537448829069
580.6164496151287,610.5818128298067
599.5933218970204,611.8634178930032
608.6504992605786,621.4845791969428
559.1885296287162,592.0011173681047
594.4010934765223,601.2161102830886
558.7734063074549,604.8479567215788
591.3826747827175,644.1481141140407
566.8189104089016,610.102539834575
597.8373624148882,569.7892166114375
594.7121684023465,620.1209794507034
606.3108699481921,654.0390969087537
550.067211483476,656.9118042579067
617.9109341934668,579.1778884217911
604.7204414147132,573.2473301976272
614.9174031403068,598.5965757184506
623.0889991082162,653.0356950547405
552.0038529930043,579.1728581686839
574.4801896462905,603.1357317114378
618.4700568757102,565.1050417746087
605.5736771230787,574.1108115690689
579.4415185303401,565.163236318944
617.8014467729753,595.9392055219799
565.7969245811074,592.5343827147292
618.8364903242165,612.5993482056041
575.8763250413541,597.7864058634946
566.0994221964655,586.599440722415
602.3931715571001,631.1939753949522
582.6408552105324,554.8840313784264
620.0151593199139,600.8874980795886
551.2991002656017,603.4414366980727
625.4308190618178,641.7217543484901
602.5365013377553,576.2412237025694
611.5180461012936,566.0669906809065
578.5230005051327,600.6872051837199
544.852954771538,529.9451426469985
580.5679245515214,588.6967043207729
579.2256575900325,558.1861263839587
561.7194128861502,593.2921757379697
544.1000761493436,537.358897119343
622.657207925591,566.6767563575978
620.5273035808269,539.4019175940566
574.574561085285,544.7180498465973
610.2242609239473,580.7492187436854
618.1413248783559,539.1469508907655
559.1852397971855,557.9839207261223
606.9149822536631,579.0044826975685
608.9648482903393,526.4687872776082
544.1860159817104,536.9389348003257
577.3284851614138,604.951409449198
631.1547357007158,576.7578754449478
608.5139946331122,527.4655321574355
575.009183845267,512.4651259234676
543.096653999695,524.7219242552572
565.4995089440964,505.20434214466917
563.4043686570338,514.6425680827658
593.3897341315534,546.4180325704597
542.6064389671554,561.7403011576868
605.2836695074043,519.056408103503
611.2486052562617,537.1298767053613
622.1711106463256,563.5472195538553
574.783774694476,554.0744714819033
586.2787717276591,512.3818103196095
601.4093024185514,546.2594959636551
617.7133518179561,513.7281351744952
594.9623181022771,516.8215962315493
608.0391554652374,547.4285103394856
611.9613538949974,579.2371531795284
583.4382126393814,589.5398997428575
609.2362362985702,504.06873490408236
559.7810575125555,500.80064235691765
584.818786316817,555.6712226402528
620.1650790646343,564.0355841077414
605.8893129874513,518.9930974514701
534.6647667353994,490.0330794106087
596.4837314245331,549.0997542385458
608.3154982998043,523.8654882951415
579.3304358647509,493.7881905889361
616.7360171134405,494.1298178371287
601.1994230830466,524.5760149548784
608.1826428094025,558.2471686749866
572.1430399345488,560.5137938644893
609.5687729487873,500.8317341217354
609.9405194009088,573.7375473587629
532.8528766172477,505.9832009046751
605.401820678763,550.9068245575543
538.0907533209844,542.0689437658467
558.498797095338,494.34281823601526
528.148960070109,493.14389172401667
543.3393104252654,499.2349121434352
603.3277473262482,490.2186690951315
552.3468417089708,559.8211508116527
526.0670466110467,516.4420651333194
554.6114427477387,496.08317564965193
553.9608404726646,564.6369915586337
577.0200297853798,494.6260347083876
604.9560599955098,537.2987722894218
579.8454307030202,510.2140925353634
602.1547126934482,480.99289129664845
572.5555259809682,515.4067604375787
559.1136225969051,548.0689299542375
569.7653032269751,550.5098681592885
521.3813018463175,505.5800867019172
569.7292560412692,526.3230745922552
529.0993882845169,545.3445646019602
568.4169181432158,480.98313563826645
507.56068867648,485.1854594709824
546.0553855282496,520.1057308981747
525.3627574353634,491.2132655679678
549.6458980113961,495.82386149165967
544.196163921939,515.1255276782745
579.7584811751858,465.00179473659404
548.0133783215106,536.1911171899013
516.3188482295847,469.98562041864216
576.0538627012644,502.96443938299205
537.9621033221572,489.36505660985284
585.6359954465411,484.6432964719422
521.6139112407786,471.43282616775
583.0732617324799,493.9505040924194
574.8733872917044,463.5872894164627
503.37628423807223,492.8807201072407
498.93959298910113,446.35686173958703
534.00227637491,465.1168315448292
566.5106912037947,497.2787399426836
548.9351945311598,479.4421789590873
543.576125194052,528.4056041277119
536.4718316227887,476.32989711229783
505.0623180505153,508.1512153621512
514.7408798807804,443.32090267677995
543.2431758297945,444.47010229966065
557.1124395211069,470.84754466108944
483.79572705184023,487.9786816793385
556.0796553624567,471.74511004402757
494.7614599567001,474.1976423217208
569.2902836766676,501.66977643171265
550.65154180154,498.2320422092268
559.9845367780064,492.7998168570565
623.7555052563006,559.4730507123184
611.2461048600811,537.5765137496782
602.7006167230344,580.873455222319
624.735816725602,520.0429896557275
610.1532205053455,519.1779509534218
584.6351381530908,516.5334206050477
654.2274808004099,523.054266751536
604.2380890376818,554.0152963967637
623.2366603575457,525.52152389759
594.3092045490894,528.935927338998
636.7890884497723,559.5040889146854
599.7278893968564,500.1288941413111
599.9433665494894,502.05397383326095
607.3049128395967,501.85439956336165
584.5748919913227,553.2491846513688
609.1561724545553,586.8775860000324
615.2619528224863,519.3244999721067
596.5909830736825,513.4507069495853
597.4087729289031,551.5848692596985
634.926841933787,596.9746560114497
667.4111610294458,562.7343331191058
670.5171068757325,563.4700296084586
609.9096299110564,583.3788863025726
664.9957362160059,611.9959979675394
680.2202023324985,610.9835343769546
597.7251423397469,546.6085514039339
596.1683492308345,545.7890956070112
676.313866647908,611.1759534968019
680.9543663086255,572.7088602123089
607.4221087632017,612.2789516367968
629.3648411168485,630.1959721328822
598.300464765856,612.4978380203945
612.5747457062732,619.0919640513134
677.1925565589709,602.0271506828321
600.6112075393319,593.7362149415211
632.4599404183326,594.4348103312417
680.6139147933434,595.0081988789597
619.4142407035287,594.3127678733126
640.1850475143532,624.5325168931703
625.5748463606021,605.224229747285
616.8619977321517,579.0888509224405
629.6624863408097,597.6054810641558
626.6055923257825,575.2239465088415
685.9779156726763,611.4514586878405
651.241947825182,605.185167222185
660.0937686079195,643.8740036356565
666.6746693641171,608.5344535156455
653.1003281914494,642.0645979721505
670.1167657566258,606.698266573338
638.5542132108702,628.5804354805354
654.6472021877082,598.8851410065982
661.6972947739813,651.8392866058623
605.8485320625575,677.3291394668591
600.8284636899725,608.0420427670591
602.8590739913086,621.744236739135
657.1641336496177,617.8125950277843
637.5995179310362,683.1274357574536
652.669583201623,641.9404351949373
623.9018417587071,647.909515316083
647.521962418586,656.2548636004657
643.2069791892764,656.6258746209521
685.3342429207921,629.705278662742
661.4242721250315,675.0968552250008
661.7175054682504,611.861502360567
629.1892142264018,643.046985509202
636.5343763454788,666.6721242773888
661.9256552951455,663.1071723912696
678.1791968170389,688.6065156454915
632.1124224052656,680.6591236305201
652.0520063130327,691.661402049292
660.4870519982494,659.2780756438406
663.2909794386873,714.0750599357384
635.2004172501865,710.9492361137143
638.0519074956645,709.1944680463372
639.2745640886559,731.7644164509957
606.1166424591402,706.9774950409732
637.3199142365883,718.1428284231647
678.4000087787635,701.8373533740701
649.1797553634332,669.0458275806125
642.3087978601521,644.6930576691993
597.3612653801096,704.211673567294
679.747316998996,697.093271019118
622.0299978950545,670.7799450926502
612.8928385540753,703.4459991809082
648.1015646707496,713.087077904287
615.6070311552253,706.4391361205096
637.3595983864428,700.6964842233494
594.0124033139418,734.5449847679301
659.0700842508751,729.4712871359743
605.0760970121527,759.9542488274303
587.8982774004044,703.4836773720021
643.596190994944,703.249572833579
650.5571325958095,686.1238589461321
623.9047466911027,671.0428281668875
623.3487868154992,736.2112355675779
576.751901196124,738.0006113447323
631.3940657573597,694.6693539576886
589.8600757470592,682.7120329107682
592.0256555748759,698.9209515473221
591.9190251295506,689.8103694535596
611.0241736363561,670.0716724205517
586.3817861436725,716.8152047617597
573.9692810749746,682.8170014811097
617.4230323905382,689.3693178695812
556.9525038257465,766.7155770478023
557.1867039931755,724.4772379657062
619.3428237673076,707.8285982764689
572.6605500436613,752.1990661528654
617.2689006390502,774.5108325045319
562.7860927492867,690.2299712312881
600.5079714163003,766.2450766714521
584.7237199136531,756.9332166003763
550.8344569535602,718.2343758812124
578.8201864624122,739.7419953884869
575.4113407491549,754.7856328878839
621.032514025636,750.3193609554912
551.409922385808,720.9618541854427
592.6051935809098,696.7663007134067
610.5754021957537,737.7760049671655
557.6446925932123,696.8151872184961
589.8286752497651,732.580443691228
551.1291593140085,709.56678825485
553.1416197356864,744.4388738002752
527.5339287064514,742.8863404077978
534.1106373691176,698.5752630450451
511.6748696273585,738.7529113876275
575.6764652661184,705.5229927974897
580.6491920123187,745.2356914058366
544.4613774218774,743.7162122250716
554.9404985679008,731.5368641179249
589.0516823767114,732.5285034942649
552.8867215134002,727.5300331692374
522.9097504981792,729.8154593627054
581.5560568300141,766.5253082802748
566.1308977650285,728.1951675332773
574.4155610526677,781.9153616381827
570.1296195545572,735.6070729094479
531.6069335873797,747.6244134244787
469.474840873716,770.717507514621
477.48722955799474,709.7887641470129
502.13739608216133,768.8314056608453
497.5384878946563,724.9651943219733
541.6620254514286,702.4342545695254
551.1750989497878,713.0270614390205
499.0098675907745,707.9632475238494
548.8761549477628,733.3058753242605
510.5955447950152,764.9034311365167
532.3823971224429,786.6549618882387
546.0222272972698,746.0552038534202
544.8294451498285,730.0679571787184
551.5920021642693,788.6858464668468
536.661591525003,786.361375544694
504.2694169928805,772.3859396170336
477.22525300154837,699.9475929470361
442.4995755610628,773.9294902426905
509.224521868148,719.6054111272531
461.528193483994,775.1475428302379
445.3029313149309,723.2482768752931
514.9214030292126,727.8971264918337
531.297164352262,722.0330788790361
483.21139750463215,723.4251783016314
443.0602335800953,695.6079673083967
520.8954307363821,702.0508257385761
475.62365111189905,747.5224584815415
503.9804831145196,752.6006642807755
509.1833334565996,755.3357592301496
484.00070950066697,744.2849408551652
528.0240003556072,696.4818577198185
451.1011869880783,765.3581448213637
469.6239650798493,704.0576739134859
445.879859165037,742.0618856871341
459.985381061558,705.5701168287251
483.82972218258766,700.7590483509255
466.2615071415535,686.7141165270664
488.5137379027867,679.138879714647
477.830527198088,719.5247001815856
446.9713778953269,712.8782999206406
420.96603112632636,729.8835500597912
463.622906719094,746.7620333310131
445.74156406928597,716.2990637312132
422.30728652334466,742.4338971355576
469.71428438777895,677.6287085025809
473.868134660388,726.8538137248838
457.553710860792,725.5061677926365
429.567258367774,671.5683125446969
431.9157261738348,679.9409727531681
443.3393713047467,752.2270294299633
482.5968624909339,703.2668758200764
432.3154057497812,654.8277424943376
447.9279099394727,671.9953675862726
474.72328409313553,647.0765981249882
436.02291257978663,687.5301100347525
421.68387996187454,685.0749524500117
463.0494787329308,707.8352191638994
455.81552312871236,661.068707299587
396.20111316353757,686.0886953881019
456.94014977022107,671.8602210802198
460.993203509099,728.1357917688558
428.7900668729204,731.6770376920643
417.79704139347166,667.6970210882035
470.2737056962343,680.8824278830818
420.76452928694624,701.6499309519146
418.9993037213789,685.9555728197842
399.87335910011035,674.8572373029998
412.8204031632,662.3915019518746
455.72442474861646,645.0472837931197
449.44652213421915,726.6455286339618
429.5229379257588,646.7257742395395
400.719967246395,653.1210312096969
400.4252143579288,699.8331685291847
447.6176272870247,679.870796606853
441.3840040399408,700.4240135806623
400.1449888708118,700.9829998065937
459.1372479356127,727.8389628742806
398.8300689821266,714.5143250632758
411.7589083388702,677.5466800000152
399.23156050902077,722.559471064337
421.5018066677579,668.783836713867
374.5642971705385,644.2378525627913
442.5648651264434,728.3382745919041
418.05557343262006,706.8425697137712
381.87160071196354,645.0796948525846
399.6924067492416,674.5013288915578
431.5904729057826,697.0736842265051
355.62292826209483,634.0282479761798
353.1979001125186,671.0914415282303
375.7085905228091,689.8561934429308
420.38559272073684,656.4334231413378
368.9646193827242,681.4140926167222
391.3212728834742,677.9242642779107
372.42686725647377,707.4814168021785
387.68619604225387,716.0832203276019
412.9509933870549,654.3898183146586
413.05408946649976,635.3191470390437
376.6492639845008,683.6991930104754
413.65463625965424,671.6698539167616
424.26478190665193,702.268377495259
355.95044501469255,638.1022552679484
412.6009828040662,659.4014916857508
358.0064567745604,692.5319059425061
414.5777377177061,632.1217351231438
367.23329059602963,672.451762676318
387.281355990362,696.0703494208403
332.2888430617905,651.4391089546828
344.2663981472967,709.307314616649
395.5811779354727,651.1061865654931
375.7072706776079,629.0666415927736
348.3629834708279,700.0309103424454
411.49917185894003,630.6235147971879
397.4078568968765,655.7623215484939
375.63469780521496,689.4322729218081
383.27172034961893,670.3434582643661
370.8577091674471,633.6471897224642
411.4267755591081,680.3058252731455
399.9338469168885,660.9078569300208
412.21892825762217,668.7430393778322
407.6533738733008,662.6517936471594
333.8771466079224,676.5410495146862
352.42358736702954,633.2649800575464
372.6155533762524,649.8718956155673
346.37095082637546,670.6049617722556
371.8052879666928,643.7735832367254
327.5774284977288,697.4618650932498
303.3213363336313,701.240236722535
322.7500578579077,630.9030827826462
304.1047656820291,690.5324698870751
341.93474611859926,641.3032308040201
340.97881437986155,637.7091648220226
371.38327460533213,634.6372579909379
339.873476091076,620.521009717458
343.950660372058,688.2155938176237
351.375038648344,663.3445256693825
361.57103089585127,684.0952272404979
380.08150509823116,653.7717247117458
318.6983614395957,634.5886701725462
320.50845723775757,686.4059589254626
337.8355771491282,644.4867235704701
271.8795169854871,646.196697566205
290.2627001560201,669.5695059795034
310.0704007104657,613.941761954906
298.70091977055574,611.361727907639
324.8045787394692,625.586428380356
279.9625842468995,613.080880450153
292.8650554543728,653.9715311431762
282.80361743695016,624.5555646994144
306.1193554726812,687.8757160501959
352.4875917292301,659.386714725619
279.5848795421886,627.5219984918635
273.0252796553972,666.9417077899703
329.1842961823746,611.7977461363052
323.9823239956106,684.9364497207414
243.1319727587827,548.8077646325911
199.59661508567353,497.2025050350706
225.7656588955076,458.3737894361592
234.29019284622046,490.3273107086536
207.50402716211897,452.5583705881763
226.168168506182,442.95483922786684
168.5618565395401,466.21632685919104
200.67899480888326,425.6120133495025
216.97717601583747,479.81363964879586
212.0020380583854,464.7852856994038
189.00459502989753,469.1430527043456
210.71314965213264,423.9182151446944
237.22120476225058,462.9072591195501
230.72902654930544,449.1343090075264
224.6349854550536,446.888544064017
160.95242442292655,481.7285562415334
222.81018554486678,421.07675221234285
241.6379450641208,421.2080659179395
183.71640142855932,484.7487678546479
164.84565069723874,479.9850661900489
239.16350767687138,483.1363458907088
134.70955617424954,568.5591679311109
192.0071721777045,527.8288567899737
137.6243688127039,561.0341442690979
116.92765449209959,517.9084555758536
123.46970083791838,520.7809421989203
128.9717933577768,488.0093390025168
190.85930680134814,563.808866347801
146.16535693223116,532.0177601200385
187.73973301554418,501.99752787883864
153.232518221034,528.6917293972351
156.93483977935006,528.7320779359711
130.59520041918714,486.45386312654085
137.36898837920222,497.6252819424742
114.39039664846284,549.4894922663658
185.10512632501667,518.7131583733673
197.370336207376,507.25002141548435
143.6369861720985,547.1459197899886
136.59472550834016,508.0371396415024
780.7652544506444,116.05963694050027
773.3011883098465,73.78413003041075
735.5072866947653,64.35399701273417
760.6524079121862,120.14155112387118
786.6939079356085,53.06243325063997
757.3009550559092,52.147171217489166
757.3146853689477,134.9014528472229
775.3364379656578,72.47689788529851
754.2007573366121,96.60780016753165
750.7080508015548,57.00822619558892
791.3070107929644,132.9608785069822
796.1325508250603,102.28971479267226
724.1687359008962,120.5303688090253
803.1237104057764,63.17302487612768
794.3632938899362,49.95083660803269
776.573184211406,56.470897960197505
795.4822445557049,94.28477509053283
771.969354647549,63.30790378952357
1064.7926874684126,717.5759890456694
1094.4151858967507,714.429313053805
1143.5848477328373,731.7326031781695
1072.666340957042,710.523860986121
1125.8031857837964,740.0194389560206
1115.6734908498327,758.2535019841835
1121.980728756547,770.6509799799001
1143.9586739046797,705.9713574969867
1144.7951979677632,765.8549434050628
1087.366204960243,744.0156807691427
1088.1718230179908,716.5378958723855
1097.7169993604064,735.8364751441669
1072.6477001615303,731.5129732200421
1082.82422218873,779.7099419248408
1085.9940597673183,746.1241307373033
1121.2592402975588,705.1275181497895
1115.0671041093092,695.641077444434
1118.2878303869143,761.0713404695108
1133.0323619918,714.1232323601394
1110.8639160723249,712.7970665081363
190.01022649083347,701.0754627471064
234.57283450336075,711.7884073877597
232.27216117425232,721.8655043600602
228.20020683546568,644.1812248043772
211.85117265790387,691.701420446506
208.22012129913526,718.3140984966193
178.25192593065506,633.101659842105
179.12223452218913,685.8388759121493
187.64243504160024,647.2113518010168
182.46851931379368,641.814360080463
204.72759943821285,672.8866093167021
169.49040207879304,654.9675239440946
229.92086146564327,672.7024971090852
169.45221258309962,710.6913078485867
210.28134673102056,720.0028178053534
204.36704307713256,647.77052868732
207.4443084585346,660.2252563678851
197.48121494599116,671.1204709897875
1035.857377507276,641.605673936678
1002.2469235114349,600.3139167304618
1016.8545222158876,650.6579643492753
1052.4480030247485,629.1690141773959
1050.1008744226103,591.7016066399366
988.3269007663528,664.8687868072822
979.836070789282,592.0363992263998
1002.6026083172516,588.0469884192739
1035.0779784464607,626.2106814226669
1048.6786403766944,634.7202632738038
974.6642327143968,652.9209335856541
977.0585046606146,620.9427044297141
998.3258106032301,609.0359187020329
986.2704467953528,638.9158409148788
1016.1481158461376,629.8356056697538
1001.0928307658523,669.2571839260864
976.1492692509363,635.7713159517193
1033.1751464579957,630.1576394486395
1020.2141464265056,595.2099491383022
1043.9974762906231,645.2585100353504
979.8623270760908,629.6704959069704
1035.9077745385275,584.9239862627061
1028.4996602393503,631.9244640662453
1014.8289068772408,605.0399568199475
994.6593777288284,604.1701092621116
1042.006451858877,598.5451792618752
967.8309130160068,663.580073891175
962.9588153844182,635.4563441017391
998.6848489436295,580.7910644272986
957.3370109804971,619.4051022034398
978.3564967674695,580.7001267162069
960.0151215954339,630.7395390400048
976.5674879353493,599.4705984328176
1031.97080500281,619.147085997544
967.236577799161,630.0785097990307
968.3046970622005,665.2214652002361
973.3330956072206,587.5281198972361
981.0496681005195,611.5654425158149
1033.5642739966527,604.5980861235121
1001.3169781431991,637.2337997671009
1034.7370159912596,648.0338845656706
982.4501714101889,624.9193033571311
1027.0938813107812,618.048766708125
1043.7466017808392,644.028668943824
1003.3325836434633,631.0664328132698
1031.655118441529,630.0100580090696
1030.8801396346137,604.2521906006463
1028.4243408325292,647.8471105083088
958.9800603342354,586.4835968257898
1005.396387953442,607.4149864108134
1007.2550687668536,660.8009934807837
1025.5748434786542,588.7992613996691
995.8607884901114,613.2688270998531
982.682137295888,605.792647293686
1025.4540894995685,607.0953546356293
970.6937553806167,649.0765557106296
982.0600944794943,634.4788772864204
1006.716117832609,606.3810211890891
1039.1553975395311,576.1306234010726
963.1771718988415,660.759267028175
1035.8383559949339,630.8915268883084
1047.2022898644043,579.6762155053176
1038.4075198862593,608.6509945204738
1024.9042989797467,629.7451614541657
988.521512368476,573.0361394681212
1035.6375295683304,584.3558250716749
991.7049021098957,646.8551811228864
1033.4034981471746,620.8543170057042
1017.7177761821196,612.6073270035467
972.0303374781232,594.2199725544954
1015.6619178345471,604.1937601979413
1037.9724480847253,581.9530194270577
1026.9125636761316,636.4587672157857
974.4629489899224,611.8670799568663
1016.9449229274903,621.3984007041041
987.4964027793878,582.4593595099634
1024.6262115767918,595.1338658181943
1047.228719747732,636.5979488177537
984.0295556993877,627.0408379489855
1035.5983694989,646.7221535526272
973.9181685947193,595.3494617056866
1036.8772733710202,623.7645045054893
1002.2461034807002,591.5320927412977
1026.4929362361854,648.6382084354059
977.9966735052031,573.8133307318001
983.431879943445,591.2041352755049
984.1268624087737,560.7299189667569
1035.1472252285432,597.0283011823664
1022.1429757325803,593.1745263139934
991.1980648295047,558.1058517436123
990.5533970200827,627.3751257502062
1045.4886890954854,614.9457015553147
1032.4885559932627,608.5177600012186
1024.5237018669566,567.3071700153997
1054.6027778737082,588.6204032833203
1022.5595963642766,585.5435142974811
1026.3768096373392,567.4527878622185
1045.4525819320436,621.00353801032
1020.9822947695257,570.9207890812307
1031.9560992627435,584.806412584563
1054.8363232765273,600.2061877328588
1010.8695590776102,644.8824258723633
1048.8361829673108,637.6091041796008
1042.2802291129094,581.6329290985085
1031.92435238046,555.0390365791116
1046.8561914637608,615.9857405013471
1042.1353244677823,631.082825818981
1016.2723819578464,595.1766586688265
1034.7872612742983,642.0692927200228
1058.3391080227068,629.264888963191
1042.609093664936,630.9216577720832
1051.2103799596812,564.3554575204063
1018.281502173877,626.1046926193926
1002.4335505375842,559.773654453762
1062.9549756853687,585.1140655898972
987.8440386487657,616.1778521704153
992.2450977415937,611.0954517839741
978.7508823553292,599.019769893013
1005.9617036690328,615.0726829463944
1043.997717576296,556.9395614265438
998.0951515753135,592.8624172926214
1021.3862310493893,572.8265064109374
961.9125672827842,595.0703029201627
1026.3625543116332,581.8618179004626
994.5497069766482,612.7175294739977
1049.1692037951818,565.4130943121332
1005.5709851419975,562.5182869631631
1013.0944227582783,634.0408527183697
991.2861156345996,623.1730718965181
983.9235096113744,563.4675667313186
1035.6761706240795,646.2509996748897
997.9194166046525,569.3945359583079
1018.220401704662,573.9658683796038
1006.4040034777295,615.3416394704464
988.4593203013385,636.3284495864643
1019.7140072159586,602.9401417807096
1043.9464513484966,586.224837980507
963.4378601347296,618.9930560909203
1003.7938687595642,639.8800099215471
970.2312859382848,592.949212323661
998.0246789028649,640.9821581656716
1019.5899733680969,620.2209169067014
1007.7629527234575,646.46019430978
1011.8017594660291,579.8871591470848
956.7371265339051,640.1299762144951
996.623548133495,627.2521872481755
973.2338791479168,578.6435278422662
948.5652844921282,658.3829307798236
1010.8370912809647,649.490061109503
967.9254081315884,579.7478898185897
962.3676573650416,597.5496559029717
992.9478811881897,608.3167430750908
1019.7135726827951,621.0583075903442
990.3123474511985,584.3748803766244
1024.2040964457822,590.6407380023022
964.2777962367272,607.7237386076102
973.1058909996736,605.6659010587432
957.591305893575,623.0212120703203
1020.6866438385202,579.9684057177425
948.4864907275044,605.3669859556014
954.8869506335171,612.7700037316059
967.3994215984048,640.2528743803076
971.2640951817119,641.334937828715
1024.096219344984,641.5765276729285
957.4776862748463,588.1563182522093
999.1865144355854,623.267077394769
939.3821641009224,621.2749773899262
949.1964411867326,657.2155478968853
943.2074426427225,612.3054356105164
982.4288346547312,606.1495931702943
989.3443996462231,623.0769040163675
1004.1282658327524,633.65162197145
947.8604882611281,605.0238253573506
998.3108799796631,581.7123627732838
965.8377178674111,569.5295211860652
948.5429090647023,587.669825072996
996.7824282725097,602.9354740166148
945.9090865037429,580.3858393410861
962.5315452603296,610.1342050905499
957.6984292616478,621.2012436745217
987.2610357900617,615.6581567248735
989.8713158330131,625.111112374487
984.5331468915824,582.7558328498094
982.4128025874252,638.2559295450601
1008.7066475777546,615.5578175077034
963.196098683149,624.4106171148461
960.2468275918608,593.2054962802184
997.2845348874589,582.5851116609742
1024.0841382708834,589.9367956105235
1017.2399729676548,563.3593077477295
967.8289948169536,608.5886752703536
964.6340008090322,643.2479221204406
1011.4156602422108,565.8901603797486
991.4876584633485,584.279659089064
1032.989892096628,647.3225858429756
970.9545606305843,603.7583138898282
976.4307941014547,584.6364083496734
1000.1202695313001,642.9534543982695
971.3321935919519,625.4778567221356
948.2807744300388,575.1639049190304
1032.871060006567,644.7760317834586
951.7938440047488,606.0181141799901
1015.1621370215634,618.3969272022816
989.4729854047645,588.3174918825624
1031.2698678474242,614.8450002560837
993.2802837651766,636.0170031755058
974.7551186080454,571.5159232420767
964.795168304209,590.4398857974214
978.8566631029596,600.0299181823283
957.6062506266832,594.6402420824706
962.920937949777,638.14767748665
1001.0236199302605,612.730070208985
971.5932241323123,627.916489219986
1009.9014816934219,559.462148011801
994.4052616907569,590.6757609026989
1017.1984210770565,624.4871946422979
1009.4162470088617,635.5051456377765
1005.930869840332,633.6472886455871
959.8189530771475,640.3693949567503
955.5048722401291,577.3191782033939
966.3775614814325,640.8207870589895
980.2953884265795,581.5289754859919
952.8430149301724,580.2473782672434
986.5152205702344,640.9365692281931
973.0963465768426,564.4957122876078
975.6603025107491,622.254914369405
1025.7732442677432,647.6459879425115
1029.653152417764,627.9103126316529
1036.8323192514765,606.9123624180769
1006.1751957328546,643.4698790168038
1002.6243022489036,562.802922167478
954.6788243988509,562.4325069962647
1034.3196890404674,586.6836710860457
1016.119400251143,583.1905782669124
1021.0697155046208,634.9926421478616
961.3286747546896,639.575558113695
1024.2012192826737,577.0210798183164
969.7099108170046,621.7596450006853
972.3823661009588,573.9984034962791
1009.3200235406091,569.6211567112576
1001.1563563108457,631.4625461904823
971.39966441176,616.0852165497384
1033.662422239656,613.8955604346265
1011.3359441973105,572.9997783413053
1007.6142132669623,607.4697074308198
956.6895826482597,584.8108213992045
949.9130293520793,632.0530644769303
954.8846360854404,563.433913231197
948.4081636719668,598.9253098414225
965.6459813304533,627.8928075497352
994.9541698113641,633.2596718701908
973.010138209604,616.496403941103
954.8145730548752,586.7505749647852
1005.119367453114,625.5529348159517
963.9926286498356,594.521382415421
1028.8612226250298,622.0963254411646
956.6988834947228,587.4268922638876
994.0601238693737,591.55154594727
971.3514426363962,641.5698348430487
948.2063385801108,652.9169319548131
988.7238478695685,645.5735692435688
958.5664367149095,584.3046707559881
953.7597520884433,622.0324121807037
960.1159231629724,635.9917929462084
982.0376849399557,596.6638272512
985.5767689785902,625.354772477208
1005.4098073426044,604.1328760343661
999.2562624534023,608.0225283766212
1001.5029241323443,633.8335521066199
977.485304336051,612.7703801742755
972.8140445789136,569.9157228625344
1001.2482187032404,648.517147901433
965.3079583332475,572.869424487852
972.8565469706195,579.9073027521667
1001.251041704293,617.2009596803861
951.962723397791,587.8161221278497
949.2109413005186,602.9112863273224
997.5234484628693,572.1484102555479
1007.8672989983964,615.7781039556609
979.0418204875405,650.8489678044098
975.8110892087673,571.6764121386973
994.4905682422226,587.2651619612608
950.6746706916103,588.5940858292615
944.8653680434559,654.4243338914249
984.9690116765611,652.5496699319463
946.6801242716006,635.3800494003171
1012.0115009454571,638.0371824763506
1009.3740043031075,614.4452014691904
956.6854085284433,586.546906549129
947.9472145626746,649.4095618854437
943.9858821008169,587.191752653
965.0754105358963,581.6767184659009
1025.2383105081285,637.456519679975
980.4554607225756,608.9701159624963
986.8116881036163,574.0788428244509
981.5664788108675,636.9514460294653
960.3623573023486,564.0898410855218
965.9252345363459,637.2242197303078
1011.222171553824,630.579323421773
997.8507297760938,641.6588179896198
971.2380215359381,583.8642452662706
1024.821689100343,615.162214918759
1013.6472174859132,598.5340303963171
957.2841199335628,568.1185827935733
1014.4445341946889,626.4085299462813
988.016222093466,624.3154233881813
986.7727955567976,608.9446934383409
989.5788509005158,618.9400055082905
1024.219838155361,595.0466443287919
982.049419726651,607.5914544210831
1049.3436361827587,622.0093478383207
1010.1851869268717,609.2542699429964
1056.579003460122,618.1482965275488
1035.1822722310883,618.9914100465218
1002.3206853670964,577.8354680635897
1028.5720218122017,573.5968401654162
1011.5745908801254,570.0817926974929
1015.3374159063495,570.1120431528658
1061.8102744916544,579.9063480073247
1054.9146309516054,586.2779675276901
1043.9985982728597,591.8683887958329
1031.7403217692167,603.1445442973265
995.249845910213,582.8859903689582
1029.5187205457764,589.7589115667487
1023.7167013077458,617.1357625890175
1029.2661611837977,632.3054910673623
1041.7986016264983,630.369717282763
979.6280471921843,631.5325812259997
1062.236040139044,644.2949056953178
1024.080762404728,639.7878173760474
1008.7277496165115,617.3467682991252
1047.667283837967,635.329193524048
991.0252665769732,609.5558199726579
1059.1286011607772,629.264570800297
1045.5457994228502,642.1977493243885
1011.340986115868,609.5403465516686
983.8310078914698,573.7839968238327
983.6190977646586,573.1467608634135
1005.8945238272346,620.4860761778144
989.7709895925889,630.6259289425564
981.9950962261522,582.3998148725609
1003.1514306937463,622.3454860915415
1000.8516492171833,642.9305681500559
998.3620892684588,596.2552557285093
983.9494293527954,593.3625981081575
1015.8480963444135,604.6115914059952
998.5547723955269,628.1184804710118
1026.9770108470027,578.5884271744127
1045.107002111378,596.2329863577709
1024.0579265400556,633.4213201878032
1028.893399068741,620.8247589643606
984.2373279561331,643.7343774029492
1006.4534528343445,625.0646671563876
1048.4120064516108,600.5831325660116
1040.555887867385,590.5663294246393
964.4355865135718,570.7654232520471
968.9998017012002,588.1668609215096
964.4449727714939,615.5984553097594
1023.6398312209897,593.2489203028823
1006.6249477439966,633.2394515697184
997.0447521699584,609.2582337008029
966.65283884045,630.5693781364783
1007.9817594156623,623.3550175710952
961.7610208306847,658.716479657586
977.613392347241,647.266657961468
973.4431017910628,584.8275494224958
961.0537802201052,656.9098488564238
1024.3265271206928,590.5702517082186
1024.0690230785733,617.6132538183914
982.7626863210937,587.9743387755453
960.3670084097895,658.3437672261437
957.6060215293725,573.0248086108943
985.7993805430368,645.4216638035376
975.8710755889763,580.3949058952359
951.0378350070761,580.1342660917908
1023.8213540419113,583.7242975882208
966.2422083847429,615.4107751514921
983.6129483834769,633.4260259221028
991.6182217475211,621.0766714633698
1032.7755741267724,608.0373998831827
970.283180144313,622.586235396214
966.5969953550497,581.7417924743539
1021.6956754595817,566.8979760396076
983.7057179210258,582.9171463617463
1009.8267101618347,616.5585085263164
1032.9561442701693,630.5040505683091
955.5970177380767,623.5496046262646
1032.187855624919,586.4138916365386
1031.1439073094539,575.6322213707504
949.677610705256,635.4385531063199
962.9528021302102,623.5822138932963
1016.5524709086161,596.0048354393151
1012.2612212076031,632.0772727832841
960.2889136179414,574.6768061897164
984.0323769495748,614.1218215290226
984.7829432185284,583.021251152724
1012.2311133800409,642.6451223071156
1004.9472053511661,588.9534334356816
979.6902896373163,597.8599931355086
960.2831610501003,569.2933090187755
1007.8211366470871,602.6100697901999
1025.5196761148059,626.6888496532014
996.4750829574764,604.0659461979752
1028.7341913030928,593.7615341572541
1009.4245146030755,582.172126576073
982.9136111669467,559.8530416054314
961.8837738337627,608.4082929933697
1039.1202915070633,589.3120230960124
969.6365946187431,599.8608880870302
956.1450673811274,601.6419526242423
975.52870678673,639.1106617784386
1019.359778179049,607.8172536113071
1040.2178409769263,629.55240710457
1006.579414067029,625.9330121525728
1019.8691253618299,606.7043558543496
959.8977992981099,580.9045577562046
998.6973777793567,565.167820328456
1016.4666503472092,632.245257010579
987.0313729796768,637.6159343042196
1044.7203779589886,634.5538050168628
986.7066883527967,596.8157992164927
1019.8596024544958,586.5975916225215
1022.370797863906,557.2740652246848
1034.8967277068514,621.8881041700809
1022.72326278212,628.1173545486442
1036.4152035521834,576.6211030654953
995.2584237208395,617.24331781158
993.6041399467999,564.7761538850979
975.9773783263273,606.9889992828606
969.7087369321755,597.1394513659466
1006.9009289324152,602.675062381368
1024.2867111543223,554.2975506454335
1013.2499015409876,600.5424924584734
1007.0404636359996,553.4109151961391
1009.3738485244838,561.1345064725455
987.2766387611131,610.1899678465853
993.1019180913972,607.9659433803945
1015.9429499513965,616.4045371955598
1029.7138589344781,615.8287098601924
1030.176595024609,621.7706313761639
1027.0479871348814,552.276353615971
1036.9506128818903,623.6506015917223
1048.938886196006,599.0777709024752
1012.9217544285272,558.8185222157701
1003.5562653598073,592.5891242899796
1039.1238848126034,563.8970882488934
980.128342630209,570.1501049424236
994.5552757069134,614.3056215890178
984.4208493058499,644.674999018782
1006.3867363284093,600.4370795032683
1020.4727353090946,575.142924907058
1042.820513536742,618.8986313082773
972.0807129068606,611.7334839652497
987.951764332337,585.4867363432861
1019.240749547156,586.8085677752666
1012.3650068108811,635.7183933832351
1010.1576954185456,556.9055709178018
987.5897258765401,638.7321134416322
1005.9788458322649,623.4949692163161
968.7898457997104,600.1585417708668
984.004342773151,638.5070219541252
953.0989154972073,581.061929884197
1024.0986379051371,599.9017677664004
1036.3387233797062,648.3027136728296
1009.9559141858556,573.0062263687319
993.5077711413954,646.4501296503746
976.3148388963757,645.0725716028885
985.563014460659,569.1672140843184
1030.2359182280493,589.8196965361593
978.1896594031548,625.5303704760018
1003.8244952975609,614.5274417239707
1004.7463914104379,645.5038476865566
1033.7965950749574,608.7968437078005
1026.6289133742155,564.5179290486424
1021.6807239279283,607.2102551361284
967.6174844199503,613.1211629578347
1031.5184680435348,636.3721394527163
1038.5708529255803,611.9676353919793