x,y
482.19195566010717,660.3839581083114
468.6629225256314,624.3134788910738
470.04779517251234,642.4301888250767
491.50541118061034,659.1726383078825
460.9308188820893,657.8558946215494
448.02460633446043,704.7533560122005
442.91938444562186,711.2474694721006
484.0929071075982,624.2321282327633
472.0742616343836,651.4106876762984
463.0740228114689,679.5481685487302
437.28980242880243,697.5029357506037
462.367425075925,635.7026531348458
455.19701950602513,660.837442897285
510.63845068273434,624.5430048125385
449.00358798632465,639.974983377257
500.3296003401515,684.8678475782754
467.1542700142442,621.2734173274305
512.8503206385832,660.7272133023005
448.6983996600163,655.4070096333799
448.997190374776,644.7248293874525
530.610735918111,696.2955936168274
484.18742269552706,622.7174948048049
506.88974289315274,701.483636117189
486.2476324143133,643.6461171707477
492.6123699357293,685.0753741677095
471.82910823990034,661.0667994301367
503.0738324161242,698.0331654699863
476.39133353305203,690.3619658553482
475.1986404092052,659.8029283731648
493.12053793204245,653.0235893755229
514.1055674794072,605.2549460366348
503.17667607465205,668.7213840389744
520.8259510872635,642.8701214837682
507.87292717618834,638.9034201732392
453.6537798097667,679.7334652806852
521.9945660665181,598.1893001216768
476.4368700424283,684.8981811928422
460.4060720601328,681.4520109368891
459.5321189575757,617.9869827265267
471.7240242553558,636.9269949930255
495.60632881616414,632.8745276212405
513.8249007027728,653.6256994216176
517.0175361685506,678.0512710109795
465.862050708867,625.140387393637
513.1514937508499,626.1514549896988
512.1762166120407,591.0181957230569
480.85560756938884,604.5713058111536
456.5562266686943,653.5744401455713
479.5167012155249,657.8533221377483
449.04243103605927,662.2259699182359
451.06662819354625,606.5877056409504
469.3423885718277,618.1928545587353
446.99077637598106,659.830894924314
522.121158893676,660.0129965253734
477.84531591083163,669.0496304334714
474.29696140705323,601.7389184580525
455.21641502550324,599.7482195135294
466.9687259548702,677.4686674042362
468.3720740247503,605.625360098915
451.0694911744687,658.7758212514296
466.3903554118125,669.1567647230419
454.69732011736954,642.5999110304132
426.80572120826577,668.1449664845029
437.1573413803406,668.9837021740661
500.89888119354623,630.7326522089414
485.4402908898895,616.6232894925446
455.3615412589942,617.2454593796595
500.06709320229663,615.0186919610225
457.9044711125393,633.084164011901
493.14776067380944,679.2660232979102
477.0036719973477,642.117253994618
422.87528378698795,653.0439258985589
457.27199707553825,640.2395101776021
484.675063081251,685.1289065594901
456.1013045131461,612.3041275228759
413.9859117515399,675.634224939882
484.0780674554669,631.7729536903611
423.0016138476986,634.2552174416197
489.68872016941515,675.4377143464833
436.9676756984671,644.0623362351793
438.8360063951492,655.3944818675243
426.6935629216143,634.7283167840054
453.40666270478084,610.6088544006959
488.31709458220985,626.0017933246866
449.45647123955985,613.256988798758
451.2228937661286,638.1144857246485
503.46501050960194,693.9321136025976
454.91859159705166,665.3081183603479
458.44452818660136,685.5620552969916
482.7425918486882,620.6983816955966
423.9500073599378,660.8372114243489
440.6929009826173,645.5264976313324
421.1333126070769,646.1003119926829
432.0769715927578,693.4179942949113
458.31924013966506,629.277947169139
466.6220650162476,668.4224752252562
485.8034170462165,692.3893584597055
495.3491984912029,691.598414466355
442.49432995999575,633.8675655595556
477.56324618176643,633.5695182017676
493.1860600831059,669.002636403975
433.06448558807057,684.5126713084221
462.95698214157903,702.7256884359725
433.6957922013792,688.1514599056069
496.19131996719256,655.1611631951506
478.96141353083385,705.0629167691698
503.8854577528465,649.5691254437476
441.80987135322465,621.768324650052
490.1649282000693,629.9749409640282
446.1832262542437,630.8767544245117
507.36726322343077,681.2252890703967
483.6920281582104,659.8779092635044
431.0814518859824,694.4270010296226
479.2715614640994,634.5783181682656
472.74003274264254,652.2631853089688
440.25559764313124,643.5204846652188
444.3969198407632,623.4896672335258
491.5236640921694,601.8577527558114
520.5610212286523,688.9744821931833
502.1669153006516,646.0603690297555
468.26407389270736,633.2577069277709
500.88477809107656,629.4276406062894
487.88968222537244,632.5608267590975
505.71551154838534,634.6518289605924
465.36068212846953,618.2383718246862
525.50291298845,619.7701800066492
448.9960550384419,627.4278080699937
443.0113293886201,646.1793944016221
505.87554189294775,641.0606909981399
456.5495336723471,644.3519611944439
497.97712574366705,647.4344060385599
492.9613771295767,612.853962832064
501.241950817693,659.6649265809772
483.551251483682,602.1525974379038
478.688047826091,601.3256385501429
510.7481812752038,610.7892578958214
515.9051539675881,638.3211146297466
455.9535144165413,643.6971519895038
491.50547223371154,650.6254216547587
526.0414956186007,637.6840980068907
529.994371449429,627.8423264144109
466.31273539352884,639.9836590354357
465.4048344416343,594.9564980121094
471.9024807638489,598.7931840110382
505.7928826347191,646.3167797975907
471.51988616923984,612.5255366738144
477.326591061424,605.9293186536707
440.9402024030021,646.3917689000959
452.5406724657758,637.6519768225266
493.2722474995382,595.7782175349848
449.2228815925199,636.5117516864746
488.7368478710865,607.1900424306414
477.13590288850395,592.3661309232158
475.9684262598912,635.0082536761762
496.5210599016038,601.2372657059373
498.1022262403912,654.0962770325966
423.92434920586214,638.6687214989018
485.5186128548836,670.9730662087004
503.04489236894756,654.4194557692524
487.8375815601137,671.652305884084
495.05058118992906,640.7484516935481
488.7551344771408,674.7261756152435
476.2686200176954,664.5953232030519
444.3359863760151,654.8908985095821
456.27785155013447,682.861691297253
431.0244437854916,658.7071348156207
453.9281957525566,667.7584835473166
431.2429764674435,623.834027477031
506.42791623254533,683.6310050105383
475.375745969371,673.5307459390251
445.6404952679915,638.5503012884265
496.0683859145392,691.5757300410112
452.80188672551424,629.7054969681823
434.8118588511598,674.8386771859873
480.23259280689666,696.9739184642835
480.2920658581586,668.4117650323914
480.95008959885627,618.8842609018257
459.9554179900503,646.5380029781836
479.29851981874106,632.9370789245415
436.8883160538852,681.1891717177206
482.61527066217775,681.0706527683667
428.9610312893328,670.6708174792061
456.18449467052403,688.5486200239793
440.6437915060685,647.1449153705269
506.5436436602911,628.4898280101827
461.5911218653241,623.2670457697194
432.50539750791563,653.6864508002147
498.54783379850403,682.8621797710532
481.5915558335228,680.2208791745645
509.00857324270834,670.546451401036
445.90390621673123,629.6293661813642
441.37171886597537,616.8821305760964
509.95538634895195,667.9665570458448
436.3665470834106,633.7045256706165
493.95267292263696,677.555481049442
484.49654952453193,663.5991049281477
486.1649487586651,615.6890987338105
443.2692900361312,628.4113462674028
456.69309756564314,668.6542096441302
437.41157642601564,677.2002951221209
463.41705929909017,660.5294243147306
498.13137572680495,614.0913116075482
473.1479486854989,618.5962433523439
436.2491022622054,656.8286138815769
453.94517627722803,664.7695063831318
452.7283143624336,624.4193086844701
435.6042885937064,651.131776722554
459.47026404048864,638.4086385621936
520.8968995799711,628.8840858298573
508.34751235457946,672.0977143293449
509.35215338191796,634.0702420155602
460.9477537634934,585.1464580067935
488.98131065735737,584.9621877122694
460.9536131246725,634.645656508669
446.02360583726244,586.4185324817497
513.8145591126547,611.2622377475383
465.59127405904695,636.5190940362171
480.68368756263567,611.3832493052653
482.3875799364837,623.3340758586297
517.1265192891356,580.2377275740614
458.5756730190438,661.0081874451241
446.74713914897285,602.2082636940751
506.4631109767476,590.7405677558382
482.65506787655147,656.9305525233059
433.7722762641789,654.907058062583
495.47940856515186,621.5293795307457
430.0147969525263,644.7450494856371
477.814135747198,646.5062054890751
512.6521710094556,642.8193641762786
437.06239239341994,665.086671693478
490.45831459377445,627.4927449228627
487.83500154420256,645.819695164461
517.5178989553486,661.1382416625733
507.50998865718,611.5991399556615
483.86067831839455,587.2425771507361
442.1418470972821,582.7569789350028
481.93796824828564,621.332335269821
505.9818358360535,643.7561727001672
471.7700149700603,644.3677557296961
483.9526878045057,618.4344780548438
472.1628284175075,603.3415530948331
422.47543573852397,606.0641008933255
427.9263812145375,612.2371984624523
453.1231880221614,620.6081792105128
470.6434261127191,628.0947112502495
464.5778675877076,602.5855606505536
494.5477506770893,686.5361721255557
486.88419141574354,682.4085159377036
432.67955769861976,600.2567037682227
493.80100963183395,664.6408444663379
490.9881865142956,658.239435877821
500.3845363556022,649.9744031124117
430.6727410612987,601.3432436075198
504.7603166764534,673.6589517326914
465.1683679124147,668.1179946450694
507.1371563663171,677.4029485238336
504.6518226483313,639.236355879615
450.49550834885326,667.8024846187246
509.7242114605695,614.9778342166954
443.51551137512786,621.6861034210718
437.4376442983502,658.3702260626363
503.3593126593851,617.2113885323562
501.08325522332325,652.1353416239782
467.01856241821895,691.2942921203321
449.60063160553426,653.6139288108401
445.7481798381563,635.3943967538636
470.9935999006079,629.892016632229
511.9133947981829,671.646803923743
508.56461438969194,673.6764341239943
446.44805315614974,651.095549722992
451.3522282615725,670.5125965432991
498.58060522143796,679.8863279392731
504.00414661274334,678.3579279417798
485.3407555370095,631.4975699379714
442.06677456573783,660.1597575534821
479.09555140376506,662.0466630282466
509.2796485890784,684.1565298755341
435.6332985793171,673.2070982833404
467.04882449087137,685.3805898336482
471.205994133444,630.5720491640444
431.11536549527057,667.643634405814
497.7308684755418,601.2238553155299
478.9967738285684,633.21885347793
438.266767687327,631.6527564346343
499.23401549190817,634.9552495112539
477.1805069829414,661.0140883793925
435.17856138102024,626.7992140712255
435.60876811792514,617.3957446112762
433.2150170804771,593.2844271396758
435.20073851771747,649.6314836928123
463.02096905758765,651.809674270366
501.1507708949241,602.1062553475319
487.87666212229044,602.5364136631382
511.79446423827295,593.8471376636579
486.7973270210819,653.3814320496863
443.7257966437523,596.1620964289724
508.40211703677505,583.2855995299935
432.96356400555925,660.3042246613566
473.84419116755186,663.4303657313537
470.3540163342646,651.2960584658206
447.19356505125614,644.9885112396643
484.02166335108456,587.0825588118266
459.94319375961095,663.5977256634227
467.47717866234336,642.1350284761978
467.14166239875203,606.6552348349019
484.94940307073176,607.3423981398607
446.6029771226398,589.7072582481094
509.00214869562274,659.5080505569601
508.89641012886875,623.2851884082318
434.52494682989584,655.4454770787553
493.5179646896352,645.6833870836866
503.9376654122774,684.2369626509853
498.44369901760524,612.3358729868651
427.44779864650405,632.5858390265082
437.80504892306726,634.0569322838662
502.43962418914157,602.6674859260605
451.0745367017025,626.8557377393457
461.82987154452735,648.6529124102194
465.62739451423414,647.8005344387537
498.9843823450672,626.6719797425835
450.0178061676339,686.2782526019123
462.3636618456314,611.089491951104
459.3343920828715,602.1911974786883
501.53189348655235,668.2525101081633
477.7965750361899,649.3625438280872
483.9802400319443,677.0304943644119
442.5267512043491,655.4540336026005
500.98721058576973,630.7954678034083
508.44622915809333,660.732361060025
482.0577883554184,632.5863331450962
475.01650125756703,646.8846322477183
498.2253250147278,650.8292734556896
420.8384824545119,637.5319420392794
440.65727828709794,640.6617014098914
492.272189303447,657.0833829971846
481.3865604863297,682.1655075831918
477.4401046504256,703.8504856454242
486.8722822586045,632.2984945320327
485.50415344952154,619.5206194699834
487.78789111764837,615.2621264727683
422.86446982752335,672.0901058061663
453.1729729335005,661.2372562296605
444.433582793998,664.9146268837239
474.8275490232148,636.6212377153023
453.23800383338266,641.3110712421158
485.7596307616486,608.410256718883
479.70243977805694,641.8592991080794
439.9452351809298,694.6537419188952
451.97297848753715,654.4299492381637
485.28821857179054,632.0119190373438
481.2637089633309,694.8262272496976
501.29177219473615,600.839925435058
493.43467079507263,622.0502547821397
425.6595506326918,603.5555398232698
423.5889398445681,607.6338477111442
422.7622994240294,675.1546727830791
420.5748437557547,611.4016821368518
485.5868038989953,642.43885744926
490.9676651138676,624.8120461788794
450.45799445752453,616.70182459427
480.3138302768971,629.7153640901396
481.36592650715215,675.9646342299342
468.59415513632297,646.6847068464763
463.03379267159505,600.4080355281623
463.6563195761925,680.9848573730103
465.4073488897932,616.196401560692
419.43962539763635,638.6647395240572
434.0654328190282,668.615664397232
480.6915654970511,634.4329392216532
494.4681877746606,669.601239905277
482.74958446514574,664.7868631747704
411.90774016641615,676.7599841363063
449.4180947503491,623.1500137050234
480.24534638728386,613.8664861290296
473.05545983758356,655.3553746518656
486.2285203090636,642.8966819836853
444.5851295747513,643.7095233292512
422.6604438225999,638.8498152874344
431.5110501518425,597.2405756925986
443.3960459418975,615.0604174801402
449.8456218182392,643.7960099635071
437.1878928653893,650.9530528366829
501.4185749321723,651.4938762343166
432.1240834972641,636.2958530483752
459.83246271676364,657.4834524774881
464.57518883643735,679.6772032878678
426.0045992439735,665.1307077079022
437.94215784739225,611.109581364797
449.7091873037111,660.4640631656824
429.7431996914974,623.5154426422351
499.01918234688753,637.625794528362
472.5177862876564,673.2123850287527
466.0493940279224,644.281375830053
429.954422767654,626.2164928651108
470.8419627247754,645.579231043009
454.49786555410054,653.6277803245978
433.19785454670887,680.8705038218432
435.41611627445286,643.3743862777344
425.22940899329956,624.38603469248
496.9748543069299,626.4593299114866
448.7457187217887,621.0260460616148
461.06745309657464,634.513698766066
463.7318598529592,641.4382393818771
426.4646353811222,621.5149649416462
457.4215236594081,654.4701110339648
447.00713185082066,678.6235403907257
444.428487129707,646.4624178750926
432.42827658903263,656.277368823735
435.9990368543673,588.812554944161
499.57158185704196,659.5456496675279
432.1418610804595,585.9970595231949
481.64105068158597,650.6604178958885
467.69265689177666,601.9327218008459
480.3706946143639,611.9072165025445
456.3238873518054,642.5634504603397
476.4474959597839,621.2804448358575
439.9425990014271,650.8831861798194
501.7374981555987,591.8868836499677
455.0133663276208,643.7765710598362
453.65172940560217,591.7976554818954
480.29731383110436,596.4103819460183
487.44756046596325,653.5416186620437
467.48604499343264,649.0965929202832
447.181197932127,595.8381288010436
462.79577793865843,585.7590937508853
440.58347997701975,579.1733307840951
447.258639432771,602.4097369310037
434.457280584924,594.0550914313367
430.71339569691145,652.5363237106425
506.3532968290483,590.8670859683407
510.16363653817274,590.4132888821308
449.13066602768396,643.5658325488963
490.0395249002045,616.067593782035
474.20676510586077,600.7596451564577
480.7141386565912,625.0514446557144
422.39550626989154,596.0536525380643
424.300783416667,633.8195282569119
479.3262764240381,605.5924511632471
473.9432258552968,609.1350421685569
415.2828252903273,641.1066594901067
464.7691749430356,676.090484879105
430.91753226340404,590.2414405651346
467.10354421435375,652.566023351234
427.51900142573515,635.1331814186794
423.91056687467136,591.5174952475074
425.5764668982375,664.177604889535
472.9421026840285,649.186943432773
418.34214581027936,628.9724159375654
416.06709765261877,593.9353989147631
462.27038271859203,672.2904404320929
449.92056294581784,609.7988954822212
429.9318586854217,662.4187583486342
484.87138209151846,649.5871232585945
466.06199141196134,678.6897239691849
436.8313041955622,679.4490035580513
488.2347243144416,605.3475064064553
488.5151418117283,630.7890584742505
442.03629910848264,657.4120486178489
439.5896717445253,670.6518965772765
434.6890612533819,672.5526379601863
431.462591590647,667.7838876784057
485.16879010052816,662.9516039680489
433.73476255067453,657.5369773837224
427.7855156945632,667.3757748427911
495.5166985669837,647.0966769181962
469.9466737010875,657.3850122156311
487.89425730289156,637.5071876372108
465.0746472259185,678.8453241651198
449.3156581146413,631.4377757916869
486.40360462865357,643.4344660410022
470.3446978670885,665.2874108686667
472.5077389976565,615.5697290067429
418.6500945681148,604.9536877274236
479.419914668818,686.7566948788738
435.5631826412143,619.218573209397
435.56395491573926,659.2213342693524
481.6347536916191,656.670593426051
502.8269019239461,630.4089381036681
467.21025838970723,649.1471390383031
458.95219966485007,607.6097405096845
430.14152369473476,607.1841856198788
493.2944686659077,614.5834266657721
448.050468133725,665.3943412522103
486.9071540939961,624.1946443778205
453.06510947300865,644.5435246149088
450.92362934687293,588.8885215043073
468.9497339098479,613.9881131856708
494.70359554652157,659.9478632395746
505.52291942904344,607.1644968826777
427.4470173376949,638.8526641754405
482.45746290621855,666.5767768209569
453.33771667116235,661.692438500339
451.77548306783166,676.2501700488308
443.81758529083214,642.7753486558619
480.1919183376178,607.5643627450173
458.59302061183274,608.8843747426317
465.59357131056703,601.1920348231463
505.90228047307187,664.2553589409897
439.1269443752899,638.5031232919906
440.82615122509395,602.9802885744634
453.86388109152944,663.8211714360957
458.15446436767473,654.2653961059139
473.63176602171757,664.5758066766816
472.75139007025433,634.4822299102034
459.57542350330124,592.7948545372642
753.2514131674968,644.8308807436472
707.7097214825881,596.8644587001272
739.1686513958267,675.1717590046508
720.817568159231,642.0639417226658
786.6026479611978,608.91030253175
715.2904708394772,614.941897095809
788.1318717208028,656.4001338458947
793.0661606835185,631.3735394254225
734.5509276795998,664.1181504384354
758.2628473437375,669.9033191434015
759.6656002560042,648.2963016693739
757.0532618968248,680.5869919444539
752.7885915207492,673.3380372315197
744.9668653889295,659.969567098204
725.7137704627537,629.401824065675
767.786020894837,683.2357524714985
768.8093323756387,609.4532782256783
702.6943481737403,664.6874776313496
784.9177187052757,676.283588340992
744.0705294476803,610.9033854238617
734.2541607588371,624.8817895524685
729.8399939517615,635.5050351528039
770.7298151517239,637.7458028671081
777.1834908579146,622.5604193628274
763.1327896225209,658.9960735237927
791.9371321869214,687.4229540190678
772.9054142763249,616.8173496295902
704.213356465903,646.6519765519915
772.684201349409,655.6381907439089
786.6742826789423,611.1942733363028
782.2609994778004,607.8135110583298
728.7278315037811,641.8633547789315
806.9766939739557,641.5896409383454
770.0136716415778,606.8902071407955
728.9609887544087,634.8478201238474
805.7669638851007,671.7453555680503
789.113402632291,613.9362141250033
799.8754713886757,658.4729183136969
797.6990322225711,660.436657569141
782.3093263956569,625.3012720408241
756.0748741303074,607.9117166257474
734.4539708035979,620.5008406820373
746.8577877638,614.7424233240679
800.6928902297977,627.9116213431365
809.3055812225266,676.7440277712753
762.774406518175,590.4546683371507
802.1555577807795,621.6456466583064
829.2778486192722,642.2733379576952
753.4314299828346,608.1717536558757
824.9775915817511,618.9579404070744
818.9115185826602,645.6853155161449
786.8458343587728,639.8470365205467
751.6224007676267,637.2860212160207
783.7882494693055,654.1233123013512
833.2504684551144,639.6489206974701
783.8190407081274,650.2797518445655
796.3851121186239,609.3847849456091
803.1481603094574,645.9465830780322
783.820067798582,627.0117199602282
817.4887503097063,601.6472284600442
817.0745242767689,619.6927777430749
765.4616489621693,644.7991829819782
807.3091141183768,659.8336872355254
833.0303684636533,576.5013233279227
756.5268414812413,602.9321009162356
820.4710273276246,598.0437703057111
828.1258172420181,627.4178633152153
826.3552251917955,627.862267826933
775.3532377752507,625.3966216674175
788.58790265302,580.275971893902
805.7316014944975,580.6125222165759
818.9369691113423,580.5384462322843
816.7400098288375,596.3637143879279
744.8665622082709,584.4780509587523
739.9337484360072,603.3437230232324
759.600706743402,599.3493573142237
804.3073351086034,637.801858244797
738.7766846200473,633.4748618262456
816.77381528764,628.4637918153452
779.8673445177348,664.8623864816261
747.175435435936,652.0053769083838
822.7302250130576,587.3303897084879
788.10511164673,607.0907090781338
797.1789581918018,615.165145036064
824.1028633067007,620.6919138772419
719.4957157003392,614.9701430221154
732.7305653706454,634.4274957924304
783.3615174587705,638.4709311913612
760.2371857161471,613.3722143839709
725.9523553250407,606.8804460357792
769.3369450553778,651.0842113265523
798.7133523111445,677.2286102344199
804.8997715841604,666.1336278899822
797.0446267949128,674.5612053036631
747.2490069010588,643.3124552431357
802.2432165219137,661.9560813774823
735.9593690410808,606.6043444167224
736.1440252951888,643.3117234698562
767.4713950434277,664.7664421793276
772.9983994503212,697.1183534400601
749.4513926766248,683.2504312695478
798.8890943631897,653.4022256816419
723.9950122147851,641.4932183758716
721.6797564561388,620.224481385268
752.4000967091837,624.8699415254688
777.6552883112928,620.9961608294177
775.3395080145367,663.8535513768792
724.8701224614888,644.4973307530406
745.3549134012235,679.5015593109127
742.6905021632178,658.4859296363244
737.7111122393386,630.3134506384678
712.6491641859892,658.4799368201471
734.2547952989853,624.0431749728758
795.0346650358011,612.5392332572073
733.3885079616616,645.644894481334
764.5068146666798,674.9967055285101
783.020461408184,701.4704281290643
739.6779403380342,650.7249868856601
804.3467167254898,626.9381045358672
729.2198961115064,631.7012197185286
782.6003893580546,627.8627823015005
798.5825300076708,629.9664073387247
749.2717452911997,663.9114448703542
797.719667337512,659.9965872787899
752.3957826710517,614.44623880751
769.5143563276422,660.0634945752198
737.2391560897793,643.0584443458978
763.839352111688,600.2233167055334
758.7033240064079,640.210260514202
765.2020603321627,635.2055362665445
800.3930131280499,663.3755025536342
777.5604339417447,628.2661220622856
772.2059759425697,615.6553570914209
796.2325194338107,606.4586084917894
729.7859815769854,657.0668002479422
785.938828043675,627.2396002674653
781.2701031362876,604.3060802487546
767.5164539477399,613.190016297812
759.5566616463394,625.8394010946027
748.1844795567143,615.7017587908152
779.0496578686602,678.3152171567621
798.9813879530981,667.1624437510134
774.9030986059367,660.9589028566606
798.0405788877372,606.6363673981357
763.6159536262394,642.52864614226
774.9186002242703,660.8679871371659
783.2623807066021,603.4974186434106
787.3917414414478,596.8490374276612
805.5927740881077,629.1689381833246
745.025599795123,639.604622294123
751.3455551321882,662.0143421471764
804.1024731775597,619.0226416922231
746.1867636344439,632.0859563082132
757.1268387386096,623.627266272735
750.3149592092108,626.5205847589009
766.4576517477194,612.0100483262054
784.0028510574099,598.4280885984699
809.7452151864248,595.9161688532554
730.9888237871824,602.9634310593434
805.618262046483,641.0988519386938
776.4012101731512,574.4712541071921
763.8653793634564,650.8582456139324
785.1366725935284,581.7969261525667
726.3660130671884,593.9215166152928
722.9731115647602,602.1059055823556
777.004384902495,618.5083496757941
803.2824930471355,596.576833526003
779.4766735702217,593.6772570832297
777.1637818975169,601.1458798965189
743.8801396383897,642.3583025137294
799.0871517536481,662.303506716998
723.0011742699727,652.6059062078341
773.0886226321563,588.71312497168
789.302623519186,660.2277406549031
802.2203231122094,605.60073121279
796.7401202987508,600.8978745192978
798.3462811702711,608.7798505835267
742.7224543630841,588.9453118254439
742.9892263650933,607.3311971553658
753.2754196530036,634.9722360400079
731.7221255770484,661.0906853846272
744.587719953917,637.1924021746335
727.3671067531046,582.5546300598887
746.1817819727561,618.1949137453477
752.1255468819328,646.470914284889
712.2637743163543,668.0984891032597
781.4700401432739,632.9410872163643
736.7220190989374,680.3198602468425
750.5977735906318,609.1016441584137
757.38149929808,619.494704272526
747.6491991812629,610.3001317700308
754.241163876529,630.532435321142
786.9175139847769,632.1969147531078
762.0232829800058,636.8402158257869
758.352134790236,613.9558998301792
744.5112275324258,620.1309826841707
735.490713532265,667.2527243433407
737.7099682169842,682.1943630689964
780.404436090307,641.7653700854592
789.6243144495018,647.3027532367984
768.2854786786476,663.4445348369884
759.9381282035755,666.4866489552662
799.0471438393001,632.7936299242383
746.8540598598996,622.9710779578184
729.1688666584026,691.3877853923352
761.6754499220318,684.6854320766802
737.0275758857916,678.4829704924847
731.459587715221,673.4371107536052
799.6064814331055,630.6828842250686
736.9076764426516,685.9366829618559
718.1819392326584,672.1972045360081
778.7250684724937,624.0622669153684
781.4738038337011,641.2352909756404
730.6733160773605,645.3628184684931
753.1005276312936,610.2202666349143
776.6911018950727,638.61960094664
738.0672676569059,655.6865100940297
734.3403470557256,597.8931547507593
783.1476728359448,662.1318734638041
759.2982526317867,621.6564080448082
748.9378451121863,660.4656742867057
757.3275838876743,625.602759154314
807.0865547347421,646.2897113723657
759.4384780700666,681.2226997044563
732.6133989456072,649.8822040985575
773.1503114099198,596.6942066442726
815.2525170704517,603.235115117717
739.1796870158801,611.9964919344538
814.3105266369588,621.6700618630625
792.4171320589344,594.2764118895849
755.5828933303695,658.9243354619073
743.915174971134,628.0315565841124
816.9186776214682,667.0431043566607
795.128334225162,633.3773990358875
808.0085140463988,594.407514640896
737.8621409455474,600.7944279876822
752.4139270852561,583.6259751539565
820.1121606168775,648.0489650649979
745.3101548317383,613.8174922300217
741.3914124712377,579.1314306078726
752.4997406973254,617.4224157686061
801.6198211667217,586.7422954677579
766.5035840727525,578.2142004328091
752.0854002355364,624.5946983677352
733.5491852303117,636.3220168118324
770.8176192019442,620.0583811377858
767.6256136829217,615.182218226634
809.914171504269,622.3061679120625
748.7343874897826,598.1661890438241
754.1768364860989,604.5435079541909
753.5426234678417,653.4411551170706
733.8595040129832,619.4068095068479
799.1267765833417,661.6670040068425
793.3106417624235,596.2325795224759
728.7148184922343,660.9709985616728
781.1433001724782,598.3472576906724
749.218650807218,658.5602839009252
727.0982233306278,670.7638269685946
761.3796550477541,640.3094501534905
741.8716339592871,615.1816586697294
751.394762650545,636.1351828411397
723.1322445008676,596.9010549892778
757.125172911761,598.8192365268623
771.3381929347514,599.4696748157949
734.0723580548837,607.2964634619167
801.0337309318245,651.2449165888045
734.0001814946872,605.7465918921586
786.3276661797049,619.1455456735405
779.3195309982738,673.4583698334736
775.6399772260196,671.6016290296822
797.9793920800907,624.7527302666707
749.288840787076,632.0884301393121
785.3041903909271,624.7933318125896
748.9125506836607,672.1769283633694
774.0785370031979,626.8909433447142
744.7860361388159,625.1989602716263
727.9886400854214,676.5505583271604
729.0680023698014,654.6407558924137
802.2353931806025,645.9085107925596
723.0924138932739,636.8986144295777
782.4353018966175,653.5334069189037
798.0627234227438,678.4248822512803
765.8843025555082,618.4505817567557
718.7916629819032,649.5982215524679
718.2024472372024,638.0124492570352
784.2708619387018,626.0602972718332
746.0007529996046,690.9602595354444
732.0582935482864,671.763593384602
759.0036384946737,639.4710126740572
714.8886778114774,687.3857959650849
763.3704224719967,642.3881214929895
803.0276778583805,659.8971790245138
768.047630397858,665.8130268054022
784.484169860508,661.1929962563128
717.5096550358712,608.7362587916252
757.3683815150212,635.8146457397816
738.2933419512557,628.2991529097126
758.8887603758793,665.8652645587971
724.9411413951995,606.9718315769226
729.8253458305705,666.4211758064707
776.4652776377321,681.9473164508817
793.1235307444172,676.0893799303938
791.3473141471824,653.0159561756547
805.9452802990854,603.388421802549
744.9023214895348,667.403085302219
772.9069922897278,622.5556707489226
728.4850000512067,641.4327346424336
809.6494922786299,606.2014277982704
774.3614436758511,680.2334391310774
742.718637030547,585.8339172033697
745.7027463978311,592.0823105591448
726.3206984657596,613.4636860455864
776.4953009827811,598.5083562527315
810.6775118213756,611.179618676784
813.6637982792062,579.1124058823219
745.6443241711228,666.3733464383586
765.9597938277553,613.594861379339
785.1528065430696,655.0134522830239
790.3741131161202,653.1356798040507
753.5291856559433,606.6400500457785
771.6850993729811,584.0755130557002
741.702793959885,666.0311825635652
792.6048894742379,641.4606942772826
741.9686249568745,586.1201631786312
752.8089564412337,631.1502035367358
798.2907943566574,628.3034526059566
752.9004316086122,592.6612696251118
766.6645727655657,620.9012340941562
741.195126554106,587.9473303479685
779.1807721926173,590.3134911983954
763.2474190373747,626.5803358557904
800.3684232196018,632.545426637737
759.3585848949974,607.0710282411397
733.3977084928343,606.0709088709248
797.1864544211352,579.6943910342761
802.2776854804515,664.250901698809
756.520779468364,623.436218292795
758.775717211747,618.5926572995384
734.4156487085928,637.5467806120466
774.4285002148536,662.3979330853474
742.9693742792031,613.5988170261811
741.6636458987788,657.588985449114
746.4318406676826,647.9741935673031
744.6809333282267,676.4309110041403
725.7751188834592,654.1197549280649
746.5374967549667,654.2930113580227
722.6042283948128,652.9821870813673
730.4309324099196,654.8886417146043
735.7209932095232,597.4423854011789
747.9754814453424,655.9336721503028
802.9914060308067,672.0340692181074
755.7804682163447,652.11057773625
770.3048872461115,613.2965420860347
781.9048503786494,635.1480983439227
800.3887029641273,675.9940406947243
729.3654614599035,653.9197333941127
768.0439049840271,623.1401604151916
734.1368308571197,605.1033756608253
730.2895333523236,645.9730605935082
792.5036533570228,635.997715880939
740.8630163673292,629.6133719796825
772.9300225153712,668.489317725007
803.749650475997,688.8360555590361
751.0051165122309,612.388932250005
733.2491931774654,641.8471910445207
764.7195546897367,679.9976840739757
769.0425144325533,644.515031916903
802.6983818302396,657.5150562712648
780.8700494022115,671.4332560009326
764.6597479552727,618.8577391513128
763.4891886949835,684.3002536787005
784.5387322168539,636.9701156235382
736.4411380826353,681.2101446593598
802.1148913472175,610.6811741803872
758.8395258320237,679.3260176949976
794.0940568414958,611.9637635451824
809.971562873132,658.1478905825717
783.5658818573078,666.4079443486595
764.0336997737867,624.5670312835664
778.7793236255236,594.9317479223043
747.5476976275662,600.211346238508
780.8866740166131,647.5862464938664
733.1080545835057,620.3860487027983
751.4388884479295,607.8235123429972
759.8549776201646,646.9779313000548
780.3186430769374,611.0608892275766
760.8632819188424,590.6029918368223
743.6144713551739,627.6715969929452
745.5551348088486,599.8735921341148
799.1931582668888,594.3159399593982
753.512057963145,646.874438021287
771.7532673969458,604.1560615151891
771.8525707191029,673.4032874532879
793.3424377866928,612.5557943789815
762.2502208853344,603.31792033336
724.873507687738,647.8350127185792
773.0395842178335,661.3538658355374
774.3721207006697,655.2791610941299
756.7796300632062,597.5576334345503
725.6322435007542,598.0332187486414
773.1981680205872,665.769997206673
765.389210330425,593.0217299059386
753.4325704446399,640.9754964851081
807.3330445058059,647.4365302980368
794.445703216785,582.707272457189
763.7009769587532,594.184200844648
737.9124189177628,611.9443214512971
749.7873250891697,669.1531134545658
797.998068713441,679.650959457258
774.0821917705074,676.1870398879206
799.3980361549301,635.822780503066
794.225940057524,624.2996688176913
743.4387231250341,630.5028946723023
726.0395980368718,601.7797948944209
731.0684698179274,629.2469631226803
793.9927672182396,652.7518023788956
724.288053471521,644.5967009067672
743.170989082703,608.3123329803221
737.1997730575611,635.440618491527
787.8226526938897,610.1026451075078
740.1899760880706,641.8808997882672
799.9661359745214,664.8599896221282
728.6592316252085,690.0602066224272
764.2229766161252,634.861354156098
755.093926692847,691.6586107725848
721.4873577163812,669.519219319594
799.2467257184609,604.8614192103367
761.2954953726916,674.4853720321498
767.0637471524977,615.3834633312599
732.3975807155955,608.2242693943483
784.6431479258835,665.6329219185747
725.8005313332101,631.6249136830816
782.182093437338,645.046314951497
759.4144446678215,634.7310440076341
730.1345368944892,630.5385661677566
739.7484640636679,613.5826002934118
734.0887330534978,623.786040716321
789.646687609053,628.9182670089513
778.4624376642338,604.2912722356549
771.5796847870348,643.4371916848417
801.8792983826819,624.2848494624662
783.034079588929,630.6877080283541
786.5916720245276,623.1802874816839
747.5181382996814,674.1601938241408
805.8767399729456,650.8117695506818
809.4914269515565,672.1161556362445
749.5830727506356,604.4762436953447
725.6032559762667,626.3616891027731
766.9139791833103,632.618757788976
730.8952681077801,638.0868257030213
796.0766884251686,637.1827585519212
769.7227959401018,663.1697105596903
792.5805188858669,633.3881384277784
720.9254647084185,642.8419269807875
746.557620809016,617.4031518563681
759.5275084723645,604.9343170265306
761.913558893,654.4945622292005
803.7440166221529,589.0347972128425
732.5080355976073,650.6048648502483
774.452295466714,660.0365027637126
757.0446108289472,592.3774027394081
780.7464830523945,609.6831072552601
762.2973394472152,626.7027292645331
273.70595949184974,365.7927879995402
246.8305971449277,380.7742860247606
270.63525332715676,345.2678108996108
227.39428836395317,327.601072293673
251.68610353725495,355.9487047631309
230.85484396488596,339.9535533238412
257.64638688789137,300.07890055760515
232.10994904453025,357.58624562512966
249.60022160286974,379.1232547401285
213.12081189562514,324.1512711441282
220.07929221610524,317.9702652934314
265.469884894013,333.99299232810995
246.58064895527707,321.5276367897276
272.4125988376298,320.48644020000864
278.43380099431505,376.62160269279724
227.65977837654862,375.16964178219695
251.38331880095745,375.7424645011119
294.5314972778538,354.93147655417266
216.85059060248568,336.92271495584623
259.7195555426611,334.13113634380903
274.8388481067411,344.1796876615141
238.49372384886237,297.9033354189443
235.4506143447838,367.08870811676417
299.1041930791659,313.8960899379204
288.89726947017124,295.369219970578
301.6399499120488,360.4898239328975
215.5008196234391,369.0213995780789
269.7943111814254,335.34528701500585
255.84411957060402,336.38200807130187
279.5544170280476,294.74696233781276
305.3896449751521,286.5076925383799
245.77503188149248,356.8221525315953
278.52870275504415,341.00908137931197
307.4122362845673,330.32388268299394
307.9362667129381,314.4609328831722
306.568744169892,335.798994450341
248.87423035964156,310.7269883613149
220.33487496384168,334.04306369078046
239.32588163549738,349.77592126191746
292.55419783598677,336.3167270791801
301.4829538226374,368.2600336070019
293.1963683505934,327.08539563015074
229.00615012747016,316.6504213049967
316.6351850349662,333.8310423545905
298.7351763940066,297.3390424857223
240.07008031963497,353.75896371801684
301.5834619816813,331.26791220777847
281.3949440006317,335.35694420434623
281.7672699452629,323.111125762941
255.59961660064275,275.2170091798174
313.6015661184678,358.53790589327264
295.5381661697328,302.52859389274147
233.61012839562952,309.06649876782217
293.8863546614353,309.8627262662151
236.34628228283486,344.2672988471425
304.7550759122774,329.0733484146419
267.4642276560071,309.3464572564703
293.26131653537936,287.2009852916753
323.0516305494058,282.50423573523216
266.8097516287526,324.00377718649446
251.271784612141,307.00914177823495
245.95402981899545,266.1372049135005
263.15502084938896,266.69025284673853
297.2939771474279,271.4807735790297
325.90020526541593,300.8268219115748
273.3010209149135,318.61062755098766
248.98298920670464,339.4077505826477
286.28058891059004,276.8099076966157
249.03781440237157,277.1572318695286
301.3870878277958,308.4073184859352
307.5643979503483,350.12962009650687
275.60218359631466,261.2004844711192
311.3291705607175,260.7524803043869
336.00798145044917,290.9764648467743
252.41451446237994,300.4360218984857
257.715863639729,339.6469355963558
340.9556678994345,277.6363660161365
294.2747950185653,289.0948380391362
286.36611468693263,273.4815869339717
321.1112289008913,313.92080626977474
281.1664732510956,340.5677446393576
279.5849935539118,284.0809621564736
277.1222876338672,262.9227283046755
308.15485158832564,315.1196524492544
305.58164448767604,311.15843004821517
336.4614169755217,243.59702152314603
278.6646897371091,301.2916235270593
282.31119587352,293.27819437478496
332.39700974442405,314.7084266015406
347.7716718371194,261.8244114394755
312.0034649867348,331.0445113220858
338.8475380821268,249.53224601648515
304.96986321638923,313.3947756075485
340.39833510214896,259.8424820654586
336.99628094632556,283.89014177521494
325.1545940442975,301.04864914513485
333.4197208700235,273.2804700946277
269.8407221522724,273.0571919624088
315.8317060185772,248.55092256036102
290.904283995054,286.34558265254225
314.6434831603712,311.6403214339326
352.40631014698505,266.0798065203876
351.1777080619889,245.4095231980151
289.6232134885626,246.7343484233205
329.18066403831375,297.40065065733836
283.39065556342285,271.4464940978164
313.36554647717657,300.01658335334974
330.46476440144806,258.4663623733921
341.7977440916203,292.1493439600648
297.0204230171476,254.4616154033907
291.68123605909807,295.65656176127067
353.405003500325,249.82941081002522
337.2450662941411,267.53795083254613
344.8128514190361,303.1494226485387
298.52401449394984,277.50992562105944
370.97292932846347,245.13316057387595
302.73665666413905,297.78871742828704
371.7738024689396,283.36481467008025
332.3456865530859,274.69120662774435
333.34744757478444,252.68525384028996
363.15566343407164,285.8067992665532
306.10470205506726,288.96147944363173
320.75598082630654,294.6275946978642
293.70015406808596,296.22755643934124
304.2087874801581,263.70097066700816
360.3703719279756,287.44090306965
306.6508761434301,286.3611272201562
388.12148651639325,221.36616650988094
371.37022322237937,219.0199316605324
360.82777783637204,249.6465237223255
329.1094618197182,245.91876484797206
329.47637492464185,235.42051927941526
391.5454528547636,274.9091860866373
357.84216147767614,289.6707418645392
324.6050328805295,275.7724203090106
348.59589057575397,231.20672852105957
369.8184445924019,271.95911061478364
357.6441309247942,278.6278777038728
330.1549463639238,220.48744291120914
327.95760618158675,255.94959069587998
371.48447294335097,243.66029251795845
326.7142047505,226.96296466335457
357.3185092077988,275.3132747284633
333.56402705083144,239.89627682133576
362.97868643693323,246.98855668794644
330.3173365860935,282.2285928356541
329.20540826073534,250.38347817646556
330.7034537565229,245.96436256376955
409.14469805299507,232.18715264528439
350.2027679979347,236.61477333582954
404.98504564671435,259.3974169456614
341.97971019639357,245.69407684948786
381.03540259261797,290.95880604417243
372.6399046689378,238.81703137552066
340.12447294104265,265.10676699295294
359.65111125114885,289.41804319719733
378.9066217732374,235.80685586618466
335.70933461869527,209.7439293179749
402.53752000859487,274.2349692363123
395.11987399317337,272.0959347050675
350.76830739895195,206.58146899133862
347.26072541325846,203.86760787327103
366.04968143598853,205.64763915814032
386.279214873082,263.3569618416734
391.7082485735456,260.54459502565214
406.3238942774453,285.6188401438045
368.43956575418196,277.58646452645087
385.1867042908611,276.54075835692026
364.17005344612727,274.7514159344711
387.18432237748283,217.33759106928323
426.76877528263697,224.2170736048412
399.6640164511275,278.48484663866157
426.3127762801396,212.05922784905866
416.4343371094477,271.47568820850967
387.60911076082175,265.8939072934877
412.6521956451625,201.32525738395725
354.82031285854316,226.02346117860696
367.11595471036725,214.98462188856675
352.4738372080398,208.97080631424123
403.95325218625146,199.46060322105217
387.1946651927033,202.24331371976325
431.18752373563655,208.99968594402574
344.678152879957,244.38592955756974
377.98310960515374,270.5732620206465
447.85993578883904,189.7271163471852
441.2841537984595,247.4005815195411
413.71524724005815,252.2067458726896
371.1000734500732,204.41755562342982
413.3491446280077,259.8584004538355
394.937245779783,212.9322694993219
403.4979110958942,192.79761525142982
427.0294921746521,264.2610134871655
363.75045494287866,207.9909660993045
394.1323303331885,224.62365921019085
378.4122157556506,239.65995697782515
430.13742047416986,191.5447054736056
380.9385257734822,277.9639453310658
388.56005371230356,212.35902887066763
397.9855349551405,250.72920881836598
403.49333237514236,239.46356383662032
416.17329971653123,210.7701849801632
373.70959422336597,254.58051757537675
446.7673132228006,259.32960485167456
460.1013589311066,204.657886785812
380.14685748138356,206.64538590475541
398.3804144347154,249.97666937544224
453.48157840039886,188.7200663695154
415.5502565988441,238.34468784168797
397.38177860509063,265.12245039987636
378.1797964384573,249.6113262508258
435.84790962123407,237.24093885738006
401.14742309955886,216.7812126557432
471.44446561968306,244.8184392244437
396.9072310044744,259.4190077596621
399.15401932013435,259.0741289067002
433.94626974116767,205.75760122417591
415.8694098536451,215.895209185603
398.4497172072999,263.2257804171283
462.7125408474719,189.3440462156646
387.9263170208503,210.6154550027726
419.97627639833127,221.80724053328893
422.06707101864015,208.17426358989704
468.9213461936581,214.23916369315214
420.5927207375166,229.2227817917321
452.39473074227703,230.67314787502445
407.8213492226529,211.17254118221405
408.38646203000155,186.34463765462792
466.8492790333641,232.59897022733793
417.7995965526329,213.63333005127316
463.2638936029286,244.67872083112837
414.6829697322009,181.25123291501586
446.9159989624342,257.8734942980535
469.84311958585283,216.83063639157896
443.32169731782005,230.11708130875576
478.2939573969211,209.3765497377358
492.7531241169773,230.28450400258401
416.75886903885674,173.34070765954706
434.69208562718933,204.47415961057445
424.7049625459844,257.32794135298366
460.3418839150275,170.81444775515934
456.2742648748719,200.85610708458285
490.18269437647785,192.66688847681226
421.7304855665721,215.2623180953839
486.83289710593925,239.71855086614914
495.8246805009455,182.52100846043257
468.0754100119014,249.43657444011944
432.9449538219633,233.31279398607677
485.77232490791266,239.79345495991976
499.06702489654754,213.06264523379758
465.8426707871122,211.9730391762616
434.3621859020792,242.075875991754
483.6716594722316,232.8285377459377
510.9989174175249,170.9883231732528
461.29107722860397,211.413836205933
498.95133359284205,199.80387907890784
512.1365469352857,163.16833879446497
463.4840797876684,215.13735435687167
509.2983540823258,224.73599697319872
463.0687613165717,228.8880881514871
456.4005345687163,214.85972207891712
491.308011645926,216.94040949452847
514.5293899770863,224.02008776971465
511.749246696589,223.29504150671457
523.8710573838925,216.5584664365866
472.9359951174576,238.70339257371722
468.55126003443536,212.4992034245579
492.30906630879156,220.98638643480197
464.0749640196618,158.9949561189768
552.80304071724,157.90955750548804
550.8065949041757,208.44234088950404
504.75545793374874,209.96496610118768
498.32245764815957,232.82715904402357
468.1362296466817,173.65041446002007
525.5063290046289,188.50069623557934
536.1705071092165,210.94832654753696
507.5006126719385,233.40064662086877
475.8906178926833,182.1436785663056
539.8249043153487,189.76291605765283
483.46075534356834,195.20133622979296
498.3216711146855,210.94128112137932
515.1454054895569,179.36848800267336
516.1031996907195,165.79891871913435
505.9079191052278,236.17088812447957
549.1845757358241,192.4570851486627
526.4602370237668,236.6062517337946
536.0567090532974,237.44256342125385
523.5803531485944,191.67218491105606
550.2290603536908,172.29216315406538
547.3046884120367,178.5020077165235
571.6098608594508,160.17229044691808
530.0961210151614,170.20570575202385
517.8863170972522,238.9953070132271
569.2082431110626,198.74446255656903
537.7980835297336,237.2056537823873
537.1220634598701,211.9532309654768
594.223532589363,191.9055760147735
605.8401799514274,207.39684444500884
580.2982033286738,167.22164755421102
590.5095979557738,176.34671468162864
550.2883776210144,190.91349479699156
601.2226157041988,188.10982715344056
534.4636947353672,190.29762151848053
555.9096068033416,167.96683583342568
609.3953096810146,184.46974672609775
588.0380687141537,170.85611222831113
609.5483896878453,188.0907680529342
585.1380109535284,202.84633010685042
572.1088281116905,157.85724949046266
604.9100111534528,169.96536043804875
568.9953317336821,166.49478161102368
609.7098801820425,148.1658867029659
601.1295261308755,147.61702855447695
596.2537053972221,215.42323222369822
596.6947948513515,169.73897993803809
574.8714668223764,179.58179024334544
621.0827490419183,182.4790737403237
600.7873765316887,194.3435345204027
617.3090979342602,196.78052487137367
604.6407285281261,176.05504812104687
623.8989306324272,209.8748392472886
618.1699258224442,225.14738255963567
556.3861768656104,164.10595439176097
619.6687211109762,148.67359209529542
579.3006943553339,194.75448403451878
619.5191395538599,231.47327723889023
640.9365724753424,217.44277419322214
590.3419065979643,215.12772527138628
591.0111952262453,171.75579536148183
626.1157339441489,195.95140586995151
580.2757927917035,179.71257322867413
581.5041323744272,151.13882630775248
645.981465255043,170.95245523415193
557.9837261533931,146.49262737322593
575.8018833241134,194.25986052904472
641.9810108715229,206.31937611514198
608.1016817076252,170.06065721431744
629.2388674989114,182.846221844098
588.8030446675076,217.98475667783242
647.6565135553548,156.73900990247233
636.8970316914007,164.67293300828518
585.6842314625958,230.67026869775705
661.4179708734628,186.61457119621076
622.3062797462362,147.18617438105096
602.8525322973052,173.18419153583852
610.0456367640674,179.58135288824258
584.7118488445469,191.10371894958334
627.2277936790925,167.4646775668066
586.8256834141176,200.23603558837124
603.7551981041572,158.77351922656663
645.8637627269309,233.5146243497586
614.2660548641475,207.5713924894411
619.1724421536702,225.00163457851062
596.7447633483422,214.5882037492508
624.6108645301441,232.32500434399833
651.3584021161649,152.46623419287312
601.7249167252537,150.42989734377682
662.7349741380964,173.65139474895082
628.4847404045834,167.95089294323375
619.0839628910187,223.15881830903902
607.7173075199613,189.79214112799883
646.9575912424863,154.76823144839165
624.6367311488465,227.0185663254635
647.5092086367382,214.8876331368237
643.2357011151347,222.35766315655337
630.8749483971933,183.064292522406
691.9636547180164,152.12320383475446
678.0977918393376,240.37858611177398
691.3891881172874,226.26712204054706
647.4199917065871,219.5809583783289
672.0201978264352,196.19864981499975
635.3816455837168,170.23804608553178
642.3008279506446,239.80830101846632
622.9392944733038,191.74028304515411
636.4594400427209,214.2957416737891
642.0122274416404,178.5651415128162
654.4916163852962,205.2247397368935
690.606808529141,178.365819567317
685.0971161410404,215.37706951800362
674.9898268884199,211.13598234740616
725.225739184577,191.39371469354387
655.8108043438766,212.1810282329488
712.9951615232311,218.01583745579248
680.1551902438325,168.5151431543193
667.9919884461436,168.96201418639444
696.2223184737257,174.14750509614424
712.6015707096622,241.21594545260115
728.0551679506439,222.5742628887624
726.967262146468,209.1386360559768
647.2724582141243,160.4927041396836
712.4166465315168,180.88854646275502
686.197809100619,183.4660205902609
647.4544910242786,199.12047067470343
654.2091815872334,214.10149053807044
753.5340044973276,193.29612586302517
695.4950115991475,188.01311797870244
744.6326390128324,245.72729970499523
733.9208273866607,232.54762721900426
716.0965232664256,183.19592385763514
685.6583902752675,170.26372376498009
680.9429272381124,217.48063550730654
727.1546064873648,165.89296436605048
718.4091421047474,237.04623377497398
745.5706136358241,161.8665799336359
743.7517320655932,177.3087096016109
669.4474894750866,228.80554964430289
711.0387521610617,185.38674688976948
704.2944482753693,243.5817615649899
710.2727580722958,228.42319440511142
742.6425188678539,222.99886200657502
737.1789186453084,186.2062341929493
757.2303628913937,200.45925823573543
745.1880447228051,202.05589793834946
762.2677636750429,242.54418074878544
688.9428299653459,204.69218867698117
705.5660294830566,227.12856535740465
689.2993152991346,242.0114707735761
720.2339709400723,223.14200855877723
687.3646853804589,229.85370437629027
765.9807823750788,198.67132611590682
759.8340710430049,249.64755710956553
729.7924152603745,190.13910188320978
742.7697132769323,218.94936164055673
744.2454217998629,220.39440342015803
746.1306855289165,176.75991696224924
761.1369151979931,257.5598789007657
733.8061615227818,252.62795422404662
734.5128682048867,240.86803831460608
708.3338369716466,187.36498969694222
773.6395451996,218.191699219707
733.3690977402264,172.86298984531183
705.6006823195436,200.54926063447522
740.7535401187381,210.6660954308484
738.8542830135528,178.23783186729898
768.2940903189547,219.1266481826254
772.2327001052087,221.63663232382171
764.9544163982941,192.86416707887233
798.1103951687094,185.21029579624454
801.8561414860822,260.23431517700715
767.6789386847322,190.96718110893016
726.0681714776124,233.94194319914726
747.2327581332275,241.78078313135825
775.6507927086823,231.2876932618708
714.9150268751035,192.19201439079936
765.1160553616162,247.03629843539125
782.4831326634682,207.2774504986022
798.0949502669683,226.44989708170073
794.48623589917,251.81413418124697
767.081306745774,187.83779913195661
772.1657293945632,233.81294486075532
751.3306279631822,266.3087616762007
728.2236347096351,246.47323751905446
790.4054959947522,225.17559401275085
745.4971633995854,263.3369120640084
729.0253465512317,189.89798543165656
729.6019027763455,187.1204471497663
727.2905583523583,221.84297989987095
766.2927062745465,261.9022231793932
727.4971274759109,261.70974639635267
769.5698516539157,221.6173830049015
746.0210397748685,261.4353746961246
816.1463890082124,211.3496466569551
806.5864592074726,264.1978014707367
742.3931016348578,264.36747768245414
792.7018880359606,204.58044187327934
791.576928791635,260.1260167868921
783.2568134662845,223.29300678360008
831.8787824588878,252.69830713324347
749.0667196173281,248.01060512348036
752.9487556513866,231.25694265480405
818.9362186935845,269.5709190159982
768.776523494588,274.7080001261626
769.8679593573,274.31067550406647
752.403718499718,260.6635306153868
748.1155126255068,273.32825689201275
761.1450501537335,226.36955034414996
808.3676005262942,256.7584021927655
816.8446271916636,219.85245813002422
843.6312214460246,250.25895572189575
839.6698814311086,270.3582665870502
762.5904148995996,218.2623701886682
829.3356130524417,281.7748323173782
802.9249631428978,248.22603303775605
799.142492883352,221.05618625129674
782.2807023079013,228.55141493259498
797.7487550580263,200.53313887496296
801.5346416194259,204.90872197915783
768.1321196224851,268.54837621028264
801.6069441874268,257.70963079465633
826.3708771832947,266.70274099661316
776.5762668786969,246.98607811564426
822.2537760708974,284.5285008027527
842.905228705277,213.32805241612093
802.1142071172178,216.52132113925956
851.9172187894651,290.7449266466318
796.679719945495,235.89538272029287
815.3498027997477,262.48405613133593
845.2400521928276,265.9199065737299
792.8458800625671,245.86395376139848
793.5025371827738,246.07848123727527
806.7267754146401,292.63383806792245
807.8708982839374,234.43769499091036
841.1721241203383,212.89063461900886
866.6888370427303,255.99869200192728
792.2931959744301,262.37941208609084
869.3758618957696,240.26801033857697
891.9370758810849,257.09423585911594
887.3472055701493,241.3480654091345
824.4764661485483,234.89234189887307
813.8967525949082,254.0035724780241
839.4268477862499,285.5669953488469
832.1174836490625,227.85534566909308
814.5013288147841,224.05255107063826
818.3568879494784,259.5963465971151
867.214742809643,276.38839977673604
887.9803865009144,262.85583027374554
822.5232690896007,219.68766731252327
896.1251503374662,299.0527009576016
872.8150961576804,272.6482058370618
823.1175669942324,266.4556974458224
901.5154467192294,308.51581861871966
866.347979338657,296.6530845788869
841.3582812517247,278.264579275954
881.2725028551122,280.18995786798985
913.8461455749607,228.36082041820504
870.1013038950989,267.7489190388775
920.5581079831848,301.3633382432439
846.5335616498141,232.32903747711265
878.0027675373906,307.063487410563
918.172054398494,316.3449678181588
867.8754476391032,283.45837625851607
847.9869247440106,306.66131133095496
838.9642023466862,278.8316071129706
912.9752064731955,271.4261722385606
875.4391583913033,276.6960913438216
915.5510624543527,279.8776848661704
850.1325575275657,279.6547443030001
883.120582595473,295.2272167637418
898.7303505171938,299.4919838654532
918.4148127947327,322.0788803137445
899.9371426529532,311.06996237456923
868.2545497237264,312.3874962341624
905.8327230527643,241.6937299470591
855.5760437566297,282.38424391463195
903.3422382015958,262.21535941210584
925.2393616132587,283.8044889069419
849.9268912312295,320.6202514730794
868.0092518816813,260.58224404378126
929.8371692860521,324.8972830608717
927.9298279522072,311.5166733758266
862.8490063458781,330.7330725735186
925.1254186448617,303.89508858415354
868.0541783895385,280.8323084692951
933.7602234566525,333.6602893661317
879.0353507965116,308.0816796897375
945.4815203305163,285.56956346778406
902.7542226026641,268.5142088424387
935.08400858894,259.4446513470973
941.8116495645675,261.7597669618994
905.855355230713,305.5207797499217
877.3215381622907,280.05695441703267
881.6571849824855,314.4146053303201
939.8027906336537,342.10880608408434
960.4501758930921,315.2363376379054
909.8968681531634,267.2961262975662
899.744388002712,297.77662444018347
956.9967766172491,340.13785581448616
891.7959872750496,325.40170574969284
894.63061976208,282.5568502047547
905.8524451181861,311.47210071552956
918.4999925729869,299.8809812499005
927.9264631308434,264.2388064097263
881.1101904447326,317.55056510426346
957.8595885475252,328.9959940670269
927.9904879868643,268.42727247862956
876.7454547642311,314.60545982526537
914.8813154441295,317.6424444227164
916.6972697666478,287.99352417589574
925.7991838430677,277.63199138784086
938.7815832392369,351.9183649792034
897.6877864092007,316.3301246166487
937.4087066456065,272.3306112963792
932.0443089704358,321.5261210473949
923.238995601634,335.12841378646823
905.9363711276499,282.24124935305514
914.4078260622832,327.927897544721
944.5995678805792,331.4563479416703
936.3492282337643,280.985193346546
948.8071008266713,330.55186652554926
971.4794611866374,277.00762186477823
967.744526479699,370.4229851210508
952.7099317338509,352.45242963497026
969.051843422726,326.3968239520228
911.5107190034848,365.9091973496374
969.6637864772656,322.6762221720521
904.4119041243562,308.5077944977244
920.8237866874174,287.8392821448839
924.6066054612652,310.701180615353
944.7042434355791,364.53977910530256
962.1002903351047,318.7908165431656
980.7241869206213,325.9530601736373
898.5479770633234,372.3572965375334
913.7055060598835,312.93755419138233
951.5789885878695,288.74848436979204
921.4985172896289,294.23970092375
964.6182282584366,335.7713305637347
925.3317798656917,343.11081823854795
924.6024275990399,317.44971067720394
940.5721309204673,351.05639159834226
933.6368976567411,370.2869071072351
950.4423043400925,370.9349036575625
974.2311148432572,358.6582924059795
924.3325328337328,380.3081344869774
933.861420923198,336.28874416761244
981.4769446543731,371.4810302121931
945.8021097607641,311.90586573592446
968.9832427911184,330.435063993061
980.9022614521391,359.07938877477534
960.3603765377911,319.45481266843115
952.7508214772625,342.2532363525186
927.1930995126708,309.5672350197839
906.011733456503,319.91198158806037
979.0128841774479,352.43826341493786
908.3539453707684,360.2370234140272
957.1555363277374,316.66506864338476
969.6790483609074,326.1116522668727
930.6978997037216,330.9319421578518
940.8820598020629,326.40399607651204
922.1083590876082,330.17048521758664
918.9262896713062,355.95694735233354
918.7928191988781,371.7513077181104
976.911710412555,310.5450164077776
908.8634372124251,334.53480404556467
931.2185569309027,340.4686535864549
905.1290565502508,317.25251211845824
960.5706028016538,320.3053195367407
904.1261186937622,324.493462467592
984.3123086062013,312.70149884914446
976.6214885078566,354.4442867058834
968.0734860898712,370.74479093562417
953.6382241877493,358.1121800488243
938.4209861711859,342.78662788213927
983.4377549912567,348.4739022251159
980.89486602786,374.0518114838243
970.7662567789712,371.29452672477976
914.7930868480578,329.7895374608042
947.6012783659197,364.7898874456011
897.5543666687408,370.82237495711826
968.5138850104059,346.24782154946837
968.1532927266952,360.2454394261634
923.3611154979416,342.04953414028313
949.7922267533199,329.2037932441375
923.6955163005998,330.82293751728815
896.5405097817912,328.81019054863765
952.3951057813267,352.115180974766
913.4063390174128,330.757456385791
978.4717050910464,352.50714876329914
963.6840943504526,376.9277327875159
947.8426517800679,315.2048638984222
973.236454756719,350.54576524266133
965.2913522606432,306.9945083220929
894.7233457193984,284.50229821117
891.5029113090308,287.1997716363727
950.8206844813982,341.2286341870795
945.8634632309174,349.23135561612867
907.4175930266517,334.4180364562369
962.1467971208615,347.91546226066896
942.4263194169513,289.0632691158097
954.3694199484503,289.60437164781604
918.6719649609583,283.75133884355535
877.0504251870186,360.0020514325912
905.3061275104991,296.8890444739041
956.4547751189225,300.3185898661947
964.9937030146967,358.8366332311789
905.3330381609674,321.28500760441034
912.3083297052548,313.3497727578587
911.3701441577097,277.5103000762624
925.4736274045356,297.124261030854
864.9264413158119,305.37646302513303
852.5629383708645,331.98900128021774
883.1022404341585,322.9886108396371
889.0335031600332,326.32471868743005
921.5875807577048,309.48780300996833
908.0478311383512,311.0329450268992
897.130699530682,310.98926249610105
854.3474563485399,313.8537164029352
908.257750038855,271.6842885356748
901.1118337370235,336.59886365084697
885.6205014596587,250.99626185747422
843.9333603267056,290.3768602856408
861.8123664273113,288.4166759886868
827.4727398243798,283.3562791638358
900.0703792433608,236.45606805721462
834.0112416175139,301.80260947384863
905.9313439236762,320.22947978756287
863.4997518669489,279.68354137106337
863.7011231977021,261.5869615282596
865.4435819315529,235.8675896933406
900.1336055572549,314.6691841691191
878.4613934669567,295.3268335625241
871.5889693516007,309.2268657331191
839.0204911898907,277.0054975359492
820.628763881966,256.8107388288306
829.9814330498127,233.51275002987018
854.8764345872432,250.99545173096695
841.8953698182263,252.70531471562353
807.7426435911984,260.7142802431551
867.6674252563018,270.0791210703924
875.3649471889125,270.3295998208665
858.1606910893698,225.01016530519817
838.3900843296417,298.151405269317
833.9284741256796,259.86288302596967
819.8467446364672,222.33822007604567
836.5896981584174,266.4830190400921
832.3656424876423,264.0459290805335
866.8071082315051,291.8518565517038
813.791386716875,285.1797394153436
788.9109788882316,213.4712760812752
862.6606679800102,218.45202100453668
848.6346145373791,238.01191538123115
803.9504533690485,279.0581729405309
857.7600797485782,253.8541717906953
805.2521173556228,291.689166883067
794.3296374308254,265.1259148299616
847.6890221920287,219.55294922285432
857.0115618697068,277.8224059642729
804.6723084998227,267.3433933712087
812.234410581042,261.2456408437124
852.114726149316,226.58451747855358
837.6666387823315,213.23080087172556
773.8640449368604,268.9041870065464
767.5943163147722,230.6140097010828
812.440304346132,193.51757541333274
754.6561473711723,237.76116986384744
830.5928766159004,269.7516595927089
832.9451263784964,207.2732887382833
832.3482760927818,247.1658249965186
808.2429150637082,197.89393696973931
825.134622790266,254.57751839249147
802.2046555423499,200.4845266057339
795.9200702672903,270.2583609720482
792.2570845000383,210.6847390050521
820.3318986093973,268.81346013324105
802.2303785267426,192.70109439162886
737.8818836960743,181.21509523903205
753.7972969537511,251.70841631326905
789.9590909700372,226.20952118096045
782.983769202264,186.73759084941017
757.2776762035639,216.76109040795706
758.0364083507791,235.13862949552765
807.5783667788918,192.66011690674117
812.674361266656,260.614842221338
732.7193780344672,255.54905517419854
790.8860181449716,196.12559743550443
797.1536361848265,233.84809752365834
769.5351388444928,218.73275496606607
818.2917041042297,252.77938415533714
800.1819128058088,196.97926457105342
756.0471038899996,237.08155949337828
708.4732959145352,212.96641070018237
762.6810477883525,178.05474623958256
721.6988644745308,174.7749347145944
763.6604391587506,188.44994309459966
717.2353468585459,192.45105472360237
738.9163083514716,178.82652215228555
748.2801072977151,219.76202578377348
772.5845213884216,203.2350631880649
784.9506982577284,192.34956247070917
781.6376038974671,169.35292656781
781.2252628108903,241.8081789313915
710.6864342975736,239.19447260707324
708.8136728270331,238.65084365495298
689.8256155305153,234.80180028736243
760.0083992615912,166.07967419219764
741.3221940531246,227.29665609366668
761.6225191676978,209.95764037154467
764.114876432787,183.08559575634948
700.4685282565916,240.2684425297149
733.5856515002257,172.25684821018697
709.2040490167009,219.39636941748412
709.5411994357898,177.34925978838407
704.3820665607768,229.25441253231395
716.048984785885,219.16436006977
700.5731961329243,243.42218889346123
771.6384828574285,240.02841829370314
730.1526508253575,233.1232999015591
674.5591690023435,182.55332028291292
701.1779831844456,175.3089979752425
666.5893246000282,209.00384311117176
727.5342828225805,183.02268886944725
706.2933874042818,239.63052630614985
740.060823426801,238.20863036122856
719.9173848696182,190.88913806966207
689.7862184210267,180.2653760032682
677.9297897561321,223.94637168501293
670.9897016576062,214.73000548639567
749.8859075621741,154.1983957899581
678.3564449588798,193.23321451297724
710.8771973644093,173.31324645332103
720.7869653274458,231.90350025210986
658.6386027520145,182.4170945730136
688.3444402781612,230.66616597566178
636.7617443409613,236.07988629720018
680.3130952487322,155.2268474560575
723.3522838793632,229.5306518630777
659.657998794935,228.72007971621784
686.141565071975,232.89317783437303
638.2108645194658,185.7454553763407
693.6115675636288,220.1951333766878
676.642188386724,199.81187794760882
710.7369133209756,176.2626027290704
680.6596973851862,210.6493618706676
674.7129625465044,236.24813613805605
647.7872884040329,181.3588700665037
678.4565579765242,179.94088047727286
606.6941304564151,210.68118130948318
634.2061671812402,156.86843639158874
692.049134623517,150.32174409057671
678.3077733334416,144.08895580891596
649.0337118617028,168.2319460286885
685.6052360000433,217.3714856335314
630.056420297354,174.88506673493254
666.5966307566492,144.7690611977864
625.3353110011647,224.12212626091375
619.0939629712723,218.52506343935607
692.6117339725924,213.70245096350018
632.7284880501303,219.5649617989778
689.7042916267783,148.93561085319587
655.9435840217191,230.13268918193225
636.8618428759559,171.28843434868256
591.2704542829946,181.1360044798746
616.6173380885272,203.1872505611408
631.2425177302352,143.44744826765628
596.9220030624759,184.9842319667327
655.1135248330911,220.60480353261775
583.7376106741449,194.73357833473867
606.126254649586,157.336946049482
645.7649391454735,165.678531773893
645.7449409717203,183.76067032539544
629.4241424213556,175.66130624113092
607.5854126678836,162.0098744911731
592.1765799861553,195.2031643462825
599.0650647601418,211.97414622671823
573.5811012491276,189.53489497704305
591.9372494929173,176.67405474827763
637.626431233009,221.4643184589823
627.842744994863,181.29684048833695
585.2074999942975,155.219155345425
624.5037481264105,161.03695086698718
630.555992730866,219.25903810028353
575.846324370754,211.45525266801786
602.816767901604,205.97367043967853
612.2558829712214,178.40837336524513
560.2048960411472,152.57678438778754
626.18244695757,193.2665145164414
609.1133297734733,207.10007808949837
566.3816360390564,177.3895283173567
608.8972574288391,217.64209760004263
593.7976543516677,194.40911690458572
570.3108374276638,217.0577700379053
566.3339132898376,146.9480673537995
579.8099363345665,157.43320076429734
563.7114236816832,154.4217288841818
575.8087244194006,225.15177810795004
526.9523411569407,167.48336122153677
580.8979106462875,216.863107607414
536.0973943656008,217.96489559950896
603.9166305793879,208.77867040222588
547.0963195149046,139.07596906975513
569.8679105740836,199.0604413594829
552.1271662362653,228.53392975665656
565.3155978957885,169.51321805943948
550.8627941764946,163.4107891637674
547.3259376109271,208.54173636368375
590.6015410826624,213.62977064963337
506.68476868860466,183.06172177247657
517.4576510633941,165.47403912933268
582.661300736082,191.61815048477916
533.4091026889353,210.19592391087576
528.9770968249948,171.3895058978122
514.2912024980084,184.04520032972752
504.4385582177186,183.68610476037733
515.2156115240422,183.17738764403796
575.7445123255707,158.95114216965231
525.8679014585285,146.01566874295196
487.51580542683604,224.94603064218876
562.606154913243,202.97974212454358
545.4250835966354,200.2335470039003
563.7484390866261,192.09111720931966
548.0758526230038,203.34631598673727
557.9114858359427,219.4109088813653
567.6075443452983,207.26790071628875
485.6185280531691,165.56539661796498
503.89483117473543,142.96302561425625
554.7987126845741,144.01114926315483
557.1081791601091,169.29619272379966
563.073533654105,184.0379033758769
546.1237007163774,176.2597329250886
539.8712852900318,172.46841193895932
501.07572927800436,226.63248473763036
501.1487844855988,229.21040910058662
526.4951849869852,164.44032842635787
503.9874569346067,218.78840527030582
532.6282105312722,211.27774666774894
492.1866799748684,168.95396200762016
492.9700359811655,185.4944536098112
480.12001588345623,150.03674587028706
490.0815521316008,230.6221262686047
510.5563122372015,175.9863453988494
474.91952443719845,185.11056913195705
539.9824935745304,219.94540281061114
474.78838867575456,151.34764228900374
443.36311976753103,188.21668741885514
437.93824393944936,207.00042626129468
487.3550275005611,219.59079461625237
499.68790383253224,182.90515234032443
478.40121470154503,240.5870758012594
467.28500153014244,200.59487414252754
493.66837845795294,165.65975001462974
432.7326404418722,187.62342977940614
454.33692044449657,208.015078574415
433.29421055480003,204.65934679962118
496.77250522479346,192.53255927627677
437.11713271344195,165.31779108659492
472.8584372006672,228.84682773280133
455.82944828282893,216.62165521859353
407.7818392386382,230.9559344677421
407.3962444304372,194.68920888404347
452.6187380101974,219.42135865054988
463.85822267886476,211.17189253670705
424.38242870315565,215.8734491035667
465.464495139199,250.41476762912512
422.0043414226281,219.54389041088882
446.2662949284619,257.1182946855932
455.7652585667899,200.97799362188476
398.83578078312235,234.73325508907948
404.20740973005024,254.17948961315938
426.76012147874746,192.91896956331064
453.6992574431843,255.25565896312202
417.91070039864115,183.34444178281933
420.3627789105888,211.71833545302158
387.24176621757965,231.5537678580595
448.5042489360297,234.60431736887455
370.6293267099764,225.3850838015545
432.73189421018924,196.44511184341272
446.41174312711775,228.55071688990316
428.2324064080382,247.0388560201998
409.46785789682247,250.92660544083836
416.14721560760347,215.3988733026863
390.9729284342716,230.19054014170513
401.53766018276906,270.31113781257295
396.9093773718944,205.50088400248526
447.4858409283962,230.22744097627182
419.4787300705649,233.96321869509143
423.10696386316386,245.17760212337063
399.4177710641177,265.44957642573144
349.54322813953627,210.8858096345561
428.7592597921267,225.08888246356133
370.7281937809615,199.54203747091515
393.2045088620557,221.67829780241442
379.4430881690682,237.57522164712952
375.04431755940647,274.94826927573774
405.86682834926535,226.01171993769378
423.4541583637544,194.48324558101615
416.73654936384236,242.8335439323304
428.7878977009778,215.08732625823478
424.6830698214019,221.02437488068077
351.6975269708776,281.4279377658669
358.39132992089674,270.10190484092743
400.2146280407125,232.83825355562038
407.4195294823661,270.57927105889894
405.2478880247355,249.14164015918283
355.1471041879255,262.10168933198804
376.96032127230865,283.77969368945116
354.7408365735932,284.44243077164964
367.9901399179064,253.92364915308647
379.37637717728,245.76002731684625
351.615470654613,270.85043931364146
379.8785809031683,242.52690343872194
355.9055085950594,225.26202784370656
342.0458764653927,211.61445734716864
413.8276240125225,207.01821096819668
319.00607345473225,305.05530224262645
319.68561223192637,231.18437239768474
369.9275923791238,237.70740245355853
377.3989941625296,241.66967540062643
378.37886254814896,273.35106140520423
357.9095631067402,271.71151713421375
371.47642420901514,230.19251079155055
360.8282853113033,271.69702436417504
379.7213139190098,254.80715735628942
336.47809775747294,284.759749249657
353.6759855644199,231.32682576799252
333.01864225100786,222.94507360402267
349.4851389031355,252.8175170559511
337.90213592883674,275.3137970064272
296.7213080151379,290.0661574432379
361.1688524730381,272.52042490417466
352.9843857149827,248.13513841791658
347.25514576458903,250.39199277412257
369.9942648478099,319.2287013131673
298.8411966215729,243.2057239326757
354.2062536282174,290.8979769694037
331.7926833700367,315.77817805351094
363.6099584687919,239.06464354329762
368.15310545506236,238.91640884727724
291.92806128243143,247.81739485194356
354.28012059917455,254.33136651596413
286.259575245078,299.9653296998238
335.0709272314514,268.3848184927907
268.1755294295806,330.0048273295647
310.92730389484905,278.0228191013513
328.3971809047685,302.02081665854314
350.88067008444875,301.2648710220691
322.2673947252748,257.7247012018465
344.19852978582276,320.0511080285493
334.4053480550429,284.02915175091783
314.6543573613685,264.9573720825784
345.24743889622823,326.423906589867
352.53516056955056,319.50346902488343
340.3245255043265,253.86953997275222
328.22413979638947,289.33895839801795
281.9257823616518,324.4824952982487
331.5367586897709,273.3724140546119
295.5202588810239,306.9781815386838
332.87049702386133,306.9941577541118
338.6330631608415,276.85998669340944
341.992577565018,343.6467770590304
272.9606884717294,284.48619839390074
323.4180684907109,294.5094473028711
330.4863227957227,294.54871715746333
341.027705847029,312.19524633219316
316.61271980755066,281.2787115510288
298.79703555156107,296.55596479160977
278.68323800202984,332.4238563440933
299.74019867145176,342.48477172254496
289.7691324497356,335.1351607219667
341.6155310928657,294.7352701925319
256.7898920213774,350.65616606384424
276.2639225792191,306.9067235129924
267.5365337575224,333.0593981583168
260.81083173659374,319.6902953171684
242.80053473854122,323.2737264889828
300.40869201463715,286.20349003268745
266.6343922927496,314.543724059972
314.86723775652547,338.309602669031
241.77737934918105,296.8603563903491
320.7027051027737,308.3620171274403
305.722283975551,325.204176867405
316.21174553301296,304.13492514788277
323.60444813325034,319.50123104213606
314.21299975078296,305.07509806969415
255.67517390839384,316.962295070509
281.1109780602823,318.7764825669897
238.53311691802278,311.23720534068167
240.0167264422,364.5640308580822
308.21770826042246,296.6559302808926
309.6266533790583,335.7189657444044
261.9770683204415,373.19165124213373
231.75473929432852,370.9279769893964
255.34341866857585,318.1940590479845
292.8654115406006,294.03236458566346
226.12487311259673,355.36467744969707
288.5372271064582,363.7791335716886
265.59941585979925,318.91020682503404
286.2210406338917,358.3472545476248
287.8085664100618,369.7390418572124
228.91415434494297,361.4545056664376
282.5597952769248,344.6115213371917
299.65873471897544,384.11838985215684
250.58542337638352,322.981398606948
294.18601807876604,305.5906738788668
281.6036792133623,346.82893069568314
264.4338523137763,333.85330350667294
236.60175726606403,362.8208210007256
244.19763501077082,380.9530740837897
261.55465989306776,318.2700482149282
218.97493191740347,375.6359874106153
276.2609999235628,317.2144056933496
213.7730135014998,371.5338788712363
234.49795425144572,365.37808761175836
251.41849106778477,339.99534803473256
228.69388780291047,323.8003258379305
271.0836503188273,385.37104773397203
222.9149955691238,375.1848469042542
243.82817942660148,393.5889693260601
249.71794388099784,348.9733594572039
272.12866806864207,375.6705704330149
223.6181052542478,399.2975625148986
246.99798157898923,340.15012567270895
286.86648891132035,379.1693002124592
210.43396995218174,353.64224520265196
216.86787838258857,367.2102172837759
256.16539015585533,345.3123831245794
227.3890417618886,360.150362506989
253.61175127521653,386.8348239768552
224.34855044787264,324.71286498004685
258.7679857956115,398.88153816676635
220.10303388314662,331.61861557391205
216.18491711462985,325.54661487986016
216.90914293734468,372.0463065843063
288.60985610346256,374.08313508053163
240.54523966644547,397.81618053085003
233.88655377845328,329.7582575495406
217.92654931724724,334.4813820818844
259.7080829898862,381.60808898318214
283.08967785824643,395.7328048285952
285.44393630155713,387.0818259506046
249.91757377035185,402.2350324496
245.26470535323557,414.34433828193056
261.9067562574943,410.9129467880298
224.70670168684896,410.63385102892596
231.10745260554833,368.661068812283
199.0968355593185,387.8588480953293
272.1861184318322,364.8664391656872
236.4977250400816,337.96797874739167
221.56966425146373,368.2064896366566
226.33618576065044,345.6278234516532
203.7724374779988,407.233022410344
267.88072321469207,354.87842996266914
257.03713904681615,363.2806492682939
262.86182208443586,354.31631546622197
218.72352989281887,410.8978636378416
237.8500774597484,379.1420997115231
231.4267415290509,397.47452310723173
193.59145796205385,349.08203130953456
191.58461235053946,342.036340843095
239.95659419792884,350.4544741932499
231.97330764244396,369.80792179233157
193.0129255280725,405.94960096164016
259.84075902687715,384.18947343885185
199.1674851719547,333.55856705299084
230.72070482974993,370.2045792212121
207.96506197907485,390.070175995396
260.33877075574037,410.2738542482861
255.04036708768103,408.60438357179214
254.88679609889132,404.6672246117689
240.0481256964359,376.95496583213065
256.57266612351816,397.83449364607276
235.79117019483334,361.6330025874424
219.0610433011069,414.9293647523093
224.2754914684802,375.385877574432
207.4254562303235,341.4593552490295
270.35664878502666,342.4561111081187
231.48439603149828,336.3469054866667
272.69335192328515,418.1850082791115
267.5118297075364,413.93319937087676
202.7928517595396,415.4341244973163
255.72680723688927,398.88528474801797
208.80630779888168,334.14557668783226
286.8010430083968,387.60912378455197
227.43834020429424,407.3235505236152
245.26658344339248,382.71890832662183
269.55816935645703,353.67451922145483
250.43242017903486,387.29520945371485
255.8062509703001,395.9645274651499
223.83446551775353,377.46921648606445
267.10194276795727,337.5891894197029
200.76280855207344,401.54887450021494
236.73502421413636,397.2875831799875
210.50116038203186,364.17788753951993
210.02891242747756,407.4295690147668
282.6319063557163,386.9436190194951
280.61188018856353,328.3119578885305
216.43227322792418,347.491185812656
291.43454621914935,376.37843431555655
291.609964063738,365.66342348503974
295.8248542925136,349.9466242613823
250.30503946395078,331.57012048399855
297.8815230424057,361.82613014157744
277.54024684452446,366.2639328611266
244.1787050641381,340.95241391937935
303.6177432316053,300.61310885819483
301.4133649275206,350.5794912502683
261.9144071941644,374.12018646036455
296.15978045228223,377.1347850156985
265.71780101864744,382.02543656401167
288.61396305013784,336.7587459990674
293.77016441270706,339.1166124879627
281.1708673609732,260.11102979014896
262.5248963748872,320.450292263067
291.9161311883288,298.88434586349507
274.0208501861405,293.0720093826273
293.55562108147114,324.1954979586501
250.3482946160106,279.19400450679177
268.1391986770252,292.5462076020962
289.9392067214329,343.6923602264796
306.3192262442502,334.6847648196206
272.2338160592342,315.21224965707006
264.6206814626216,327.5379534122094
313.164924707762,281.2601030632339
271.79322614728267,261.46892585037784
340.0573262180526,289.09417799580444
289.18112857965554,243.63047473740116
339.47858083943265,283.17078947100254
298.8555750606784,243.99294033002008
269.86838383368325,323.6190981592125
285.4881848108337,249.7998319527735
331.90463182542766,248.66966467715054
274.114172802944,283.1811222478175
316.015297628951,300.38454986697224
271.4290198636908,266.07374261036836
353.2909907958407,290.38231134880306
337.9773199490256,280.9877046930111
267.19584439001505,282.2389705499518
310.69473198831406,271.9581847960057
308.63535743197207,273.56834510607905
292.57224508008403,240.4715547306103
313.8192684746443,240.3689460620049
304.61151486325633,259.2110771452824
357.05297426255584,273.34792579836244
287.19208125244205,243.94049449943378
361.8970941462943,228.486083775516
363.5206784477733,230.74423334102678
336.53192991418274,268.0274284733086
350.90916204671754,292.28857341083216
285.4273425291846,284.9463349731442
353.82268673627703,234.22095648847224
353.961166254247,288.8938442347534
315.36316064664965,240.0144671834152
358.2828674273361,246.15409021773192
365.34701657753925,277.7162314336887
383.83345826495236,243.84304067260416
401.463857828941,194.3179547091215
382.56805791793386,257.55422484034403
335.45080718134795,223.89590052843715
348.2400730120815,245.12479796051127
344.5806114882384,265.630398173241
327.22278535762007,261.29625495128874
392.0991468508488,206.6724857865379
384.0952081722318,213.88317925168076
326.91165976251125,279.62948492126486
407.2976882580815,196.2409950677689
327.8553498649335,249.6176458298362
392.1907813401965,239.50249576824206
394.6873283899184,195.0460683281066
388.5836664731576,244.18314507761067
364.94675887704796,172.33383449340866
394.4211183706491,172.82845871770425
416.93662866216664,210.05971808994832
381.2752835610336,209.08599388647002
415.96710943321887,216.53813078171464
447.25252555804366,184.35988885042798
394.3334151375832,205.1441212518684
403.41506502174144,182.1524262929256
366.0236742587748,225.32760436835076
442.905767099681,200.2182251057294
380.6047370959726,225.70217268484615
451.2115940557438,230.6259201873918
474.9191266221734,194.72938921678585
433.5346064471143,244.93608914077885
466.4711611893232,209.3510959603829
416.64315631535106,216.8393506904204
425.27437072720727,185.20956059855735
405.05268500313633,192.53071054835718
463.1489595411578,164.0349595388972
469.00966300277616,195.8484580330106
401.9250355524985,228.77934795074367
476.01551317855314,171.452199623161
434.42383132356804,212.97130428040077
477.771930254273,238.07656990084462
443.73273501875906,207.41391904620966
497.5071565070056,143.34268099402
478.14324589560954,191.00058260927722
475.40629178957386,195.2119310410783
433.2259433965547,228.228429721343
486.7128377960989,161.34147769606366
452.1500070072081,196.95867389805088
465.0566130867717,191.80877546870636
447.38200949373083,228.9365137168786
477.22656241756243,156.21025081895232
439.748292156239,191.19098513397287
522.6188646070457,171.3324981932937
506.3851141171985,176.22938105903626
516.6562913957235,151.37380006031026
490.2292664073006,145.56026971009695
521.9947876535336,191.60096626014172
466.8742380560774,218.17909916109568
495.42710727130793,182.63273570806209
525.1406252612553,171.94584398515383
471.26843129991784,166.30816573911918
527.1322815537171,209.33417061579877
490.2986930665564,181.03097828706657
500.3475749776073,142.92841788521605
503.80010648480715,170.86753332542784
539.8175769981,138.2483675024693
467.4780176996853,156.24787361047268
552.7108017816176,161.70922616804262
494.60731083746657,157.35905590122192
515.6880667091822,152.16795004102877
557.2060683474249,169.78059356154662
531.0707061296649,211.58464269146586
531.8177885068677,154.76036223088542
562.3611375330064,157.16236512093258
526.7183482553877,207.68959803545897
545.2191019822451,146.76261984447078
538.1482291503286,184.73529937500558
498.7188712964839,185.8693946049235
522.4289356700789,183.74440860843185
520.8098202482457,183.7916430981868
562.3227189584605,168.21948710003383
571.5950260291045,209.63114390691115
556.1103809586191,155.82580184380973
560.8618259014906,181.9966055963277
612.844495843902,136.8058781707808
595.2891861981028,160.2767192750661
609.5254783197748,134.6651176210524
611.1762679607016,147.60078360270296
592.1070940078447,161.22453076720296
546.1343102044448,209.37671444845398
558.4487676844781,157.6276936593855
554.65277919421,138.01961436682927
618.4298185938023,144.17601117522605
542.4742743696737,211.22362242039026
602.6290426051382,209.92817723611847
542.1051528598678,139.89331927698365
614.2801426851479,208.6394033652919
575.4572067086964,139.93749865390308
597.8152434921495,168.3396253167231
638.7890698945425,203.18318827554484
591.9206420458772,214.37340620577817
663.7381870462331,176.26230378125518
655.9683774992831,177.84570995878838
597.0400289970374,199.6359798637327
637.5567940263247,178.46162378254897
620.0712204123305,138.01332393259793
639.9469406371416,169.54314568854136
618.9547179815705,187.13827803488917
631.1741712507178,166.89688226031828
654.9256105634654,193.97176797085245
608.1877094724437,170.63305697720415
646.2590752068722,201.17029796958303
628.226111832768,186.45281681076997
650.7209986667824,172.36991102863428
642.9012022129507,203.93962558241213
671.1002538947039,196.74817163030804
660.0543480238853,133.63752128072122
650.330674762669,208.1396882534102
661.0839323490356,139.19226393316342
647.2219449982505,151.51072969801305
684.3037756201886,146.38877386180744
647.8655702328123,194.36623013573228
682.1929299449115,137.78203024394287
699.0667363815061,128.32679956821232
694.5595590417099,177.6120961645654
681.980124282127,202.47743132104296
767.5077127197235,189.420972326537
691.6744408502462,206.35415812406893
688.1448401151964,208.2147025791058
757.5926770024795,210.40926643650124
729.3487754100273,207.07441702351736
684.1680410294338,210.39304702092574
719.9739738246532,216.58037443663102
715.2659377603455,178.82287505621917
680.9567179607446,179.86860137743355
709.6789807470874,195.452280969959
711.1648662519568,214.01839448812584
688.8797025069489,197.34375798057638
710.2798111724355,150.83730151830588
707.6144417873917,193.7834616268363
752.6947734306495,183.26930743617038
733.256742470143,154.26387419515294
799.0502692406719,174.10104203772323
770.7934784056862,185.62831686957355
757.3657358741314,168.41933828374815
791.4309245731232,224.80669207461742
743.7070957160261,203.5706943221286
790.3450223037487,198.65006627736344
775.603218819595,198.2020962901218
772.9859459243575,165.00604393709216
799.2641271386666,151.90289700600567
721.9889598256404,181.64392225708636
788.1339795497632,182.52070375659497
750.7040873299568,144.54724813667784
765.9535485186262,217.06504104033735
744.8438291188963,153.11674652593413
761.9558598725461,145.72235166802503
804.1806078781938,200.82422076352086
750.1707517439683,187.75546588358648
744.4423417531777,167.5122040820625
782.6579400666233,160.68276717310735
813.3588163113311,145.7029745521326
780.6324892621328,227.6145463504282
779.2536858285243,169.8451882169753
810.5360112688177,153.02761260478397
785.0142584598848,200.4933516567931
792.7923661696891,158.21772661578314
803.9347833506965,197.81629938254474
772.3425010278632,223.4617153346351
793.8054969862088,210.67220216266904
829.9740159813168,195.60009573854916
850.6743884948382,238.28427578196175
833.7961585389412,191.20316052597343
844.9771488496713,230.87012275704637
776.5944203352599,154.49497224609595
768.6981157574473,188.668741015793
783.1391402767124,169.22216715043479
846.3832507464717,200.87717687498386
798.1018110500729,156.89523433961676
826.3207761488741,207.36162244505184
769.5659760536607,210.4511208507721
829.3411348117479,173.55823668121235
838.0695584915644,164.7676556626903
837.7154829075324,251.13041757734499
809.5838898598906,185.1751278476626
847.0674391486234,183.11454799642846
867.2385170519934,224.64563335559973
870.7926336233543,210.9661477911334
863.4383323315133,213.9378903252502
823.5039055135361,168.02299653121688
827.0460546994362,233.66846637445616
826.0686457259094,237.2315263053248
816.7547956182859,212.01677628213764
873.7701053442919,194.72279639973962
845.1150340830808,230.4091868663264
794.7192669177346,196.26224292078814
849.2738732685724,185.37380770319086
881.9777277306733,186.9207053099378
834.8096949806743,260.8439910517135
836.2655106075731,221.537105009965
866.8315959371686,196.53060898929564
841.6761763888223,240.6748352409244
821.8139109825797,179.02864950491903
873.6628296568638,203.19490866456283
863.8240654589719,255.20967034927844
826.3888365922243,241.57208769747695
826.8494068303753,202.60143397727222
811.6270588722239,197.56622086174283
857.2065711108028,231.5140166441232
894.9179996739064,242.91338266253806
875.8573936637127,215.86269413588272
886.3998293314144,202.3628402216645
892.707765853012,236.52824914176557
885.6490111292885,215.0137822181997
843.2584024819356,268.73352473116734
852.247627047181,195.96201362729596
910.0960170518173,230.64717852540574
895.5028032026134,209.39758460659397
914.237477694483,211.79972567159243
830.7717658492319,245.90187117914266
834.5817521032349,196.61304033618728
908.0778128836273,219.10604918298782
901.5312349357648,221.95769405681662
872.2153118425362,253.88772062882694
865.5322481603654,227.2399981653096
848.1268442729029,226.46446051241412
935.5026087303634,249.7128217248148
863.6618469107799,227.71925522392027
904.031698516448,281.2080470490571
894.8098948568334,248.47917306474116
877.0322117839902,229.88148025239926
863.1301070511803,245.4436376198209
935.1185260404117,273.9367067053416
858.5515515407752,217.24091752879315
882.8730635163664,213.44654312205734
900.1026200312742,217.77828995136713
882.9029401399132,281.6698614196384
893.1939192904622,220.84985542631725
885.0077864218924,310.3433332997999
898.1689311328648,253.31619880884372
930.3252957035579,251.90799058049262
904.3513820992943,269.6919667626301
929.4465283162544,259.12411043535286
907.7208743167582,260.6462981716285
892.6692370843231,246.03496589132584
869.0481460781245,286.2592889297499
871.7671354383948,263.96147607286906
874.7353994891854,276.38437909449425
931.2582814317661,253.44552181303376
924.0616906716966,232.11238202098423
918.4255993746734,282.2766747987296
899.3509658929238,253.55875681355022
887.9631769352308,318.2955480337048
960.2493178994853,281.65502348685516
902.8337541925052,294.4907787683164
898.3485299321017,284.09028701968913
935.4379396911135,259.7659399274978
956.8905712658566,262.21336747144727
966.1266516646008,252.22383968667503
944.7883871740437,259.2799343170074
913.6478435134068,309.682100995045
917.131117285918,300.1835109622377
928.4791769922166,285.4476272300423
917.7701686782731,273.1086272208558
948.8387434288811,296.14054013784875
917.8013227738652,297.5143188022939
960.1088956359611,332.01546900501586
964.5819816193359,294.9939575329091
914.4564023264847,275.6528003174597
955.5411553369621,295.66825409353424
932.9355256433219,297.84998146665544
907.0044688001831,292.1829390731224
920.1373390452549,287.1072928872207
935.0128002039024,272.70313876405396
967.8290814971883,274.12174136664225
969.385692688843,307.68504881086824
973.1286594530081,291.8775331316464
961.6783030838942,258.30922605805233
922.7913050746932,345.3471877542632
950.3442033821464,332.0867880064638
964.4176163783382,281.8801182418276
935.3743359574742,288.0218924988805
970.0277367908901,330.9391735402584
944.4962027216712,284.9627556687903
989.5017992940851,308.27442277510386
934.2329505402772,306.16390195915983
946.2627066802636,297.54518235725226
918.3957845854862,274.546834368122
934.3624878199872,333.60920386639214
981.7350278318571,351.15014382793765
966.6463820271106,353.5062289201961
999.9127294137193,338.4466335014348
955.2540279037938,310.17847224149835
979.793244106108,332.52459928828193
961.2141235765492,374.70760000751557
1008.8177347987595,373.42621469607946
972.0637025546739,323.7577243960112
947.934179186199,324.31840105621563
1001.1946102022861,352.28041408839084
1007.9603824899579,325.81158129234734
923.5353563822691,373.40238902096485
941.5735773899094,351.4000327635083
929.2204708869345,357.32573564264675
983.7031976108563,365.53106164317546
966.6053998985294,376.8308492974992
972.3929431349416,358.73323645753726
935.5828434880058,359.93958258430376
972.4835414054967,356.783238896909
999.789882133771,388.06494356004293
1007.5557396922829,336.3674641373294
976.814283805577,321.82685248845013
967.1619981373475,348.90949560231365
971.4500135763745,378.88678537745295
941.1254337966664,303.3627776027886
1015.8646780271463,365.66593835611843
927.0537592807457,348.7066807224419
998.8558573946439,376.08582803461195
943.0859607928958,334.0103999883704
961.2378923118442,392.9789256392696
995.3587761302803,346.3447921547283
1013.3581796303341,307.4708732925819
957.882852507705,383.57637876202625
937.5955928952171,337.7285132280079
995.1478462408392,372.11868689043456
959.3788406199741,374.70074422250946
1002.4634172065083,358.85513435064695
996.0563528678865,346.7854119215732
975.3249368336506,361.1715886017699
997.1901101524261,390.0722836625837
952.9141316411967,395.1410689938341
940.557151718525,382.15133973977794
1022.5405606610117,339.8765306238284
1015.6091154852229,371.5274210624569
986.460416325192,405.88763937451796
989.5030112624324,348.69401819150687
963.9745392169111,370.02990890425156
1013.5552109545391,335.4509927504423
1020.8612023273926,417.76574788411403
953.1425941580842,379.2574226945161
1026.1375066600117,338.0806847376743
986.7006132444492,336.5244027152586
948.5634924122347,355.1966669716017
940.5231654474252,359.85898444227405
963.547448743008,383.23173130643465
951.0259084274961,357.0889673133023
951.8778100865139,359.89808465505314
1015.5673399863794,372.8541072326461
980.1393579302941,335.2349075011327
1001.5201046735541,340.59600378232767
989.8922891095708,400.77570759783157
975.2157998805305,355.3255880277063
983.3438968775563,382.428062621744
950.6941900389464,364.78682713041337
944.1854877790622,392.2080121576771
974.6412464323096,412.00600074321306
982.3416133535061,381.3758098103382
1003.6347121463991,405.7500452420575
970.8210239918573,348.6810847147545
1000.4640849056555,374.17618666589084
998.8846206290191,401.4247998494237
993.0450563094945,366.9208283777868
1023.5205834485458,408.56424985170503
949.674815512901,413.6247210666334
989.6330363994971,411.1937979235744
999.2922106805884,404.35073930662764
1009.8057918276241,398.3468337667092
996.0149800160185,368.1701667796994
972.861201304283,351.7313983234461
977.5631076923644,379.67800931741647
986.6575729056914,358.2748537073209
1014.2385595735612,361.7621088984898
1010.6700595286783,354.15801875898313
993.3221612886045,361.87081654570494
973.7863347293556,401.81533311951165
948.4232727206156,372.1189908913871
968.8044465888795,402.98609662979607
987.9992852842046,394.828072620971
1029.46588517363,369.2014637458377
970.1661166963886,373.6686434505038
976.9162176033859,359.35777877442354
1022.9179496579409,360.80817255934073
976.1314498884209,356.8817062981643
987.8957202431959,372.36897935484205
1025.1955356967035,343.26320147874884
946.4276904469698,397.2698062443852
984.6703030575261,345.3395453648586
946.2320539901497,388.5937603046273
987.3552209628242,375.5705048727389
980.6796200715684,361.9245895706085
971.8049297558848,387.4985022169037
1011.9694059517949,352.7753845490921
999.6648925771698,384.5049870718849
943.6906264080064,294.7725924498991
924.5068534545383,359.1257125856961
963.3368769519719,311.098320941215
956.8892383665277,335.47811136448775
933.8926602999599,297.19064449888805
968.549514036101,330.5001513588568
976.5848188126819,294.8976724512878
976.2134067375673,360.40726464241806
943.946346228595,326.252164819842
932.1046024796876,352.7942415367496
930.7721910221615,291.73373382026824
978.5199695084444,317.80934160549674
951.6360036119368,306.1696412289707
1001.8400845255487,340.6379940485481
918.4132650597552,276.5092855549257
956.3205611101321,316.05365940763966
958.3835438830091,271.5651344222163
951.1785656259826,340.84534797279434
919.1257578446235,270.0842222481681
955.277097857371,282.55913077118504
912.4702572063713,292.0193572363392
973.3774979476486,322.8807208777763
924.8017714832912,342.7764410880636
939.1409432967183,294.26144239038973
919.17913790494,351.69817536138714
941.4055084994752,320.65098199634366
926.1833064231976,283.8327604671284
961.2495722143992,351.6564059379797
908.585086255353,323.41878790956684
952.755089502984,249.91625745979007
893.5820529079386,316.2329495104279
875.4419838443771,310.1432142017167
878.0142897216168,258.8295378986003
915.8038673053189,304.7319511192464
941.2344899269199,294.9248293289967
892.3878144129834,291.1730910248608
875.9799703704521,263.9324081329568
939.7314157424329,275.7121520195506
898.2707667457317,266.06547530521175
893.0356834390788,253.16488106194763
916.0583379870541,331.7270718410723
910.3343809464102,256.8085023516982
880.1902860879708,294.56965038156716
880.4937129916125,226.78387846501207
846.5390990624876,272.8560719554245
850.3223733381357,246.0630556568487
845.3396659586434,302.92985607104123
834.4765166611312,306.5306461367981
911.6575877448549,300.090165466019
886.1333458131883,299.48390901879907
906.9232955002219,283.7507971754572
886.3099412327731,269.6963603557648
900.2685272494707,303.2603503629622
855.3820028756553,299.38102792473353
857.3067921857482,271.7003290711741
860.3793712518755,252.42056835326684
881.340603428209,224.83954305938272
885.1380087020668,284.05974192179997
834.3700711806266,266.1670954894844
834.1361013460667,286.08814371715664
825.781541486063,254.2749229938866
813.3553396253342,248.23751001371465
814.4359950172877,278.0577437895003
876.887119017313,242.54120945924058
864.9360543704356,215.98841246803522
827.6771058801901,277.3021997182706
864.7062614043215,254.135654945367
855.9792933125825,217.18652171363922
858.3677574375342,280.5505280296493
869.152077902614,266.5442095477439
814.3254427578204,204.9940355386558
771.1119662010675,196.04291981414065
815.1444056840309,220.98114030220654
779.1255170193461,215.73249757670337
787.653822928666,183.8089699816655
768.4469894667473,207.6887199112111
843.5729208249559,260.38317876282713
775.1645953467045,244.497465796341
810.7286622573191,260.94301903829404
766.599656062095,260.9846816360893
764.8090622001865,209.59085597156704
814.6272093819657,199.8838471087615
787.3222453292672,222.94210547584345
782.3525228586243,234.69698118502293
814.8612794565353,240.087218152518
731.992437022585,209.78072447691966
769.5593115416893,239.07939505112648
806.2459477224018,217.59313011092297
812.3761700197024,184.668285528781
729.2301028650285,225.7162592538986
789.7572651516036,243.74731964497533
744.5641124723364,218.14377835837405
763.036336664191,236.39057857388855
759.808825083128,252.78370247173947
767.3094362951841,180.6897942037391
766.3518545107772,184.2651654609061
768.1495590248222,198.76890103655626
800.0876022464398,209.4878563054416
725.3031167532193,230.6004423998672
715.2887250408453,174.08696243857534
707.079622628503,235.58814762900636
759.7331744390373,175.29423118056548
780.3721040197515,248.20277580656543
745.2409907171908,198.85266705551066
747.3896596254108,246.53788062807632
693.5703972310025,227.4474158200602
770.8951804560018,165.33070411114528
714.0210195728123,190.11389592430578
698.3829135841446,246.8143909705446
698.868658500264,162.45886157323517
722.5722586744246,168.2106256849417
736.5323694784805,200.3576055879464
667.1692237381654,193.26797389493015
711.9776107266339,217.35303283812476
724.7019769609437,197.2883805943157
658.9506053658565,162.9590886841921
711.243947021903,165.5924430953582
726.2061722420472,214.8284367061135
722.3545545204895,187.29217630086237
705.3251269620465,238.06995239865148
734.9837904182803,196.4657394593276
690.4784015635047,220.00530742519447
705.905085772516,202.54838133367826
685.0247490395677,238.21951157537876
718.863876571862,186.87202860800303
731.9137601317523,209.50637528747228
631.3038237638475,238.13617149348025
680.3700217877567,231.47539599837495
698.8841041973625,204.00235488770116
656.0018854999882,219.9124979828025
661.4248884945538,226.0000513486684
618.0004656798287,164.23660474516305
641.0012397651577,200.18888944763043
696.7901369711687,232.60976915536088
616.552315515284,188.46823699321067
653.8449403442488,201.69039852296854
658.6390022741243,223.29745917739712
648.4712604274183,215.7029356811558
641.5061330979311,214.44633932849968
682.6026912242678,237.2070167487803
584.50879483629,231.4824319006631
633.559375247174,175.00171043808888
593.8169482418111,161.78178077177418
658.0720743201583,169.0558175021789
585.946614674359,223.49148179727894
627.1577765818366,154.68833860415123
588.2330540152279,148.9843351093567
636.5351975378679,211.09935466178092
593.97114191825,164.8921284809803
590.9568852694164,232.7966544425616
624.7276907668767,157.38411642122173
625.937931849771,234.0075126960582
578.2264723283565,180.77343403521198
586.0232876603045,213.1834943994205
586.8288391347403,162.92508928606742
574.2211340477663,230.70219292315787
582.335905395358,195.09294825450345
562.593143812308,181.3123658207936
554.3069921425126,147.59040601909098
583.1493572072839,199.8536447256746
568.8311618497041,180.33784523996403
601.7763366512559,203.71064315264442
554.8420708294576,218.6868200408043
550.6364472198749,194.40018742007837
621.6603301407822,219.42639516807014
586.7321372331674,188.93706768374813
599.1428801109896,180.11692123070796
581.0644469118195,163.96397057293802
570.8646663580718,214.3930093955285
589.5760223124241,178.41360797868117
561.3640554156921,207.2769619631273
536.8882879050927,205.73757651654233
526.3286230610661,227.12274704460236
594.8090777751203,208.90498449159304
507.32812457756006,186.79354600799917
521.3542177716324,180.13438945984774
525.0422870036481,216.17896358694702
570.9736188370664,200.18213996669647
529.6608566702597,177.07728108365527
524.5588337498796,200.67270526570985
552.8663925360659,153.68956024851474
575.6272470844176,224.50628470235634
484.4184472724612,194.62765745623784
511.21109067348544,151.09491572200267
510.41731616160365,168.32368608399412
499.3905557023085,155.86011147758614
501.8140654467227,204.48601939296984
539.9238726155451,222.57009759305433
532.6085261035994,156.7932038719305
548.7699046527788,202.1774396795729
507.96287364241937,154.91024146374735
498.5589641115198,183.63043258837808
539.7781470620487,171.91953903344125
478.96306657608784,145.38725689784633
512.7699631241542,222.98032178679017
563.5609677997343,197.2029987560872
458.1423251978254,186.3098350393283
485.06587807246086,202.287903932376
444.8285412882187,224.67895184716585
495.1420942985162,162.8421108080019
510.0727374546649,199.65327825201223
515.7469303944707,216.05198683571757
471.2997096938411,212.51675236146792
466.1494236234406,223.4124349606185
455.5271245803436,214.09708311702602
452.3086602112384,209.17858426813717
516.482352270287,186.53567941330024
482.8284711460094,186.82875342017567
509.02968168365044,210.2361077194481
502.8304519878088,175.03700776687555
416.41555327626827,231.91978316670395
489.9920752388679,183.95412060304275
454.88199712106695,222.43751127212352
448.2909821354193,204.0193918635017
497.5797155091348,216.32729480206095
496.31667498764307,171.83069413442362
446.732602106783,187.87783820548353
481.66724144223815,239.99230743985459
429.7075093739955,187.05782937906096
422.9953690343731,214.14813496999528
496.13064968666,224.0424606252255
429.6978772059483,237.7878993561221
466.28412631198495,239.01165371837723
423.68784530430065,222.31293850286704
422.8197716833438,169.2372995580097
393.2129182054481,241.93061376688985
468.6571929645131,192.70516274587672
399.5883092659851,179.13896388182673
401.88329458320317,235.13625232101577
400.10195601932566,175.5938100258184
435.10345975746304,197.73619806818076
458.8302354153426,167.74046212433973
407.15701260180055,206.22307247034084
447.47663354013963,172.62923620596877
419.4583159616427,185.21859178390076
401.8292617084395,215.78829315162142
403.71711351545264,203.15327628152585
437.68730121691675,170.83785572449915
405.53231305865353,262.53588605426825
410.5228872076826,205.83697334122886
376.99437584998884,179.48630367392937
397.77583790519134,181.14551098699386
414.7591311092499,207.58360436790056
361.0668577162473,229.9036209931832
401.79264336927974,259.15929918273537
357.8565120895565,190.82824586381037
355.27124490010647,233.7000672840448
411.1283507742487,223.49986825403437
356.7541031677152,238.10051022947533
407.086675785013,236.67139288750678
433.9862872933758,266.6344658787477
413.1445491268606,241.6812114425751
386.43701900675677,211.85623106395795
399.24127521173716,270.94023537311585
370.1104099471223,219.1179941740659
398.5491779487395,205.94500125771282
370.8273056949288,276.9638239605897
372.1115565968931,266.09470758290723
393.38989175646924,260.595080370293
326.30060094684495,194.05261242576694
384.9327390984416,250.3544974149129
348.27664425795086,225.80995159426644
373.90930463419664,254.42817363534834
401.80626068879235,221.1021636258483
361.2972856833386,257.16564826217444
368.71388737827976,258.29524913835417
298.91069745571207,284.8949292878088
319.6444654870484,294.543824980266
335.0681973514546,232.16522741211946
346.8919481821638,243.29048727024207
304.0007248234529,258.7241129500802
328.18247992504774,248.93805187078277
311.84999778121596,243.26559930146425
361.689446967456,222.05354323226896
301.68878919584637,274.2741112305377
298.4760575687395,239.24208830643457
336.09932359019507,293.5656135946459
311.20620112171684,268.38761633778415
287.55647361732366,298.481703592577
334.44626125744185,213.60143760222041
333.9474715388496,233.59415115026653
275.31061534139303,227.2430511574731
271.7134331234235,276.5080005508301
280.37121482952574,280.59520815989225
287.58396277280013,285.60371534294745
265.374156279963,299.07235784176805
275.7751326758937,264.47256353547436
289.5668149131908,266.9479776307863
272.77036014053283,301.24057606883855
310.38740378517184,309.4234060390061
289.87400697241065,242.7140489593653
322.24843016157337,277.33862794346044
335.62756205314633,243.13392187703002
309.032803142196,258.3476392709939
269.53174196490374,302.4272667251787
327.55344022384446,306.8365976323235
258.08796260313983,274.2601505452482
298.23494786509605,260.39513060466203
243.83728058280624,261.0865777915512
261.35296646442106,324.6353351703039
328.25850124683495,273.81302794406014
327.6584970337964,279.41984215358815
291.1719407310188,239.42838863240993
319.29941982580704,272.5195312724438
298.88314971432357,306.1960478065714
262.1480755649529,295.305763025474
293.7589858854884,258.2360434911175
243.77825661244066,319.36126432060786
297.6567031884506,286.59487677431173
240.388114028173,313.2602299188459
263.141410757578,304.52439176615206
230.09348755084446,289.9886351880585
227.44826596248083,277.58278712380746
308.77698839705863,266.1420841423068
247.27256856364633,301.9788664040097
286.56372103935763,286.7424929640689
244.043638607316,252.89069334427094
231.00845654595884,302.0399978262608
312.1938234256919,324.5439539068601
308.2585547016198,310.4216912691663
244.90257134999678,294.690689013173
256.1242796343594,319.0554700731773
214.57007115444935,324.9736150280293
297.92980542609473,319.86159904225264
240.59402460402242,317.3524269421793
283.6081452347951,267.572871890843
224.58518110693342,306.7885360219291
234.10244874159815,294.48500631771833
295.0342065738488,330.1167806394203
221.84642067854998,349.4940939845177
276.54898414784026,289.8589394090634
300.0035192378124,289.1958323696481
265.86180600469703,308.8206627678295
261.68476328323914,338.0957261162972
272.89166433755713,314.3651341276455
219.6385772721839,284.9522339938237
239.7083604921783,356.77924982104025
264.55163120389267,306.15321196367546
267.79602224385235,282.7755584237132
278.9443482075736,295.4449636032226
216.8193225082222,291.89891388088677
226.10294427129276,299.6715299512038
286.28518519461375,313.6482287644921
206.56561748581854,329.6868605931026
262.4515553566696,308.26001006055407
272.55310845335936,284.3191403090527
237.93162512548702,285.58578546463553
271.8360648336496,309.7303689901098
275.0616894702866,315.89035279164455
277.2248363542413,323.3741751981609
271.9685990248498,345.44932310407324
228.11731215198688,330.0486662597988
228.1203613245367,360.60466579380187
239.2032152962721,286.9074778442916
263.2426959933713,334.3169573952581
193.22287206030336,363.24223044760095
253.08658708709294,307.58127718851586
215.08568419634187,320.7110464664134
203.44957970452,325.2430163977177
274.61776394541624,321.9672274735531
230.2655846895539,330.81559946187286
221.8819904117723,301.62680053149523
237.29307401489285,369.4795496363129
259.1569302450343,338.3616707571888
208.30498998558227,340.97604259903466
193.673736442961,311.40872282147546
280.63883903759427,337.2072054286285
238.55284319213047,366.66982035699925
204.4300141679897,325.685162008991
271.8010122018391,370.03016852595056
227.90193480428198,335.9895872735407
219.3155205777738,325.74921392520054
234.08280280087723,357.5479764784786
203.0601518354933,334.66654435694375
244.31151510648687,298.62863671371906
209.42569605772252,351.7829884153515
213.84651922433522,331.5691252215347
261.27914128889256,365.1737998806117
252.12473309033174,283.7641419270598
307.5884258113337,354.8864917772979
263.6386320045911,283.9986803415635
298.01758411097194,266.560580988206
287.23704776319187,327.82427640726604
258.9789772595132,332.35899733496484
243.65259309222745,298.28407412217905
228.47466271883303,303.68338607014744
272.30953013782755,289.3065146080444
220.01260820955525,298.75908920687624
233.54107844471858,307.2520895203472
289.5741999559527,311.3804861640551
279.0646321580136,291.3982136110552
223.53531199242667,270.78962991449293
295.318255652151,263.6809402243632
290.59884027082535,282.57222778018496
325.2931999211369,265.7024383439749
302.4878177575702,327.53730742599646
313.57610916227645,304.8627983438108
260.1362583886108,326.44271221166156
281.49339241779217,310.7719363654808
296.805011259974,268.0928634686828
301.96347615806695,306.77324768852276
325.82091225876565,283.3297409536097
287.1795692620056,330.3067577473452
301.1867208682148,308.16465972295913
297.23188025388504,332.9733703984949
246.4388012532292,318.60230516152734
268.12178986876245,281.25134847446503
325.15296521932225,253.4864196219663
324.0207281962876,290.28053964056784
276.1926880551806,307.2128328978431
301.2764035560499,274.8049850433697
316.6408790143262,283.7459185614965
288.80111292528085,249.69611135392122
291.71430340515883,281.32213288132914
279.491050343797,274.74108052968387
249.5849057687014,338.7206924512834
273.9121097743243,250.0427785881727
279.9027177027061,287.79652787431775
291.86678465422716,308.03875833774197
306.24136735780854,290.3838234593356
260.3696002498482,297.40518626864906
286.3869081334448,325.2273374613435
289.2122914642588,334.33857727618494
282.5002173605735,316.5787101405997
304.70804982241594,320.65339318482484
326.4632924354809,347.66474663494
293.5738990831859,338.77078514091613
275.707301963194,296.80012586516034
292.61688410476813,277.23109452658684
315.236187527672,328.5470163050482
254.8798077244887,339.94939853225475
286.8889922720564,286.3612073681033
240.3086435239216,323.8318368164546
289.4742299721484,350.5094987795035
298.5287566493004,287.64647188865285
260.5733271823928,325.9068816857583
297.39493234987975,281.1001048645278
273.96970476644793,285.2547434559888
253.16017410815633,284.96422612821755
248.95919041685121,356.2087827940102
234.15782769646165,367.1004135333376
257.96271708623476,337.19591612800605
287.9631098443251,365.9154639363678
248.33052984520208,320.5762013623389
239.90330232308676,335.3310324456831
232.29449287222153,292.95860726439787
237.4237225197423,362.90779146268716
310.76639525967516,326.5476742671149
236.2354409265571,341.9244604132161
302.2434714038679,369.8681291955823
242.27233351482548,338.71782161994844
244.03553305764547,337.83255702359696
230.84343459502577,299.48097407864077
260.9829152164819,294.7713384211836
251.1241993340068,309.81476814109567
242.2756287336749,304.66492889994436
302.57110415705347,320.0556038418192
309.80464694844164,310.7996522228973
221.5482477797165,361.9050614066709
303.4655362174201,338.9848068453429
289.2396977950514,306.8054039155593
304.24454198676375,320.5740272125739
208.5780666891386,343.2172027513149
293.2031141558567,286.7506093585002
264.03396615237835,354.8274541306323
233.9833928300328,293.62798611926434
264.3016923180428,306.0806837593803
251.86121422108448,348.45984617321744
277.423659768864,308.53036789390364
265.788007495996,348.43235408714355
282.96432796125265,301.9739913113375
228.6900723881721,365.4045711044061
227.13955833466952,343.83935420485915
277.96908255050306,335.76240235243034
210.54115207950096,324.4941410284221
289.5299134447815,304.85845797234026
210.60484545550355,296.72663832598465
271.08043392485956,336.80577607260864
217.84886675781217,331.4026919831311
208.0882181833082,333.08244765979254
238.83583791406684,337.1742316365933
211.66937236477597,287.07255343474895
268.6214148388619,292.9563884240971
215.11186910712686,268.7629133324987
231.17526163759084,280.0940624333122
207.99220260230166,303.00117743324836
278.9769561383114,321.85193641428646
277.9374061042716,315.30161097238135
268.5669058386735,279.2629589114679
203.04173787810623,319.4271827645853
263.44326152707276,304.637085119598
221.52890255058517,259.64781794633933
261.0381299957753,276.82403998779944
246.64306511121018,251.10517607566555
258.37852717302303,278.5911838203055
249.8998861396238,273.3600488102876
297.11850250304724,270.8233698798065
262.8737995713416,269.5489187942815
298.30466234847034,269.833004332791
236.59768093806153,269.795550201132
258.1054609480177,247.9257965958647
269.73691235600563,255.28789289003748
283.4550632310677,298.40596137625215
254.00567762281852,335.77071857055194
244.65082110398228,265.3886829212722
285.18298622678077,326.834773776874
254.44863817791926,301.0434346183656
243.39698699776537,297.41294137616785
240.24889599318269,308.9840822716736
249.60542890141735,308.75587926537503
289.96625211834754,251.6619444484983
281.15159893948703,308.49819908889276
299.720687724075,283.862869735694
305.0384301235561,326.5602427274118
301.3275421355837,272.54760507965204
258.69865021210023,258.8009411020317
238.86250574603596,290.15933409692434
307.3467032598818,323.593300270849
307.5612717564705,346.00782618111236
297.30990285365976,272.34166665967734
246.2292939786428,276.67640576186534
254.61723787743813,322.83525656778426
245.98263299711977,327.2418984758089
314.43632384659435,274.33104876786336
243.88904740770806,302.32158388004416
275.06908888498714,303.72347979097407
289.47980481534086,308.47980139212586
288.8260854259942,262.21249514160627
316.07771682593415,290.48826320404265
248.66075960727906,343.294722197485
293.3279751063577,271.4905688544344
299.18490452503437,330.1420986961273
293.17007776415176,315.59004934770013
307.94048250894775,341.96645058145066
267.83320583064665,352.2030344449373
307.4021788739749,354.9468598434977
243.150839125887,290.9875959743654
240.55601130477967,309.49424966481075
298.3844036343735,350.2426186282605
277.8133488856064,347.95912784341715
296.4998048140094,328.57930199042266
321.9544999534843,307.49808728845187
302.3965964644431,290.7072635224582
256.2621781252111,325.8506651723436
296.0523262562971,288.8448007286668
275.17395344877286,343.2506251926073
280.58440576302024,351.2834506633264
258.6371978428003,356.786945292012
259.4259449198074,340.4487311215202
225.61227039351874,309.1245091220185
309.6825978140543,357.90440911939436
310.50512178925135,372.36182763413785
309.8555049435788,347.1601259280777
304.2012616821933,342.3946013235669
266.10179800950544,331.25920732036104
289.59615391810644,363.3313360813412
235.2692735725429,357.5334500528935
253.7262824704253,327.56487307554215
263.55527991051923,325.00858811437774
260.66747685212147,321.2585441683502
293.8306445810606,332.2546669472905
282.24819488920286,290.37691301103087
293.7744863157992,368.63656242999497
270.32593113201074,312.23662090120274
279.28348637693506,314.52980658559835
217.92044752724607,350.7099095102084
256.2596633717585,347.8734684870568
288.6464597881552,314.71633834200367
247.65884576672676,372.2192806266311
236.94425363460405,371.9188275050443
271.7033193589147,362.006351715328
282.196469409315,301.2307051289622
241.22362022854622,327.9002185687594
243.8590022265492,319.11338230446586
279.2917448672897,277.93066257749854
256.42707450324747,276.30097517288806
211.27043863143768,328.1771603155842
261.2342270271967,342.3911785290992
273.54061075663674,275.61431067799936
255.38512988264435,339.334595713849
256.5013924577835,358.7847615269844
208.9162630567539,300.5410094715433
239.8592405942437,319.769877349444
265.6750606288212,298.85086286578536
289.17740584236276,286.90074057526925
222.28378608162342,316.3589477567567
216.23819781194487,329.2324720352595
220.0426074922353,354.7587999160386
252.99068171454755,326.718253436764
247.93539158825092,299.41620183802985
242.21422197984086,323.96571731540666
240.19317762525898,310.61921124799704
229.71930031043456,265.3812399984929
216.71064661891532,268.98350921857644
238.32325205081193,342.793892239471
264.08896547323144,310.8290620025543
218.88046725412846,309.3374637679954
293.5957485711957,296.8414588785214
218.4802500924597,327.91536453362846
224.63159449164363,268.0417504902575
246.98224023348547,331.60232043911975
285.6792579159637,349.3889672666187
229.8408947212734,281.3872540982446
286.6297123834949,321.97224875458255
292.97271606639356,314.9129615413681
261.80104041561185,315.9883531458779
257.6106368187909,313.50192679656595
271.18813075231446,327.151863876629
234.53627471070376,333.5906708283611
239.00444703453832,291.7066310644391
262.1227750689649,310.8787551833367
293.15839839140136,275.77579874217804
293.9332596955618,339.9006626127398
295.88449428293256,325.22997613896257
301.5880718470682,304.06667654701886
283.8231033607128,340.8062312738175
227.69422009014912,327.8403010572954
266.8509938784137,293.7514189733652
274.260343457633,349.6618850401767
270.77416395755864,282.48924472771137
277.42050387437195,333.8840460946548
285.6671116919496,342.1223744456423
245.1759017317845,280.5614504309577
309.29877619582976,321.2777235830577
264.46556800006715,342.3829448744139
274.0850853665211,306.6799870584208
296.97374098920193,364.0069065437961
293.6133323273866,323.6657798341082
234.15693045120184,363.3208502111573
238.25573589340843,353.440055421743
287.4703550956606,369.66890039742407
273.1238784134165,324.96601570552247
239.58373802602614,350.36031253482156
237.95590591083192,346.51632459537575
234.7356432005992,362.62360042497363
237.3524324452213,311.74254499890264
223.53994613009814,358.62672506619435
258.5412878037382,362.42596477268427
225.55454405435052,319.2086224686974
237.81695568332032,358.618500739051
301.64591709127836,365.85851900242176
244.5656736338173,357.82905449947486
239.4831004337865,380.0066783130931
278.6360619869653,351.11265156647534
220.7774159878731,343.7485165199427
199.1589769739607,309.05656297119793
221.094520638726,314.01902915890867
272.8789227058614,311.1578325175688
227.64839202041793,378.9280434847168
272.4453313412814,326.1878167081605
231.88795226785155,385.75575632378553
227.98921190555583,354.9470902286309
223.50660701988545,386.5272178109875
281.48789535486554,345.8304781986553
283.503387870409,312.72087389022084
223.21565635008673,349.2395865760385
203.78099919592893,312.68539120629697
207.87208268295694,377.49002492061067
203.813331056526,324.56997536140045
239.40433044669336,360.2459542379423
188.40782863267617,335.5776280794564
257.27219415095817,320.4445973607003
208.29401255932487,320.1796960170396
265.84637231169296,366.9680183224194
263.5957236982718,336.4265876509015
206.2292279219122,331.1192896118042
264.39156067002654,347.2260145640313
226.55405427869871,337.976112591436
225.14792945287277,380.5854406366145
213.03218054779134,340.0020867851698
253.91010325408945,357.7562073893242
212.12593035188104,296.77907583066786
267.5285885723271,291.80900624878484
252.62397339967626,338.30791962176266
255.35472778448528,304.4614782191111
192.8408083597842,356.24808886949967
239.97661884413893,330.2042312303973
254.50687681154417,328.7746518277193
236.63576477355502,355.8511950885714
249.02611144910833,306.58903218846376
208.86497872446256,305.3742737577821
257.79969487418623,292.973387185001
230.5297451208325,355.31149843294077
249.5768580473411,297.4422772806467
183.19025547845905,327.67323348470757
223.59043254931535,304.8431547467625
213.29783106991127,333.5298444749419
254.52451579715787,273.78847734904133
206.49257335383368,280.5830538179409
215.39411501732891,282.57443705682647
275.56160099035674,272.61520633402455
258.02423627746407,336.532600584382
223.2468020949335,311.20226042425156
205.67146206036105,312.7538676279533
275.94992671340276,310.0098970847399
218.4083823498807,299.58614302696833
246.03684957087034,319.18899473504786
269.68352893922025,304.7996238276405
279.89530530483125,314.1613577728532
214.55736733588571,322.59083715295696
238.95958201787695,284.3823108707408
273.12977109063945,294.063925993874
267.46664831382907,284.2966895506726
230.23454869129307,295.28860430325227
219.67764270974823,298.6319166001277
278.9781227708575,283.8638335763705
243.55021092460683,313.5852846922389
227.20057404967818,269.9015506839564
288.46216641971574,276.4244107029075
297.8880838257041,333.3266267898648
224.52992566390395,287.3713146156302
238.7438715592459,315.8130486028422
271.82324201062227,347.0643341397932
291.1312378877558,269.3793619670302
307.9475914434795,274.7270222222404
283.98767627807956,279.7569059630258
230.52392200939826,318.4755564947751
235.905882196361,282.106129605748
255.26834037547866,319.5424369133456
297.7115936346439,278.42802399202077
310.35862997539147,289.9209770745667
256.1087228862585,347.4257424080012
297.03329792416224,356.3723632571474
276.6401231154034,310.03587363854547
303.5478807731949,330.2214615391205
253.5483162168469,335.45461498547024
295.1347998852218,310.29455522517657
246.7613719991407,328.1535813572378
285.0541011679806,377.35269065937706
287.7572462617901,347.97536876814723
298.3806162674722,317.71264541746154
247.80108531831874,294.18339292558454
228.90770717616266,364.47388304764434
271.65103878144896,334.2565375647193
260.5892319922858,329.9704611615166
285.2120093084439,336.60856810389043
244.3530145882818,340.53109963057074
309.1150206669936,324.2526572899824
311.5500358730904,327.2745102630445
301.1713554607637,364.13711758635463
258.1191667587031,370.48379028601425
309.1970588470613,294.9775575995924
296.02901144798284,311.1461538172252
216.53089571011222,346.40811524682204
245.58956773314884,312.48339474470066
228.5443900143075,315.450906266085
288.6567182016486,386.8431528109674
251.52314127934963,348.67548483440555
274.8787447696,355.15183892245665
253.7488696111782,325.8077636718558
244.44320299272024,337.6495269479884
265.6008640496753,330.48710100835945
229.1225021816773,349.6553305230362
218.1606369900514,360.45984233417954
242.71616385048117,330.92393378602475
224.4920748405961,362.3864873871245
221.04161020832933,339.4778407447551
247.50710535996677,331.92814456854416
285.13565997982244,328.2699675834108
296.5305012709538,339.03769766041006
216.86665270086192,322.7562950859263
213.8352921149566,327.2821195451226
272.70536359108485,338.2546525753136
214.57745278719267,328.4338477511185
263.99735906556873,380.9448290915775
238.2016636965201,323.00010883064783
281.6885534212458,298.40740058470897
251.34122799027693,333.33686914424
289.971356539408,366.1362173751356
281.90537298424744,366.84209513587615
275.82492596323505,350.3228917855769
285.022966581912,338.05629324291465
299.0084521527574,334.9734991507541
241.3444726428425,300.7232065793609
253.8102935885072,333.55149441314785
296.53170655024593,320.99618975197615
219.00135589521648,291.3995726961799
286.8661311124896,362.53773720133665
245.3953152539819,351.37111222937983
291.03358787593095,363.38831830718516
285.6104826240746,347.9097050324869
269.22984749373853,292.4249749586336
244.81624298075866,334.2474860752708
218.58460368663776,325.50139516229916
261.70801651334926,307.0539346429419
223.31303880887936,339.91582289931534
240.87572200722752,312.3061769433541
231.8048962745014,335.6585991619101
220.20275664559392,345.15035030848287
276.479542814244,315.954312837833
287.78449094399804,349.30510023836524
281.7911670461448,340.71972149398306
243.0334808030406,290.14176516368275
226.85464942944643,276.771832545752
279.74720928244915,342.57600623406597
282.3141763483548,269.65440544382005
262.58628590301475,334.04945222084757
295.05330917201985,341.13739446472425
262.6853815662931,297.13412164788394
254.8486413657229,266.2012111533486
251.9399487388479,273.6871433606639
241.23132003813186,300.9781994105166
304.7371382134444,312.89086233469226
276.44188219516155,333.13716215886984
323.08422694742995,295.069813266869
246.91281697140494,304.1499389320229
249.70134886531713,316.44559643859503
236.87636878515235,282.8430224181207
306.90056156796595,333.797705513292
254.7433023133401,292.1100571829441
287.1384992442191,326.94535329612484
282.52353281968584,296.6095881307748
271.94531242954645,328.145770325729
252.19459229475092,307.07514552202264
297.4383748944105,315.3875075816941
266.18697388580165,280.6117156316382
301.22546327605863,304.35823983156837
277.2718118279622,298.4359910649468
305.5433890645263,290.29988910547166
316.2341233940782,318.2130440333605
329.0622726406786,343.9278515064741
261.1320107699033,358.41575248083666
287.21617206250994,335.7782390480434
284.49456057000765,297.61702785715306
255.0113152376179,331.3852769055658
283.676401846519,276.92487618241194
302.310230393277,299.93469672199865
312.9423827294544,336.7946770186327
287.2157704700951,289.6587019751526
259.52070520411877,326.9105766838293
284.62593542165735,371.19392376525866
242.6341285335462,362.2637943528772
270.7955081998982,365.6072581998702
265.1497219936529,348.63347109907517
279.6064166878922,325.48589570374753
288.61412334057616,286.3613652517844
298.680983101331,311.10275014377055
294.39147237774347,310.18903129006713
287.4956813601268,301.9268694016337
246.57242077919875,319.9956732817641
246.98845892097603,337.2654999607035
304.99717497688323,293.0646526327613
274.1728154146611,334.6360638212639
229.37096205903688,309.3168615300163
247.20939238249804,365.66227379614145
277.4359324545532,345.3332670732583
285.1703002671267,301.79967893973276
260.14160138569093,361.49463389482173
275.03705060932606,325.36842263374797
266.9980102129367,354.996117928119
269.28170031803376,367.1393803033732
269.90479640772804,336.5008697377024
238.7713100983326,346.22419823540463
233.69047129194908,316.83051841675825
228.13392260926696,320.47730164638847
248.49993644103984,295.87673123281996
306.288501976985,298.7334654041183
232.86884319422245,309.66088731842393
267.90987524905256,329.99082991800157
265.65930200871753,312.48731616334635
263.50254841682954,309.67795718221873
299.6532340248556,312.72689802294866
259.550846569114,315.23941602487236
261.00245479778295,355.9415407499934
265.52296203527874,319.6491123420922
224.96846803292559,355.04470647040586
260.9316676051968,295.6469177763417
254.15151008745542,345.5945924807358
251.76227191312591,322.63541199125405
237.67904797367788,318.8495284864714
300.7947048357046,348.05690301268834
270.99103528871535,309.9459789296709
235.54704341850928,286.204611551168
251.94552105171203,344.4110427941124
231.73948395320122,297.7176379719593
235.27540552857712,308.33677699609905
267.48915134666913,329.4303338679598
271.93565086204615,266.54704373114913
233.9561381796488,287.66969325782355
302.86861019301625,336.30221093067547
301.9570024852905,277.03883914607707
233.735064290055,348.3789182228137
262.6177660650312,259.3040262203692
241.38462472224208,265.8575910769375
242.85482297539943,314.38892330256067
297.1249388628272,312.69108332144134
255.7298729182372,260.8701169639165
297.82401115702424,319.274651087401
274.38431264032585,317.54458582399536
289.21428964037483,326.627319394319
315.90752266353775,295.9425725269174
319.1131101780427,299.13786373815026
270.31277855470626,277.1753553689539
238.12514207302112,299.181433901317
306.63034118757605,272.8275216157388
293.5229346203473,313.24790596291695
317.04320022814017,289.8806774000272
272.5835676541135,245.09166978052923
285.3917201228752,268.6918560003825
310.4097258491894,287.45799107421465
263.63904210307277,329.4553024963155
314.29554755202025,260.35804068756534
287.04599955895026,256.43305354016536
338.91226149962296,258.4175527765999
262.1408733655538,292.69936132589714
260.48740994352494,242.27923683918604
270.24136096186396,277.6243761909935
275.825877823797,319.23948388394524
256.06124464845664,315.31299826728855
263.4141522484258,243.25274724373278
255.21920268346025,256.6451043247771
303.8733710440502,314.6939431679399
296.6752176136974,321.1532777163956
306.44948594184666,262.2537087346221
304.5482124966516,305.3240656367779
310.7420089162338,333.50906713967015
284.5850282145276,275.94655773948307
261.3705333418857,325.65995208026675
317.06854213518375,276.1258754219206
273.9250602019466,287.94490575462237
286.4820543894852,314.7839539158697
323.07023946502204,332.8747282569017
311.99252193927424,324.9449506532229
291.5489655094794,324.722182115624
257.6670635062284,299.0618918266228
307.4125452416351,301.0557953766435
252.22347631743128,268.27939620985484
289.7998929294601,333.01948555252955
311.96652388772947,320.04460015017855
293.4956483556706,310.59381966949985
268.3798493873457,352.59647170013045
282.8715755221292,286.7710389445927
288.99843729266667,296.0499736331126
278.93853502908445,324.6433223042002
320.1936457572369,302.838124404124
261.538033260471,300.9006292111389
285.319206960125,338.6046268919581
309.4536661837191,275.06328135744366
247.6226750467759,305.06758248492
318.4882234786055,302.5954780343464
314.0866850456821,338.7844121660965
252.83830475714632,337.4511424889109
256.62928518828807,319.5952070927607
316.0862790570162,325.08380204655424
283.4083858736753,346.1582932539978
311.68718446940346,347.4992879915234
255.54330063595367,268.9517524813398
279.6163012087495,330.71630047025184
248.03057334339996,296.0832286483918
297.1344130967723,354.9001098111039
270.1157122013065,325.1474573142404
306.0263577470198,271.5736080746133
288.5955981914718,347.98142032856776
243.96709917963182,353.26236428531723
284.9989107165061,352.193450351415
238.84187135148923,307.91405025595384
235.00720597293693,306.656295299501
239.36788124668692,329.53658231590634
282.6739912435387,279.9834938755157
286.5572921350897,268.5821189437878
264.13547846595014,321.74805303676885
283.37594760031857,311.5984033410538
242.10604107121355,296.76229359426156
234.72535432835576,322.24744671520574
314.7015105990843,297.05010175027184
246.41460353923728,314.68741746554304
234.3880802262767,318.7344341664683
238.5995077409993,271.54258953264303
231.14675793779122,292.9769976691731
227.32370807070828,318.4791343706035
310.2405055117199,262.5584575889058
312.46861772686714,297.04991590473526
280.53334081376516,281.1461996064742
314.7854699388586,268.5960622838942
299.2824225604108,296.4830500836316
239.18942165269635,266.55581562634865
232.6315667276055,319.380375683606
234.98393790179836,283.6939362869627
293.6682410943091,261.4668534588917
239.22655560361434,314.14197994770154
308.1712320283173,265.72467496633544
234.15176922075239,266.61917966268675
300.4442248392575,251.22166230105898
310.1936770214154,247.4412356886986
240.0995964763744,272.81314745543756
304.3944124530339,254.43358073703766
289.52059131895,307.28167956250996
309.12288621696104,252.72887723050462
251.06949808523808,309.6207593851908
268.8789861704485,309.3545752319763
238.15542956976665,254.52760913551475
310.05347476837176,268.0812486305169
272.7390993378043,249.52530270530772
303.3558560218867,266.4891120168372
246.3808315672647,271.8010537573022
318.02472364046616,259.90740969652103
328.2440021036779,301.3115681321381
327.1403291654965,318.16146662109674
291.90130589104706,242.1696336361858
258.7401643970962,266.6211580223754
289.05808696752297,285.1408520609119
301.1837166150308,258.1229151247977
321.23119080127645,266.8882399457403
306.11888406940665,314.90795255406397
321.6532199527768,243.03707846361198
285.3062981575291,262.4586188783958
322.4335718581605,298.7826357521593
289.8962961419269,263.8042488527219
312.3606956386557,307.9874996394199
311.04524020028515,249.16043137888983
319.262696540206,221.41314170163488
321.4465431235272,255.0664518493238
262.8903534659171,269.8123432534573
268.9782717706425,221.87149843028357
287.6574263100173,308.8366467159156
316.8291577724467,298.3974306983815
269.05236132841776,309.5963747994446
322.4932942560556,239.33542459485943
288.379943702477,279.07019369045383
297.7393550278172,264.73888126742804
277.3657530649094,307.50219843577645
283.05053864798197,268.38042642165397
297.7205917835761,295.8774547499464
327.08864366361985,297.45114368128606
318.14119828006295,279.30292776143193
304.3680889225664,247.3278851505711
314.6135204476756,254.9133159521254
347.6201979963031,278.16568081049286
281.24293214798035,223.23033352806095
303.2927955405753,274.9765945318841
263.58289793856693,242.9584250276738
290.7006118191395,298.5283548732177
313.8304722851599,264.82291424884625
325.289967321457,282.7230797004677
338.710694765108,275.7307751804698
279.68239335586355,292.6542467492662
321.64787686528814,207.19844225935827
312.23249544759386,285.5272992236287
368.04269140377573,208.265503100954
281.1804027899518,236.59198918407753
295.851380805209,241.38590832238566
311.4437039961828,278.0935758336974
317.56900295318076,254.70015501051137
311.71001472587807,281.0077170342214
339.01404129146135,283.01888518968497
332.4538953290172,273.8563731759246
359.44473599550304,254.06930211889568
320.04491840775836,287.76576201887974
322.94331088462656,207.24168005827084
347.9639426188836,282.2409719078901
344.6055868592282,250.6573365718335
358.66001135655995,212.3844099140638
366.2158388366313,274.46953869177275
315.2282719645848,221.8751063716925
333.1485298444462,233.4603867338522
360.9776598264075,200.59910161132115
376.2184531492153,219.88427093706164
318.4409155297923,193.85937638327076
328.13872865829865,234.69843113801318
305.24321679167394,238.38218193355686
365.9727628823463,252.37449414517127
335.01987224936437,233.01980034933575
300.38376264801974,213.10250063088063
301.22717670827615,222.10991106354174
402.15213607042335,245.80390183321572
376.2914892584332,191.33967707595622
370.85090028007596,258.22254217140545
404.02257276899627,237.09031264856762
321.558089943088,235.96347227471418
328.5986482938854,248.1148737276128
319.68192577624745,256.39766152858397
345.136298844027,252.04713910794118
373.9987971759969,213.59106633807892
338.34790457131714,179.24156445628546
321.51018965365074,239.67544068677927
342.9997667963969,250.59942879574464
355.71466526844625,210.8130906744031
324.9867699848067,215.8949965222857
389.5375516495132,195.0107757498596
406.14825279792586,224.98929410531653
366.74396036921786,206.39558618228313
401.66312710547027,170.02559067517961
377.8567493643744,179.19809024063363
416.6553985800601,193.52538643209442
421.30187190912955,215.0694519383766
366.5646373777398,187.40634548089193
346.51860776823554,246.96468860962116
338.8048156078906,180.82886390333218
374.3808615126571,239.42309311154295
379.88718189340716,182.31533681700088
362.6648228571466,225.98428534059613
406.73341103337225,252.96984785175528
392.6966209652487,237.9974181193865
433.58917674775944,198.40525995318922
383.0421571065043,237.4642214824882
414.74298423932737,226.10683963052614
393.5020137091948,198.3679701351511
430.47163594029325,208.7362080149119
363.2409358735611,215.48912659260935
390.40323875672584,200.4363561769473
413.69244271063303,230.25280564637714
383.1629308442815,231.39729640792834
395.85436369961326,221.0825298917291
404.13814666552037,170.59566769084486
438.97707826218095,236.16619894820383
399.81335904790336,167.37542186769375
454.7210998387041,156.41983058801787
443.87695995220514,199.64356017524057
391.30041995286905,194.21343321137329
431.51920293056793,216.46875983297016
392.6601476688593,159.350559928116
411.2120118719675,158.36896329625412
409.46316048896205,198.00779891911006
383.27958237583687,166.9359890299553
435.5842510311539,152.99505628490397
416.49312711325206,184.69088381158326
436.9200050131874,198.6843747586678
433.6670533487228,163.1822442080187
398.07240240323114,224.33741662887513
408.1039354781183,175.37069266435626
477.7487596154567,221.54826749093678
431.09506200191225,220.22779316824847
456.602625409213,180.64379637085227
465.00831372277753,142.31697579197422
430.28417417936856,181.98532669162302
437.6512630585379,185.64016761504902
487.82564969508263,208.9983574168732
486.1973432114593,194.69625500904863
455.15960635412,214.94796222119726
490.39151203720337,223.4232313733698
425.97360328306684,193.6622302335141
485.4973836954103,152.49656713824365
432.8781082409553,153.32306585845842
483.8184703716764,178.8920559776534
500.5409598171597,217.61891604322358
471.6870405141376,147.3758644870704
462.5253602766022,131.16571837771238
469.0458133310433,155.31677232396396
486.9363769047996,205.48226599042806
510.5842523662143,167.71721373483018
516.8011537952996,149.25362673810451
443.23360419102437,159.94522205923522
481.90637830168384,131.75282162746294
479.29386091010554,186.91191354193558
470.2293052477837,199.43887630115444
436.43761673885865,215.87196968327828
516.6714893533355,216.38280466448495
433.6821620894457,135.75364999153834
525.1148641981188,130.12207053123274
460.0695939726197,163.80596414174522
511.75542223558205,199.8564425129676
460.703563259103,183.0267320782992
516.2483604846042,133.6550764989583
487.3999849344432,146.25621034884844
469.02450106489493,139.5328543887628
498.041237707656,135.8932776082773
507.5883584020473,131.9094593794831
463.99465364756395,215.56429466453977
473.68971609484845,194.5240352968885
457.10883148965473,181.40799924496304
520.8160846710343,142.62077223187026
455.1302206513233,163.11121635538962
545.6417275688881,211.7391456813757
531.5150733102831,150.59980321008436
472.81725773523374,173.99485261573318
516.1487236020199,139.40625648284905
475.0378253611919,205.82184555381832
527.3348542015681,141.96088267414973
553.0481292151372,178.13456035499894
507.01387845077016,152.30455207659273
556.8331186047784,148.09651409265132
524.0000527644356,197.75698943761938
544.349020986142,159.43693271237294
473.6760484844025,152.88928113836263
510.36569606895273,204.03294424386723
513.5138499669738,203.4701124932016
522.32227895606,161.9599183631286
590.7132554165631,154.0501778524478
519.8132903070873,137.65264502975646
548.1623008359403,165.81177933484932
525.6399834792547,122.9756113145331
523.0997511758959,145.8642448232094
575.7530696700985,184.89462117261633
573.4753917122018,122.8420914691624
545.2374592993791,169.59598515961886
544.3502940509352,190.62727915410295
529.9508637587716,130.90867344652904
549.1122076346882,148.29102996738308
531.7414003759163,120.73396142966337
515.6778538370372,139.2231675725369
580.1809397711514,152.6320979388797
574.6701947523362,137.36449063073928
606.8548994418856,193.43519216474655
598.3679235090268,162.40656513379878
615.3843464778868,202.27967419602896
585.2540763726673,187.86974132156354
579.5221146649544,144.89406046180457
549.1714401720277,176.27005952412495
543.510379568216,145.58889616378545
593.2545444830583,118.51451423811142
618.1416945327038,193.68856846203403
602.2166721288185,155.09072156791794
552.2136657501004,151.69318923202053
600.5708441590525,182.20774427650912
659.6447791205554,189.32619491064824
632.5845881567624,166.10950759845855
600.5080896859427,124.92943912036452
594.8696141858394,122.18268531189952
625.3223866443196,156.2249126820655
622.5169734160327,176.45880172188154
581.2558004323465,173.98121319680197
659.4271612366617,118.49184688998174
608.6491122089601,150.64614275106078
590.5073734726113,148.11357205572486
594.8327999891309,166.64363068326477
599.9805432294787,134.78650187033372
578.7743392026348,180.24840108673476
603.6583580050499,165.94018017328804
672.1152376555887,132.00289041621136
622.447506099826,165.6911647717474
649.5358275707049,181.09625136310586
643.4884426007326,130.40625295301317
675.615375738055,144.07590223987233
684.8251581632156,183.77731602418493
606.4901188585119,168.89619930523432
686.6059476501438,135.9601420959411
638.0622130590077,137.01153587699358
688.640456488591,167.0414511188804
647.0915492708697,194.55424835989027
634.4943498391087,171.22025125512914
605.3857461290711,196.92165096204832
629.7464968355175,204.84156205465663
691.388586624689,152.583601405994
705.1762309083408,169.586255887383
643.0413383449425,121.88034023696969
702.6765166238329,142.80431329933694
695.5236747901541,205.3209002415102
655.5533185863894,205.46746676404643
712.6133707492148,126.82256914909553
671.4988922918144,134.73303190803057
694.0612983157197,126.51213825997951
695.561591345543,201.9563095018392
672.8911443279799,176.94243370088364
641.5567590204223,155.57109837556794
663.8744959548261,171.4249546621487
643.186180032406,136.2194484111615
751.1174001193566,205.82690802280297
750.6868710727755,200.61494659411593
683.1006639546865,160.059379934587
702.0558896375917,157.8463356194584
691.9342462124313,149.18273971651834
696.092907560103,126.8484816603585
697.6761848576643,169.23729684524284
718.6225553245955,142.6186570516642
688.400760006343,200.03707131789906
709.0779339862976,160.91491202159605
702.1188970088929,169.1403956463981
728.9817850824448,164.58519120778283
735.2248482494733,191.052998172934
731.590013748774,170.31085926976584
745.7280585188627,158.8116084465329
735.7748938412449,155.14129039895283
724.8774732003985,132.5481719342099
760.430376204135,188.30616199508512
782.5753984659996,174.19889290072433
724.4823925986644,185.89273814319762
735.0918781836904,131.29736010212451
720.358501739636,193.71133823526947
789.8972069845404,147.27864034885783
778.6195265286808,161.48120467344
706.989839435445,217.1601079767362
733.5657503493709,214.04903353769268
731.893748605501,202.49832922175818
723.9937617826166,134.58813541848775
788.8960968319609,165.56899903550425
778.7796551538439,140.31520171937467
817.2087976052135,164.92841702409834
837.9822841672894,167.9657168875473
801.6261278644156,184.4439794983316
793.8566043348093,168.92093434719905
817.6649786473849,173.7395900087256
770.4583628203503,149.90361618692663
748.5794537745572,178.52529953591784
788.5560904896943,155.36212753458364
760.677109372863,191.9339961857509
767.8220148959795,222.96702206638082
792.3547755534008,146.8196159536588
776.1947028872138,142.5681012285842
833.4976259371917,184.81887604777143
830.5549980084106,203.1790606751208
846.1464614037478,231.69189254927926
805.2687701341217,189.6141069003083
793.1735268263889,219.2992275154043
852.8493880583858,207.56015046545815
851.5000236776674,210.5311909883029
794.0419163941896,191.81318122392142
858.9824961284565,180.8474563791167
849.3448224688179,234.19800526419937
807.7751019674137,159.22495573243413
798.4326788326239,170.4749198230191
802.6585576605482,156.80823557719683
868.716856514382,175.10574583503134
811.6779106821926,235.17097936713162
865.8171755101403,193.55034913007933
858.2622201245964,168.808897052977
877.6128570016596,175.23791112224956
823.8441990299674,159.72450172021036
869.7379979520922,192.70267864547247
888.2556555010099,239.06084544903592
809.004317131597,204.63123796149802
863.8732167731873,184.36506840547668
865.1197823287854,164.2204382645068
872.6187897740112,184.963790455401
889.264607791928,237.64842379597397
880.2285155881139,222.99801334353242
805.3333665024054,158.5000182979363
873.0729585567764,193.09935936293593
866.1565878825315,170.244373434946
900.0203852225977,236.1809770397989
903.1328645586093,179.40059502356422
851.065774629407,245.8925859630796
830.5606976175605,222.41146873662618
857.5836843831406,251.28268586105693
893.2214744224316,167.9619531819377
878.4407153809068,214.81778351506978
908.6781543468423,198.8794247588046
900.8883009572268,230.92134191302782
894.1988657028976,214.303017162974
880.3592457473281,198.10996515635856
871.422748545722,219.77968175216859
933.9426864916154,255.52845872047857
882.415794999124,183.1288740709493
871.007909977386,188.9384424467868
934.1115964500117,249.74656443016733
924.6506510559713,245.77044333614484
928.7299207283261,177.96132258233382
900.9280914669339,205.72489385188624
928.9570910159595,186.85741105836297
926.7404531521894,184.34263987776615
914.9368589974786,220.97705974054546
917.0861304494491,182.4001527993769
890.1541496633224,190.928041598341
904.7805446689362,226.70707588926442
849.124082912882,231.00720653896568
886.529647927894,240.9526929039899
889.3794436934254,205.49448283559417
954.5623488179681,190.41149628869712
936.4073322143581,209.45585238012723
908.013440741164,199.2844209872406
881.158947823099,192.09559238176405
926.0517871605306,253.56372979014253
894.6598894505947,212.3379295421126
891.4156707868177,253.2102627442934
924.6371565323958,250.88597600288801
906.1113930643902,211.82137120320414
912.3545382015235,262.546005945726
901.371696415346,232.63582122177294
870.2370373963695,225.76667672670655
948.2843390011884,241.7596021652712
945.8261682361906,229.09683821529623
972.5333878241609,249.2237840811222
934.1511671704982,253.70462081655768
916.5959619288167,230.904056501642
970.2582793380147,257.0952134355395
912.2515373055562,230.4913023484758
898.8476628540474,245.42347636541757
936.8959561548029,269.7214309245484
887.0318400425813,261.8616009546438
941.1317743420037,232.48273214186335
888.993365787795,235.69126491800884
945.7389507666846,250.82130100268333
921.7763658918582,265.58719312942196
907.523383811337,306.74011808471676
925.3435959385966,262.9907038904405
940.5792732802352,236.61326736571561
976.1146481029879,272.8430123122084
961.4460734304627,219.12502787930728
968.3788483619376,287.48570537543765
936.4007068423219,257.43502150218706
976.4472569548183,224.56673643162068
950.6147338318611,253.48851311843646
919.4403172298155,250.11771598256036
907.7332875032453,293.34655536169055
961.7046271820769,268.4494950997402
952.9115658847475,262.753160677416
908.9371857798936,288.18540821596093
970.5163718931169,313.39308798431637
997.5383712711123,260.7563248439765
997.3436575613536,298.03860253949983
977.6410648511849,233.45143881671996
998.1147087721466,316.79093494560374
988.7978651645517,288.87732213331924
919.2911009983268,317.440485847006
946.9444002952257,310.72613927852274
973.0774631165426,280.43444330260604
961.1953016532734,263.09479556410076
987.3832198433291,251.01784143347297
913.8904949498894,241.5263977107675
946.9199695961256,254.21790002820796
914.2950200409991,248.6638653645319
984.0598762610009,265.8121045494024
982.1872711885787,307.9512595113369
974.0829088512168,316.59167622866573
972.992772057234,257.817321607932
995.5476239497572,258.21243137421664
1001.7694072191184,277.89145477244597
924.112588346374,252.53711329473353
931.2127718016725,281.0162542824883
990.8979906865644,299.19305960317007
936.218933769083,269.0103666557482
940.4255392901894,300.8688132698561
974.7696506552154,271.9574114439342
929.0491783829743,243.93278068413372
932.5888969840329,300.9006293556203
979.8111866010871,335.09148858179196
955.2365372519729,311.05671674895063
927.4439200550257,310.3277791041089
994.0449846638787,281.64752680405013
993.347606054172,333.90931299386307
976.3182859082065,255.2545141901605
961.7992941567688,283.822034492796
919.115363662735,292.4439632424627
958.9315816222012,310.47317104195344
980.5534512828568,308.8405223902979
931.4656820822452,324.9612680473491
936.1992519177525,255.19280529659179
932.5028377805608,322.66837050579136
973.323189486067,289.9365846498646
987.780177682859,316.95395732003004
958.4316770529626,286.4862050585515
900.1250095514094,331.2398577168791
987.8229749534311,305.10117145463965
946.2925495590375,306.5784956923684
902.1823536006387,329.97763988089247
906.4710451368161,337.8364551402599
954.3826094109993,317.3704185334819
915.4192400687938,292.94672519105035
979.7496016646037,322.5175298241709
979.3778438745433,268.3051770877523
985.3826641016497,314.7703220680535
985.8351201406617,320.1256751167075
928.0726198495989,321.81554883354966
949.8481417126774,316.42934976802553
895.744928375575,299.4184364063511
954.6394109584901,297.74668334734395
900.0057419963948,313.68222323394684
978.2409896752212,284.56108839906676
898.7251297336632,334.7217350739399
928.4217116778684,314.13974474323896
914.3496598802186,300.71894218955106
928.0559418748317,280.338397314596
933.8024840207065,336.3612128358284
907.1229332754455,339.7687323627568
922.5654879054026,337.343783418694
958.1421151485443,319.10612098745133
950.995782587151,333.40568218321204
895.0409321770572,311.3352627574486
966.1484866947313,300.4397630846356
948.789120489991,313.85644066870407
915.8642847996367,293.8542730870213
931.8452802581654,329.50782052803015
952.863397005063,351.0164335871616
938.8598003561817,332.7282232232126
909.3139487595331,334.30604980326575
937.7417483932826,318.58935763978394
892.6461847554245,276.7318891471228
902.7795843149732,337.10758017431584
941.1544252462243,349.5977421806207
967.5358432011296,337.9161280003269
941.2607294324592,336.29387447062123
975.3457002341313,295.95771077361695
949.2252925470444,297.4928445805366
929.4899079307153,324.5537882926677
934.082420602418,335.3576657299978
912.816951016607,315.4133830566836
905.1404464906394,276.4784059127554
902.7108399684194,299.8053750053743
937.2033483573906,299.4759132938963
902.170499798044,270.53477551894537
907.641891977546,265.56364291458914
925.1779062360858,275.27590743777023
915.7061929666102,316.9066393035771
914.0942938925148,318.38993982728755
922.9906992507509,337.31805539370674
935.5664856228877,312.5382698865852
898.2866669536265,264.403811069191
904.770901675891,297.07793312932097
922.7253675437657,326.7698877943544
966.5932842318815,309.91447256469223
980.9195287489787,312.71112065582525
947.4594896034162,298.1560990220329
934.5448740557079,258.6801114774892
900.6109641616299,310.7903710366832
953.5626304657687,319.76361660791065
922.9683867914881,309.3499761425252
947.7367864633061,240.05390873300402
920.2028208786529,257.8584064237059
934.4613352508652,308.50116188872136
943.3622479094665,272.67883889019265
991.607489264079,301.3961438444885
962.3977126805376,271.09810914196265
972.7026705916071,312.3147628411319
955.5714326850843,248.29812557289497
920.5809765083026,310.59603440001587
911.9588557487882,296.9679981751873
965.8737112305037,309.69770698678883
993.4781051462298,310.35035550313205
943.325214840634,241.3723321214535
926.1966340858089,266.75569114862003
935.8839699862988,296.34550109166275
939.5172861862421,257.03407218841727
931.6355530585291,260.4718507859974
939.6169617215587,261.607780971734
1011.0064635114318,295.56439131221265
976.3487980373083,227.77706139126593
978.888487496379,244.4592373720747
966.1290331928622,236.79429248288494
964.0471187233073,295.4493715384714
979.7080859172212,262.4868981568043
992.4475384707152,261.9584016555672
1006.574463680301,309.03598922907395
1004.7463415955408,255.03716116557706
942.3534745137214,302.761784555632
1005.053548107581,278.40081920079604
944.5697083915353,270.4667237121747
949.4372156944324,240.58991823628998
980.3141431364003,311.2669453196777
992.8762859303549,270.4213243774482
949.7886803595628,322.49546036368014
1024.7992094614494,253.0607952100325
967.6356286197843,321.4062141019341
978.7543667334733,310.8264105093077
1024.409225985961,278.7467080348561
1002.0617093153019,305.13169512070147
949.0313866243357,305.32839665279243
999.6683051363137,262.27983604748715
984.4411941608922,272.0648298573425
1001.1226031039372,277.0369674678718
984.5701150345492,291.82280596335397
1023.4803586512606,248.28531048297958
1021.4224596603241,263.6439205230933
972.492366664872,316.7140218972868
959.7427017399391,340.6139616255303
1010.4255277076469,301.2730968692274
967.937593188475,321.3476876717252
982.5904219107886,268.490748676058
992.9084417577776,324.07635932801384
1029.5871521492031,263.10029613823315
1008.3726033391933,298.1904121065916
996.4217746518458,343.3650452382676
962.0750287068335,274.27670144682247
997.8683909125377,338.67003939147514
955.9251880462447,304.3981044991949
1015.7032242111463,342.9340143931529
998.6038563484008,325.5666353041673
992.8404396447382,345.88329022916867
993.6123036816824,277.1446229526094
985.8961150048766,278.63699393621556
978.7456877472214,293.7577160684554
1032.8488593139245,358.3592154689569
953.9881154928478,359.11170548436337
1010.5252680453365,308.1429623955038
963.8578418668455,282.8032239114236
955.2219136039994,309.7760576749286
999.2583915347628,363.71096186065625
1013.2568089181111,286.75723677778626
996.5221093372982,315.791479451396
998.140995126698,327.6929471594726
972.1791825343115,309.58168832099267
976.1284877942579,301.7622646578289
959.7351122222016,325.1221795683374
997.2348345304281,344.9727803358937
984.900357997109,352.6070401451631
963.2535092212518,290.4426468635134
1010.779171799879,370.0899945758561
979.8689634705498,372.05516126631164
994.8679176314251,323.7602594291682
1001.9511214821404,369.3371160927056
971.4397972352185,371.3247511697361
957.7283691601498,368.46794541740553
954.4638734945465,375.7389967711094
968.0069173314909,329.22547635060755
953.5874116694035,298.3873584189778
959.3340639803946,296.06188949770416
917.4083943503181,305.48628102113287
939.9481295897936,298.80778498285184
938.5564174948115,372.2700587982214
925.211017966983,303.27278240532803
994.997846433055,367.8685188363359
1000.6813638665976,309.94762508956364
965.6286721043593,285.36848716131556
991.2459593811636,318.63170562975745
978.0550651872808,309.6134021957942
977.6153786216709,361.10641707518016
975.5048262211141,341.64948926568223
944.4850453926215,365.59056377823043
913.7881685014149,297.3003177825303
945.4087608537221,343.51049774449655
945.9724625311615,293.1753279556367
942.7529927200133,333.33157984762744
976.4357683849074,303.1261507669375
936.3706448481154,327.72598419134204
905.492241835118,286.93082289146537
919.0742074715955,319.62355786630036
924.5579024397431,281.14934794084326
934.5254703791861,310.441740725407
955.8544404012823,294.9708163050132
977.595822828498,357.65779042270754
982.7297056579042,342.1029842045597
932.959407278021,354.5805565836728
976.8942427179039,281.6960918248904
911.933850436051,302.8567445064562
945.6315283199963,318.7776969472518
968.4406375599276,313.0146403177136
934.9339601136221,275.11043119113975
948.0179411256287,313.36368261170713
933.9669902819046,263.81810968704985
918.073951263442,331.0087096205444
899.9445902137247,321.62654082239203
902.0993482827981,296.1820736821869
968.4560061392374,267.35135487171544
938.8537299591442,287.4079822571515
924.9726695032197,314.7181690970339
960.5770837427181,264.0039367977423
981.7200519158886,321.14862401591523
931.6872852564524,312.16888712121107
916.6962169558516,316.5642677353884
918.1181024781463,283.2043297210372
943.8317337093256,331.44778198280716
926.596869849096,283.6669972664385
928.0819529661917,328.3069591188781
952.9347587199571,307.3623214964244
930.4713380694558,297.31700961398286
945.4267833778548,286.1778420675855
937.9311871095388,317.3897699699776
970.1284825457767,312.31250906684966
943.9681262630976,340.70678515827706
987.8747050959721,280.9856245189115
998.4592115674559,293.07771140788935
935.4999384903438,314.4670744375008
959.6457554323707,328.6297088643755
949.2983336365569,322.2816482998881
965.9041582880913,334.89028335699396
954.233849284235,341.22286283662095
991.8739804915018,312.19485218253226
963.5092430005805,300.1132344867315
992.301081275537,303.5485207056501
982.0057557348805,265.3679016772238
945.107259792451,307.2507077280564
977.9639762784609,344.05093161313874
952.2271728565503,301.9178756644816
1009.305608003252,298.2792103848085
1007.272949529103,277.80853759883917
985.3595146903456,328.51161348759325
993.346119924053,334.945664726466
1020.6604901817908,319.28542909994417
1006.1839049203279,360.1256204968821
1001.7141349568125,350.2799760941743
973.6796575163745,303.4179635552361
994.3368163008834,360.46715065370876
985.0802520817556,291.33428997641937
958.9334981906693,332.93111540536205
1029.2327745781245,305.8311875154658
1011.5841181033124,319.38959822907805
1021.3725557821167,309.7527785155194
1025.9272143131866,299.2453248988887
983.4101844968768,357.1645722287739
973.3210295188109,335.3498776282742
997.8495714472641,296.91978288342295
954.2383349823593,342.11211367197643
1026.812577683945,307.45681334261485
980.1858723982014,305.5946332431311
1012.2998416453852,318.0154230385081
953.6073569760699,324.45109007517084
1025.6635613521157,369.67094850405664
995.5971387897137,320.02842078600384
942.6323037915545,321.5153529339354
967.3752637918374,330.57723695710087
958.4856881568932,342.6398473349511
980.2765802461629,317.525550955135
950.9341419366272,304.33936782148004
965.6760759150014,346.9969878750019
1016.944959948991,377.55850770726977
936.6760563481432,366.4863361963856
952.8418912136834,339.73604492716174
989.6886425779411,298.8775979507688
984.1611193799728,318.3143614185353
1013.3087360317387,356.9429882654145
997.7375037748668,302.9361921147861
948.7468415337655,297.6502632871387
978.0606560647392,384.35893935731985
987.1886775954376,346.5840123924267
1005.7139369943201,381.3330477525281
978.3993875182597,326.9722374697157
923.1916373873702,320.8442700417135
974.9637922364291,317.5498098737007
937.6850390881733,352.17058691809274
909.3171236840982,371.02309713506946
934.759528702093,302.59189256759436
925.6401596837579,314.79760410056065
962.685578749107,344.9900328555742
940.2025559854238,308.4304697131723
953.7029360834606,320.1983675748375
925.2540259281275,306.6045339211616
911.7610696173053,324.1254660256594
945.7500951859084,317.2690930916232
993.1921571970952,307.65874627527137
958.2485663526301,295.10664718310824
922.9224010872795,275.06000194237697
981.1107731576521,330.98197307792066
956.6169206888645,290.2281196147568
935.1076956554663,357.8462502884307
903.234294234616,362.75585575415147
957.2989040689586,304.2841477443538
945.9238212175904,278.3596230723193
971.1047640038947,343.06570681518406
894.6537511510573,346.8059861447627
923.4562881597298,346.2264822254759
960.5931340468836,353.96935533503733
950.2420634279812,356.26672362962233
939.5947646875411,294.0779981290659
917.8217046119704,274.4566025798191
931.4385841606893,268.3704951427721
918.3049120073712,271.49193003588374
909.9414070949606,305.5492936462484
933.8500080594434,328.0184654234885
908.7258536250082,268.26860835408803
934.3184383603324,324.86118595532673
919.444782690199,312.03339623923387
937.3155905070188,272.2733190806615
903.5601876002945,294.0201811589325
906.1916888307458,301.1138806188461
927.8046237837586,318.8890256441052
964.720342898171,290.0967702214128
950.6598339956427,341.82600890882054
933.5840680181657,262.6629181560282
956.9008572294426,275.3872193227723
944.1439697999397,266.23445928523813
977.7829508856809,308.86684174530177
938.2676213200173,304.58152615820717
985.9780278324102,266.7360574677746
964.5139466468903,253.45223490283803
926.5959628218071,301.48018229002633
935.1773143418576,269.40751880022407
1000.3366677880409,262.2515199129356
999.6478927081477,320.3518058547078
947.0125702972058,312.74979634883624
941.5835924320616,292.2849159023433
970.0476060291257,329.9406569307098
999.999224118103,261.1073833972069
955.3268507121613,349.8465857939463
1005.4641925728454,319.87081780240794
1024.0952417032408,270.80108191385204
1013.1501216266889,332.2482367063519
982.6793569584213,323.58368681203086
956.8697970253739,303.6652707804111
972.2622207786746,316.53170208917936
977.868734067704,314.0491837422032
986.8234197036031,325.6524745914022
960.6169215021107,342.4683558078682
945.2176642326687,285.47320403023207
1005.3210554725787,261.19487221976453
988.819827276343,261.8546485569864
1006.9885293559283,284.5004553631183
948.701900901624,271.24304520009497
965.4532520123057,341.3851718923193
1003.8262408356555,305.17184763457215
967.1975743313345,354.887691834552
987.3133176318236,358.3513412792704
1025.753401438401,276.30358000485484
961.0110860466666,327.78851121557574
1013.0809139315243,272.90547435976003
1023.3659050598003,339.6429826533005
951.7499841598683,288.8758589198802
1008.6027791848082,302.0852138911611
997.4483489522859,311.78276543145375
969.5987137758858,346.2749657542123
973.8723019590989,280.9254655754555
972.4891483050916,370.9062000808961
946.7016306741994,337.9308224981814
1015.5365518729457,354.1969379344801
992.9163928583088,299.7434993613105
950.5482032720706,292.05451508122985
1001.9643069105133,322.34965886352364
981.1881324008557,304.2949703708814
954.7696176221084,340.6854553504959
997.2866758383576,346.1242983532482
976.5966973357104,367.9326278533206
1004.817373560455,351.331475373817
941.0170292946941,320.4063614749527
949.8725619232748,297.5251435344043
999.0189590636618,354.4035025827262
926.2708589103293,347.4845820023727
954.588125606601,314.34471419246535
932.5533919812675,296.9263300774004
929.3326990829612,306.55591882403985
938.1012485485037,319.0142717889194
941.359259858333,371.4440227113595
929.2291379773139,343.7410786766499
997.0908732663686,356.8204056452177
951.7428881433608,354.0384533678929
944.2266115811351,290.2011314891083
955.0847376402735,322.64465308322764
938.8303510965834,285.3776604909709
971.0512300148274,358.5370667419608
919.7221796176188,333.62865185519416
909.9278906072041,328.03315016993366
956.43264062446,344.3581317890947
986.4765685267478,318.4455665708269
940.6479678200762,335.99787458605306
935.6195510871313,328.3685228228221
975.1255392369566,296.29736597725315
991.2398313628373,297.396502705637
926.8304275966416,279.05845031336463
984.9486982621718,347.1007459224779
971.3922444882166,296.96789687517105
966.8315906306761,356.6690786639105
967.5214766802927,350.6578014013463
963.4827376209195,316.7069295675882
911.2797203932761,292.5449112338764
970.9629181577687,324.3572921609508
980.6853931400119,299.33017838537785
971.1373193847343,303.64756589243
967.5598456530854,318.35080496688767
963.2438757839726,268.5032935321293
917.0693534647087,342.93855660799863
910.3147502195847,295.39212508769924
906.2936144846167,307.3641183818337
980.2158340308176,323.35467873685786
944.2915111516619,317.527890356268
938.1712519381257,323.40566148938024
906.1281700418872,284.4791500104964
961.2793765071087,269.0722287432124
957.4239458004865,297.82012262956
911.9837589592466,301.4742055581892
965.8132452604741,335.1676974275673
967.0594648939081,302.5719216520099
969.4926819615587,293.55831079011455
953.8111244784822,318.51302578201
964.3644805758893,284.861120765502
989.950893737823,289.8054454713248
1000.3822303460138,322.48034033730625
959.5021769927966,252.72149192355764
920.5060199663685,303.40979223014784
976.629706528066,331.68358374298896
930.8433292693942,278.4709299031837
951.054097168841,324.22118051399565
998.8271265166481,285.38226772344734
1018.6084078434183,269.0679345533795
976.696277174029,297.19868800657935
935.4763166499404,283.8648428777937
937.0742418246833,282.55204295420975
969.4576989811536,278.1371488913482
964.7455902402945,334.74505486715907
992.1446660211261,318.5419952551215
977.3339946329894,276.7459251281211
941.2535612343872,282.86729059845055
1005.8074043639407,293.086016741959
956.4725797666184,264.35654585678014
987.0420072007628,265.02536481932
983.1058192776503,290.80773045657685
978.5489928059327,286.76280369436006
987.1666270541235,264.3850101798353
963.7288028076935,307.2520565537896
979.5920971698388,293.96900060733935
1006.0676652301592,328.1327730700798
1004.1998046382286,268.47660956327843
1017.3254262231541,291.7699062891429
947.9564473517737,299.2289108227278
978.1908838252917,324.89076401845875
998.1985465635267,298.1485928980325
947.280210522183,285.608268187913
1016.5324282058184,313.2276088199084
962.9652471681567,284.7970986739262
971.2816085023201,337.4944357047141
1004.8044529551132,312.8913426164284
997.5374313801683,305.8357282833
1022.1437270636402,301.6645877840522
950.4797229560457,327.2004595551167
973.9969943666333,304.4711898124406
1002.0417219083422,321.495368379081
950.5558708032161,360.88966611223776
961.5414480649285,316.91217206086867
995.7464062274753,340.7649442793769
974.6902467653655,342.6955767960105
1020.5949499869896,295.4659701702786
979.6102049484451,324.8046738590456
960.6469638557708,345.74153133806175
1024.7620597150574,325.5668085784024
1000.3178786018221,301.6686728852073
1007.476042151477,291.21360806775584
959.9968010201849,325.4750972651106
959.8329100616421,307.2998182949093
1010.2949103104938,357.10845013674225
948.783236983131,285.49184499895557
984.211229154871,356.15328943105726
931.5239889237258,359.55736216602014
960.7174656021652,333.780863902897
955.42749698869,286.19340805321235
924.5483280072677,301.2589198714816
933.5290528868545,333.80172575780557
1003.808111189775,336.52752157619005
1003.7504698229495,356.7861833226465
972.4442409452828,356.6874648371688
918.0253322480734,356.45615304475837
1000.5556056095609,349.68150235031464
991.6574113411373,348.46717237432176
921.6455139884145,279.7142240386103
942.2201380705384,302.07434704541845
983.3807973803803,319.8856797480659
918.3244186756643,324.1818575569846
961.7401183528231,284.8631160790646
1001.4618365631237,308.5519427963049
979.8954219743091,293.52302386305075
978.8181309698524,330.5037581233516
949.9679886654312,286.38029292399165
919.4233898074094,291.5406362870182
946.9216545066591,270.7793961329651
938.3738950658458,325.34333913348485
983.6825533156983,318.9719343799449
919.1231089403075,262.840271483774
990.3108539512688,281.352023690316
982.1062419249906,267.1025529745372
977.7074554329037,282.6671353253437
995.6686999675719,328.0734813107979
984.7381177365373,271.5507798350944
940.5701127958564,303.7709096923544
975.3453187396788,316.0416775900343
938.2013190800303,303.54711837880683
926.5012414012765,344.83227418511393
926.6056107519489,278.55934714455987
956.3576734859384,327.76702884437594
921.7169356456568,278.26750366639305
925.5099010779296,278.120041851568
1010.6687931621452,304.7609736539336
954.5750102096692,327.10157593189984
965.4672987479312,310.7111685241481
973.7442952435536,263.81683333080315
938.4918493501868,304.85561439958445
1004.7226365725791,285.66832617055775
989.6680959581902,303.4275807246983
955.8656439215727,259.3615199917179
1009.0761257114664,321.5932963742747
937.8239523546357,275.8693694067568
922.5131359048306,293.8235861129072
1008.1856566731994,334.0533091221954
1019.1052169510472,324.2739371659511
1028.355856403461,260.42843487184643
980.9335704607051,294.4903566306516
1023.9978469009609,279.2302484291908
1007.9388743720895,288.47827762378733
941.9369028977317,327.5909229543842
1002.0013981625123,300.8478357710532
1017.3909055447864,333.0494025045752
1025.5074052353793,294.7436850213667
942.9786756378622,306.4891992865994
955.9927799948017,259.5970161883336
1028.7751432111233,321.94416010163354
1022.8876339200197,290.0291655238142
1006.5920707835876,323.7951436114363
1021.537269109147,307.3487626734149
975.1670522249078,299.1792362620783
965.1726834448503,291.730363481476
962.2877523942225,284.27175382189114
1029.933888686535,294.00425564385836
970.4967849998462,293.09862047859787
982.5967634359125,274.11538346781987
991.5735772954401,300.20962749458806
972.8298133166525,342.99567903913436
1031.2808193817152,288.43102588544326
970.4134042205654,331.2610720054337
965.4341108103388,334.63839933328296
1000.7892973617846,339.3679996169378
981.9856832154718,292.0267202239455
986.2260285240285,311.3721386258195
1023.2456923607112,277.1834671216038
953.910454708774,284.2424038526483
966.1164382813309,339.74743516209867
945.2488322007923,318.40988019375953
1028.8431788916632,336.0936608698536
977.6706304897282,304.9757710509907
1011.7302380246988,329.867245065265
1005.4517232863876,284.3042871875118
966.0433935642935,343.72876777231284
1013.7249976152673,328.9733164437197
1008.4125825275391,271.85002194181413
980.5237539695145,307.6181457026624
994.511294981527,307.51192658507256
1016.166811778768,346.5430248644112
955.927669042619,353.8859147833849
1005.3163397797836,293.36720870464944
1029.7757099376156,327.4617382986719
1014.2203430106928,344.20436939595646
1031.9323063247232,279.29090303250956
999.8432367067699,274.7721152207296
945.6115176107439,277.2979549617067
1023.0458582343797,313.20922559693935
950.9701386149943,296.8779026235329
1030.3850867866606,270.199967195506
1005.9485231305255,299.82082509868286
987.8399392769176,292.04908664391894
1011.3294446619841,288.40265363705487
981.0027420346878,282.762649858403
956.469103048332,274.9609292083231
972.828205857538,350.5426460163584
1007.7618516005067,340.4829977858854
967.7029702186918,295.90411490695743
1015.0950274652992,340.5760319987777
998.3312070502409,274.5879889178999
937.1440902541441,265.5546388715258
936.3352938418456,296.1018312062895
945.3038779245687,327.96465984685926
966.4464749074173,264.6540517065271
974.4574012290514,329.6170411980171
994.0073334986406,288.6582951807235
942.1328532898485,296.9716876448357
975.3316101307296,296.3674806381613
939.7798512449025,303.9863687714643
993.9218928268558,325.9296059975225
954.5181932146037,294.47923879051433
974.9748250921838,294.1984908716951
973.4520653626065,284.7542648239338
920.7122693476862,271.12523040069686
949.7177938425635,283.736238531412
971.1797991295673,328.6275899674289
960.3948445249224,332.87665885139626
970.0098107048678,332.70426378081027
949.0461003126416,338.47308332056025
924.8609843848963,332.93113827915727
939.1442171866705,330.49178360883207
981.0465413970733,258.2315578679366
966.8525102814185,335.2651846457866
925.7311030764694,265.91427651810346
950.3881352248918,257.61717662859337
915.6938041605537,324.2276872874759
921.4065118218118,301.5646843102206
945.2977637806171,299.6079849261482
1002.3933058527354,290.94111314330803
1003.3532208288519,300.73076264614645
974.4311267801206,309.98706221552754
961.7699998634835,309.0082253433653
936.1189954590121,299.3090094564734
951.186341755241,287.774017782577
963.395409727199,319.7495528843392
970.2229591814676,296.54780493391667
988.3522662558184,334.0988429802876
995.7699800579675,324.4960473875558
975.4559175212642,269.96474408554246
970.4422113108457,258.6943788445246
973.584435849082,257.2322548466431
939.0688582773814,330.40823064344755
944.4713483342293,287.40971084099823
994.5154620913554,300.0442538198997
953.9143727929794,292.6069418054962
1001.6426352506567,322.44924503748246
974.4717999713401,287.25728155362026
964.1519819845146,267.20176853130357
993.0879087060835,275.99015566428056
958.3842454727578,292.6698146906212
946.8381777325436,286.1358638843359
914.1498900958177,270.8671560898679
947.0427790942545,311.3340045762008
967.4423803468082,315.59955469241163
914.6198740148551,257.82989017064824
961.0475948990422,278.31072308546993
961.0398086003216,250.89201456339214
953.390743937807,283.67440642041345
950.1707777638669,286.54476033796794
986.488631005107,278.9214329899303
934.751758314625,294.4039791156306
944.8559061415788,277.1185258602381
991.0176918276385,251.4984858368044
898.4266657774923,232.1152728127605
877.4917741473558,255.16054660106414
873.0812326023192,228.8121889475198
829.8545080743422,267.01902037262744
830.5481091939886,296.97232484093433
841.9751690995382,228.45817141584348
866.7752583935708,237.68455004068616
891.0926884750559,225.35059457259857
828.5702244788879,295.7325767839102
870.4436333449268,250.60477970492752
910.8072527486592,293.04809663619335
905.8503071891578,280.4390027747576
836.3270030479462,249.76673733917815
875.632725249476,244.59645388931725
861.6824708518434,295.7699599010556
815.3742060336216,216.99288551633947
832.7208119065674,239.54008029340994
824.628152709463,286.8428951494319
833.885023722241,241.43185449333208
815.7913068985557,242.62156858406857
874.5300530167711,206.01949856484293
869.2785391788269,276.832410922392
839.4091308812607,235.58528899894637
817.3028857509125,209.55438043615075
832.6428454336033,247.89924135763397
837.8602632578288,251.26344347127127
840.1631932211928,216.23911485770935
848.2651858732162,262.28203365005976
822.5173761305612,278.9753356097907
777.3863220769404,269.1228636549539
858.9983823348443,241.45454479486835
786.6519848279012,281.7786683932105
801.45628619261,236.7559915463927
851.0592442997672,275.2757461708609
801.394503610004,246.5400713235125
828.2974985333196,224.9653289516537
832.9792589934042,199.1472153432947
776.1226330333277,241.78453867871164
845.4545119270537,213.30634044983117
836.4135965569927,231.20170384107456
810.9733290457006,214.11961512120345
847.9617972711089,231.09781898829323
794.2318861505133,231.50608582296545
814.2407006876318,191.2139325138444
774.9239786255275,242.01859842982302
751.776950645318,231.98207147728434
753.3308492632135,222.67437067316803
832.8530497820826,228.3550404116491
745.7292488182458,244.69166925166013
812.4908785646508,200.35443538590758
830.9224869601586,198.47198785744945
758.3499150668413,236.1055064403045
776.3362446959887,217.6512753504436
789.6029471887676,228.2595940167301
762.833130049212,226.8678585349257
762.724713845735,209.78666892465554
809.8606918735359,252.43581099881789
773.9772968973647,205.63093036548082
770.8219254193425,193.82641355275433
756.9187976439428,183.1433804668884
779.672117021913,248.41604063539594
744.0895278820115,195.88640487109816
794.6470439061649,263.05575517542894
723.9649371660432,236.0792536746801
714.8448105869797,179.75578005412132
731.3066407373221,198.16381245791987
754.4677631441574,200.88931878811619
728.6724808511684,203.5116954030756
727.793800008934,218.81407390017603
728.172412419361,231.46007451662751
788.1245982179952,204.94445634926097
685.4519171974866,222.65838401024138
687.4982664496124,197.6003100965285
712.5744837798429,222.5349290545007
709.7076600428052,179.33060806186754
718.7477860890973,251.23608181691867
756.1570943794836,211.72389387241557
709.940926100516,206.93889871133416
728.7584300185647,251.21492228713447
698.3132827520587,226.60050071924024
696.6759552222219,195.07543936525843
708.4517392092513,200.00932245842114
749.8721154186935,232.68183592014563
704.1282207317533,197.9934020296661
692.7665776616684,187.7144095009858
677.1979071675149,197.7722963762332
652.8546179063773,210.46354830562763
668.2323077779487,186.0311294868128
656.7821947450095,197.6302203636734
666.949597576765,207.7633709762883
701.5812689756391,190.19909496138686
731.8331951318787,181.29286962263228
690.9728788911513,160.52327170033135
709.0438934251468,171.32476293290154
736.8025326167319,204.87809497642124
679.0342845425844,197.42650508956788
720.4713735392043,198.99497082307303
709.8609786994057,246.69061031842924
730.7037505070244,191.96797614096425
704.2664626715951,181.95908368356996
673.4076822485551,208.96269122438954
699.2860876418847,215.66392265599663
642.8413260182542,167.34550417914141
638.3907378584225,173.66580647706317
653.260318302666,240.88600709716349
679.650981383199,225.46718055505283
631.8334965973613,167.20207678988126
700.3103239629185,222.23078657446618
629.2403859502446,236.39174391654268
680.1487645120811,168.65277074221916
641.2849059416978,218.21464243543218
705.8483395512861,244.0487862294118
683.3518475406136,220.0980623622751
644.6767932184471,165.33418104850008
654.7687727359615,164.1872771195004
658.6228587443223,162.2959745761123
647.1215241748066,219.03192811278686
607.6338037090333,226.23847945810513
617.8079233902656,239.3091515363584
666.4497081122819,191.9347542605659
588.9600759091539,238.87801741266867
605.1147480942316,186.10286286254154
609.5856328060067,222.56679543480274
583.623239988395,198.76120530529298
602.0618992245448,209.97917576129163
592.1489325742141,158.2533882235208
621.6159151873884,163.88716940084413
542.7074298043921,205.62653992441244
595.794317992843,163.69702046590368
555.0647874056797,201.69888749938866
563.7618473441019,179.4127720327565
542.2344461305435,227.1822816500004
552.8176238137188,234.66698148774753
581.8349205484438,236.9393071511589
541.5048203818105,196.25446094551523
622.8688361289719,183.1346907697524
548.2243985723024,237.07814899278418
553.670297947184,209.37360028530546
621.9137308586658,199.92854160180443
627.2823539569997,173.2127805699492
571.1589346613874,173.6578401324982
536.8393110750499,224.4116983551707
551.6680102075417,236.18069002812337
507.09917014062415,225.04984891051106
520.2141589810882,197.38716130582543
536.7604132522537,219.2809896733671
571.1261539071536,233.88810197424596
539.1305576360032,222.69928819439278
546.4107922484363,235.4376562031796
538.7752048713794,234.13108524419994
572.736885997998,157.88000533216842
520.4150280998716,215.25582158361016
575.1269601089513,175.26809583195396
551.9189147438523,170.66874978012282
535.1773723495533,237.13742203149306
478.57105849328104,193.04413988832124
528.7781245774605,157.87933894212136
515.6683152138621,206.65828928891085
545.1402056827689,221.85539602541016
517.8732308370998,163.2855505417757
558.6544649772632,202.18534160473803
526.6220893342909,168.85234175322202
519.4050805612216,173.16409200835628
528.0957786189912,154.99650963574697
518.6548102590947,223.70808846044147
479.72961742510995,180.89893832371922
472.9878259160481,219.19199152248768
550.2985835261165,156.0467569418855
551.8572107967748,221.60383984494518
429.6352664836862,190.8680012719322
448.20477063170466,213.88453614126576
474.63917085017886,208.64237746591465
439.02228451907183,189.946517014763
482.25446007901974,186.45737844296795
464.08157149278094,235.12795141055437
448.77779419470096,179.50600137769095
493.2252798462764,197.03536854581515
461.0882760758648,168.5557243866946
439.89834030237677,176.89775571538462
429.36006032465264,185.32200971089912
505.5817156922139,243.07779157419762
435.40001537476553,162.9100831078247
465.4188644685944,182.9143875219187
468.7756738277716,196.38377866458944
404.58405432458915,177.92454350144143
403.6734634469528,233.31987158779873
455.3011376753549,168.85870224342932
434.90761975335744,168.5887024389453
421.7279328719179,246.64279001178932
406.51107914719057,208.84857362064366
408.2040214015806,206.878446328371
463.05282105850074,251.0662787618541
481.37804657225183,251.96143819873083
477.5905578746436,256.1646366993801
447.5789668122944,175.3402199561553
473.21002939766663,168.700026651716
437.2838653723809,212.49179064677307
491.78536523034006,652.4307410220167
497.47638012157313,599.1772518813164
468.22399040448505,634.5862346001283
449.7834063505477,653.4780383669506
443.66026418702205,636.8152574535952
520.662640151971,612.6864510416104
452.47950812464865,653.2048662354998
516.136215712311,588.0959004974503
486.3877130491409,648.0332492373009
457.7295763134065,577.0450342485467
497.63786758829,659.9641341113357
498.8588401128479,603.801363763007
516.7651099683529,624.9583424299367
435.94666813971526,596.876723951058
510.3529913026203,649.554938980194
497.8758803391006,643.1693407536147
493.56438902990715,643.6197131204153
510.8230611048663,639.0779337293174
467.2577374922045,643.7979310633689
458.8321236806215,596.4380137330796
428.95898373095145,604.6881249701449
431.9096358018643,605.4623446078381
490.49720481506193,613.8685312753685
501.54048728881946,579.706959230466
506.0961384194243,578.6265178415933
459.35669780306625,640.6512877217851
459.54002649282677,616.836931383566
476.9987444975094,624.680440925789
488.6586643216601,639.311930803142
412.68027572292493,637.10380588592
413.76252436978996,631.6828838065395
487.2870890764227,658.936813818384
473.331947473179,653.6294851078103
485.1881592251532,635.9798055555494
459.83999639325566,639.7113331496034
484.88445363622736,626.3843046083354
482.6350978027084,627.9872530965044
412.94445189605847,679.8725985366449
445.17044683472415,610.5473687454759
484.83338121383076,602.3468275585238
419.3792798598051,611.8190653792647
416.11716931399275,590.2606317127212
425.10207389164793,639.5151030301654
437.63601134929263,661.4559587400436
445.49090229496284,608.1520642306723
492.5605929567124,617.2184939939256
463.27171570379346,624.8693679470102
467.287306155323,655.8522633209686
430.83748690646485,647.5923177347394
425.10917403268024,677.4355921765448
443.3208022045579,621.5728671372838
484.31282286740196,645.2881435879017
441.89138221787647,666.4535136332986
499.27685459024207,652.7417244369044
495.34903431639657,632.2471331916754
425.4304361532709,626.3729512248711
437.7622893402254,612.9959465026346
452.1369122600231,595.0404350187872
500.9100671423232,646.7633183173299
454.16527887640024,664.2522456546664
435.9652454736235,609.2307454416699
492.4612783848288,610.5012774608524
460.8518289641975,674.3470406543086
492.44751811095375,602.0953669628835
448.6911370875324,639.5195351417603
503.90926668178747,662.3443574278497
451.9536185671932,632.5714255678643
476.0303252810975,629.8323226945084
479.1313387225694,613.5022622171809
494.8430127589282,602.3963056406184
472.0114576674198,652.0301258903792
452.4120338414578,624.7840731341987
511.07231635730716,643.9297005703013
493.67982532991533,667.3406639975077
517.2359036033882,659.9544182385486
467.8493429728374,629.3486587927398
456.9245571061987,586.739760199327
506.9012130098323,661.2616160967666
480.6572642117183,605.1056043223609
527.8715316105025,642.5700119201512
474.6980192775709,585.0515046916099
508.35780606715736,585.3594847549399
514.2982695190844,587.5367626781554
483.97411645841726,636.5182004192205
474.46669923663205,657.973824136868
462.0665514198868,575.8632932871171
509.6860125432361,616.9288280195971
453.70532693277596,632.9525475933747
453.58379577855544,609.0620986829111
472.3580225135933,628.0494223992184
496.09347449848224,599.381203772198
531.6975498159612,648.983845978515
486.44954894488853,608.6570850051514
463.9254704877158,582.841006906371
523.8709084647691,594.5928508326451
462.0410907445999,621.7712897333773
467.1204021913644,580.9494435983135
496.4875570331551,581.960827826028
526.2972547302509,641.8369809591015
465.7461037479293,606.899262641048
519.6021713479577,624.3104102929291
442.10004445146615,655.2780878852669
470.35527110832936,616.8782248858116
473.605309791875,585.6725098453114
444.5198333849639,595.6466135916093
503.4511081937384,583.9772430529957
451.31714218553464,594.1372117430207
464.3315372072518,655.005065177884
509.64691583198874,623.9968855740666
471.5718362788533,645.3257277850211
474.75746158247324,612.1150435583093
465.25322817130694,651.1539831682684
495.52463520788694,638.7860542706185
510.4754435979687,650.8770576315837
503.32336942503036,649.2593493184578
445.5291229274092,618.4112035266255
508.3068354019963,667.5480385521414
477.5346375705579,607.7934609523796
515.354222665693,632.3501877996125
432.81622714656567,641.3316832576356
443.79499703606336,649.0664440515235
479.064107626646,599.4664850539131
516.8488825229765,588.4019587404638
442.5176934000578,660.4676036803908
473.87674657289074,626.9858576494054
457.1842682386922,650.793269008372
429.6943285941802,606.5943649785686
426.52684499666293,636.8380696567863
473.25821126038716,665.4491215037624
497.31294160151253,609.8609616780827
473.7699685498692,669.0223014360979
478.2561658618871,611.4392410096777
431.15979392184005,667.0879227841607
441.2690838095989,677.6505179086546
430.4803759526311,605.640072991297
427.8990760955991,680.3256897314691
451.8305720152166,676.1710803432838
443.910392256547,608.73290769651
471.8572599730322,683.1599940913915
424.2172691887319,677.6315866910235
476.4348313201433,672.3916640472104
436.9150478589174,662.6253248404403
436.8051602564422,642.6730468633425
456.3395442360099,646.0437538080807
480.8009536995676,643.4048366404502
488.48412446849704,655.2131248057734
502.2161692888029,677.9771440693326
457.6703375201564,666.2614213140039
461.36761470302497,617.6770973988005
517.7748052307229,634.09886460969
466.7681687577576,679.9255790427254
496.27966250456313,636.1344395721104
444.8659660767891,650.8227000944994
488.4434661606775,648.6100014828035
515.9729323395312,628.1657855068194
490.72079273898987,613.1104556191168
466.59993848138026,626.6531061587365
508.95362623614466,589.7740715323885
503.2561439002204,615.5387183874298
459.7818489919834,621.3487056117128
468.4707656830826,596.3069098919243
439.0631990459967,595.8065899833563
493.14370180927386,621.9718495484456
518.7858017304663,649.0965509136098
479.2056849841967,630.4483009514444
476.05128517030676,634.3482431186566
516.1868771682158,608.2242364852181
510.75237195369016,596.2981132628743
472.87255747502587,609.4265589944386
442.39924161162753,651.280617756127
436.2929658045874,639.4365612471234
502.04073930756545,639.2906126305996
443.6021541574145,635.3734346790196
514.2224759295718,658.8137183007857
507.6217709620982,626.2965765674483
509.8586821798478,583.793862960252
445.9180329004775,600.4971792133413
480.4784263428746,603.2644370879128
449.44744031257835,593.0553878836021
518.0795435401199,592.3911375261072
456.63000891455414,618.6707512558748
465.4979645324711,642.5905265831012
444.0295082884803,605.069016961771
460.98322264470323,608.8500224350538
460.7818274165759,641.4832374545832
485.0346890515588,637.5735434270655
497.43090093086636,665.1564232494898
449.83399423426914,613.4771860810847
497.9118487975113,628.0479247485086
441.7943173391078,594.5604684953347
484.56866968351994,657.4902665342031
456.8401005449207,605.4679431134233
460.4721774346531,590.5908279808399
483.2484941007674,639.4203818808777
471.5529874026705,609.329740935683
497.1840628046512,662.6567386775423
451.339876702457,615.4406623710529
445.51981273860343,656.4618374927884
472.71593875689496,594.5018983284359
432.2740053980706,629.9546908175063
471.6842273888575,632.6944095525756
495.6763263407534,612.4211780072452
467.0402655768953,638.2082151966218
470.8889790423568,605.7482511005571
494.680002360857,660.0138186515952
492.24722933268094,604.0853034932916
441.9374320537809,602.6217804134035
496.340710947502,624.0107828982932
476.70243588674333,632.3326895434915
485.39594048909873,603.392558718615
494.66247767064283,657.2715793302225
444.2753321093599,681.1063907017055
468.0303959629812,646.8850810157775
464.6150063132927,683.5732421270416
466.48363376328473,620.5260503460632
434.03095340595013,669.9931314158779
495.15477211732696,659.5392684252984
453.4104994096137,614.6618678795015
435.50177932138524,648.067119837255
498.6750135566677,606.5243466230223
471.54230074878643,654.8935190030835
492.09723918153253,626.011014680462
454.7149174140926,670.5334241178289
452.35788963273257,678.0753171921085
464.4728080049654,605.0611296158232
822.6949251660715,643.0725270245362
761.9869756471945,580.5071719657374
777.2574319270786,581.8587657493748
808.3445543056148,597.4292936357123
772.6677993759065,650.6418514063888
797.1053130757857,650.8414632518104
832.1769261117479,592.4684815813594
764.2341722986857,664.8360358883269
790.8270999806165,658.3420838346728
766.211368274416,657.2202586802994
786.8964405576298,655.1515634669254
745.423969740016,589.388642495092
824.9301399133191,644.009872116548
808.7334424599214,626.0964234182052
821.7239308473341,630.0666089088227
753.4454916571029,592.070319363685
801.1863350427325,640.4600800596107
788.6165012618533,631.5096117665022
719.6239222184519,593.6810096953842
744.7882250916872,607.8171087585866
731.139913570334,642.7109003120438
720.8452639791615,620.5134168428053
774.9869871492749,636.2716785399825
787.5713157335971,591.8607497010074
779.8345274962899,591.2671277899861
784.7247240742664,602.780375920576
743.4246070688089,648.3697599868601
747.5489213926778,636.0069371792574
730.61234011323,645.5786001693273
749.9656517626354,656.3214262004606
706.0340651083754,597.0832508700898
793.3308676560603,676.9393035739968
734.1615646627492,665.1284653391291
742.7288968204958,665.7573256258019
726.3168579033772,600.9470925786009
726.1179858743175,619.8301449665211
775.5332209396204,611.6579766669339
707.2620958872342,659.5589786084654
782.4118679920326,600.5845222271696
722.2537365463704,656.2644887940575
757.3820512171224,599.7817118495187
778.2569677922518,644.3536467474923
727.1484859055896,664.5615672464421
745.3317517045625,648.7073877906795
797.9200302313536,617.5558386469764
741.7189480726802,624.996735054698
774.5474528405601,638.7701834379659
770.724103568861,655.544619029036
730.5528086706162,666.3798534038069
730.0394594612429,664.7920026867727
791.7702298471482,684.8530541297542
798.5908270180762,638.7052351301089
769.9790650519201,602.8191616077111
786.0578218690949,617.1920505214935
731.4525811004664,661.8572021262802
747.0923927842387,621.8558175123446
723.9430812179141,638.2731525948595
813.2549891133052,630.6697538776152
816.3854935198966,653.788157482101
733.3860952720198,668.8000885817962
788.3717450814554,633.1620451612515
794.4375163291688,683.9200753750537
731.7951701797813,635.8952950876915
772.3903398743703,627.0131470195283
812.5303772436864,612.7605067280143
772.0180088180624,610.3158475352
809.8861909662216,605.4952860725604
809.3125458828874,622.091131969383
756.6769041440987,647.8740031214899
769.454807573224,656.158426156897
805.3389955014624,658.2806000597542
760.4920623312619,609.0554151060969
770.8814246016684,659.7478475894919
783.9248337305694,676.3440070473362
755.5770792434989,614.0263235211766
788.2847996286021,610.5557062554318
794.7147518397056,611.5434009740148
793.6306532306523,603.6464965290849
745.8320583941918,661.9951540300231
824.3919642396482,603.858018780718
773.0610693076952,632.9233450784783
788.2891589906056,591.2097387353126
746.7722631195561,594.0541085236399
751.0361850858377,642.8764194729309
823.2189952078331,647.1584232903139
814.7328472692303,653.4772779290329
752.9590599435945,650.8018813357492
804.375230964257,634.726814603224
773.9249740673338,613.8984949453913
798.4171883376529,656.2799814729487
805.5842647018561,584.7443181136941
792.7378414410733,652.9859757052407
809.1095681374507,599.5655936891737
810.6004397855488,656.7141006721464
757.4510032860301,584.6638722677801
783.0190501205566,612.4209110517222
824.4316218436129,661.3804197138122
780.3719301048737,662.7046473768935
807.8656364193961,616.5865968830548
788.2695340662244,574.8557003954887
806.9271368724985,648.1915624875727
733.4266478200379,622.7203342112592
770.2862746678217,627.3056959431283
755.5501065658449,637.0637823682766
731.8021308973774,653.9756714272988
795.1469051255109,662.5262496939736
751.3251631148194,646.3474506584079
727.1497038864511,579.8733059128907
776.0008440538305,631.4939942971527
741.5545117100646,617.8593450553502
774.1862086733598,644.2175440345464
801.9203907547212,621.4353699380691
745.2855040201391,604.8227363744713
776.2844670948799,630.3101901438623
761.2385382525251,653.4453425345882
760.8233867260834,667.35695837541
734.8411369862815,621.9967212506904
742.7673812693896,644.6217937660952
802.3779373873551,625.0969008848703
761.1660999768376,641.5186824438339
766.09515505865,640.9923681211967
788.5897288555175,612.6077332084853
756.3256414340038,634.4374963168835
806.0886076218299,619.8680764548943
721.5341496778167,589.1554050155377
735.5974908874831,605.9743836707206
739.6698890479936,619.4540096248145
810.1105144718961,668.2058293138133
722.0395196042866,606.2009341205212
777.2557911037184,642.2123054022147
798.7992808440299,632.6598944791377
745.1741163375976,685.3015528510849
768.7679562876392,635.9941206637744
763.3515002865801,667.3781702714386
781.7922628048635,682.2808016532875
761.9305743712091,677.0115689577735
778.6482806929967,615.8781716235059
734.411143274656,667.3167688177872
788.008411160537,619.3674289689986
800.8040370448903,607.7584751940541
779.2495955739748,670.4799863556591
749.8237679510163,658.981629766997
798.5747549065744,683.221825776988
794.075314257324,652.5611029809186
744.2532788864853,677.7382189893899
783.7607082362313,642.1442779401716
815.8801717745208,665.0719315524394
760.4606164584997,635.110394492027
766.9909019818541,679.5828321331119
804.2166359094945,623.5908661518453
758.5909462560793,639.713454253894
787.3268505999378,674.4525699449892
826.886852681659,669.5240443785493
798.0417118252461,646.0208617629845
800.8944693045795,641.1616821856325
779.5475299890609,615.9067395894612
779.9278439515682,592.8437594641507
832.0251411240923,618.1431969779975
809.9176226346488,587.6138608217175
817.1932921067614,666.8811437133922
835.3833636038755,673.797775598636
773.0231319141944,594.1671208384076
768.4457460294392,661.4446617856566
813.7034341593632,654.3167832196336
831.2822747963512,603.0693759815031
770.0286071695893,632.5400822594058
769.8010246367761,654.4758118922292
826.9930460727741,650.6337019519217
825.1102902414598,643.9904382176944
781.3350863974995,565.0550339105633
809.9354635717891,599.7825374924076
782.515441445836,625.4592639105233
844.2202742884166,601.7158683192949
781.5746407033181,576.08642874607
808.155328995577,646.521098934908
860.8177394072404,619.6559278604298
783.7695177898313,587.2772914436002
783.0174325270802,596.909257396276
808.9518191254141,642.3946456923208
834.128760767426,568.5173167574774
846.0655327243651,624.8690292543789
808.2588170751388,580.4376306864583
842.3017026243385,616.7796236379687
833.3629819613161,615.9449312523348
835.2071274907614,608.6168132698608
796.2040775765915,628.434817142525
794.3828134128629,574.6081009104365
777.5836151661397,628.536345888966
823.0088202858069,557.8674834791849
796.2884532937001,622.2535545527575
848.3906931353805,622.537504512515
794.4337429558541,568.5351980089579
810.2563364556577,615.3819753968905
808.6857997133955,627.0088715276197
856.3040767013294,547.4322202035117
839.020784064531,587.729883614492
852.1063034249784,542.0286124396399
804.2600928604952,537.6152225182649
821.0685568471075,595.4556499574315
802.2712830174771,589.9406132792011
817.0523019891499,553.2813491623532
773.4097037194647,592.1427890838845
758.8029854340854,551.2647535426099
840.1865436529304,580.4578922403426
778.7199037875014,554.83446042142
766.472953434659,575.7941265745083
843.4374138391671,579.1627075510737
801.2842404009303,541.3513162970299
764.374915997887,575.3191328383457
775.4531455925969,600.2104747615689
819.5971880580611,588.3754986583806
738.181214848841,541.6872877208838
770.2502566290607,557.2426175799291
760.8139499688684,550.5858711493114
738.088752965063,589.2750506734271
821.7373369076707,564.8127993286005
752.5472971026206,577.6710627995855
733.7893972130837,583.7367117585532
742.4887204851184,521.2349941495642
733.5926507087358,537.1424691017526
755.7837627130147,530.7789107382556
756.642240723548,559.6469015125389
788.9189177187731,531.1673164280353
764.0985677997769,570.0400033523657
809.7103331437377,579.0206296598467
715.1647064483252,611.6596852361354
734.051462437442,588.2166720280495
726.4878066216602,604.8737658872475
777.361558598486,597.7312083300337
722.420152244092,602.1657119732388
735.3071850389919,533.7799991824419
739.6115465654382,568.4127125783912
790.5966376115749,530.1531436517753
706.7183235058119,579.3468749689613
773.6768600325111,587.9345690483028
756.0101191606021,553.3984833964581
772.2404577320367,560.4995553213187
758.954543984016,609.5284475546919
718.6981813298875,526.3486655926221
738.0983740617276,575.8167494056214
747.5076751540764,550.8200416898525
753.629920309077,578.9238892182514
736.3151066280478,544.0745877842144
686.5525844766327,552.9768443019856
748.3907502159561,611.8681402819404
727.1685570315791,611.4785912642924
688.0874479401836,597.4552076260449
709.8459248444248,623.074478443475
721.8786030455041,616.3677690943657
713.7343689814111,569.5533054511851
765.4448325428365,562.1233293673445
769.2582448861135,563.3939666260771
723.4738902552348,621.4912806976183
712.8979223421194,577.6740450405733
736.079992140669,586.929484278784
750.2718758994039,611.8807257765998
679.6528916876217,647.1852685705967
761.1124071613042,590.3953134598712
715.8422599580591,644.3639991488886
705.5359694157298,593.0826293977749
758.4863578575937,591.0616615558572
678.0598391022658,591.9622344698653
690.3649029490944,602.4508927682443
683.3450947229866,582.284023238138
740.6674578701405,580.1222337575275
698.5006052614358,617.9097823824486
742.1093457093058,653.196731962157
747.8983425933519,687.7981689556284
736.6673697205792,688.9714605195412
710.4703054829092,622.4419595605073
705.6819751165771,654.4216487201555
732.6082243374943,643.2368284261918
737.5215429718544,684.5467745041954
731.2587131537019,636.3770869283828
757.8957255490507,689.7118852706602
762.200369275873,688.1105686997809
765.2111342787923,642.8714332376812
756.0853830442372,665.3316609636822
760.9197150048991,674.5392865617582
698.2320182016821,655.0462283121511
751.3043199348301,640.9285259949471
750.5128811043447,673.5679152512057
759.9542847171491,632.6757631543493
757.0517375444525,702.4014898361053
694.7643179185708,633.1294585256397
758.5256117441272,658.1466629609977
700.0041418157717,622.0948635982095
766.3342274227117,657.8662728951658
758.6895971021268,657.0580297829525
746.9781559230045,646.0165432156007
708.3382049821795,641.5528829044216
721.5229369981276,702.9228121198119
747.0311850275448,704.424071489006
699.0551557356681,661.9256433584804
698.3292269908188,697.1336909159272
758.074188513924,715.2914737654565
792.2455201675796,661.7939559877636
801.1879903949723,651.3895382248658
771.33756100829,710.497847342393
799.0498991182029,648.9178408745688
731.5824092977795,678.1073499320885
765.2961530286859,633.12566273969
804.6829811087337,638.5742820912217
731.7759364573321,638.0685051190768
743.9839517078807,667.086138217242
756.394365713459,691.3792987523536
760.8912450260293,676.8252281432212
781.7298227767906,657.1744258557223
724.8520981813095,707.896617487078
761.7127514047547,651.7807779340178
781.6176247687357,650.6126380825043
825.2552906250806,640.78105656396
793.5974237215679,641.4748794074444
819.9834134897084,710.4031869350401
773.892360724786,637.5708489604323
798.598216177414,670.4556911330948
757.6261648215407,657.0433061354825
756.3258881018043,682.956818572456
761.8334783742789,658.6996160686216
794.3761498032122,673.5086765822608
775.7431090611166,640.3054383858281
770.403835638378,632.4099023205425
827.1444679863312,645.2775703006446
816.6524121756169,689.5398966419857
815.2131849216579,651.9331386282291
844.7196619772767,661.3160551697365
824.6385156882769,666.9518828978892
850.5352375362579,667.0834091721531
862.5761701962793,668.7219430590264
853.9252939335595,619.363275226286
810.1326355168441,655.9147624931023
801.3506749457777,613.3926407387542
858.0513820678768,644.6048720986654
851.2312555148188,655.9381720165965
858.2341390866941,655.3249952563706
855.3166842037037,642.6077674721527
846.6712745655442,689.9799284884804
819.8417237707584,619.7109033647959
790.1993814219841,648.7559603984809
868.7110633584376,587.3058088567271
836.6251360169327,607.666065313389
816.8873924999152,667.4518375781472
875.8143856481367,635.0674173872355
856.9802934091697,669.1685490221151
857.9076990688587,650.5571247876807
789.728297611989,603.999060023819
830.1882026604709,607.105560532467
834.409391954696,640.5636521001783
878.6822455187815,623.5080946029805
816.500517826684,646.8593013362333
847.1935189934427,610.4119145846764
854.9864741041612,560.1158582643064
833.9780185736345,566.8736066308918
828.720557318147,638.5253857426944
857.5156909317818,607.107794956143
795.4938352375023,581.4061064434505
792.7921129656603,602.8248520813345
830.065508087284,639.9733843191278
810.3908227189874,613.9018700469786
835.3591708897186,562.3104799212138
809.7192364014284,562.8099742038983
850.6951917874821,620.8962514726527
802.6262771214208,569.9858016890006
851.188597435629,567.8093519983613
821.2317853499063,566.6801377971979
818.2948622332278,598.8213008746861
848.0671177012956,617.8019567376897
811.4402215288377,560.7610360093009
828.3706379267699,530.9331948852263
832.8036504247074,561.4423031380782
860.322740043837,591.8822632916089
804.111738110685,604.5580386159475
789.1795187406848,603.7379381936308
843.9081043642503,583.1872543198842
799.3296005884127,589.9409415257521
832.3056407099068,578.9653635021155
809.6444869096407,611.9561191447053
856.8251452966604,556.0236584958188
851.0375625714966,566.8578185622374
777.3938690942986,559.388282470949
787.3948825665348,545.6736699896412
836.5987869992304,528.2837170452316
832.6769827860513,543.9370318360717
822.4876991727642,524.2785674914992
793.8152279916568,587.2083439792634
802.0916800330828,517.5791151577553
815.9224804361866,556.0442003354995
832.5487833885111,599.8440755962064
791.7422374120691,541.5137546753249
774.7256855008874,576.0687382358656
805.4590611214594,574.7600856387558
854.5779132252243,561.197845161481
823.0582447574953,544.1934060345251
769.0652322832977,565.7511488148255
813.1561150481996,567.0958985280391
791.6838671782734,520.6323112875414
786.7218464069598,540.9775938446368
748.6699175246484,588.3052273077038
777.7147595569093,544.3377514868597
748.3099330761391,571.7796699130471
797.5229783943028,510.9577238623012
746.265250724994,514.0027276766468
746.1959075412025,506.2750553685349
826.7469394337762,570.9873667951252
784.7487919395047,543.7137103607431
800.3123678369304,531.7091494923845
758.1054606111812,575.597763721953
724.0713578515501,518.6242357601456
723.7783120505917,584.2022240426896
747.6296436430072,585.2975583047025
776.4551720638872,566.9921721727289
786.5772688344967,559.4705413682573
778.8802448282635,543.956519142348
730.5675486712328,552.3270802069727
766.7205655913409,570.3455224755144
781.3032891820872,575.7772962994999
757.1806732048028,581.6846063093388
728.9835335792385,575.8159628024415
716.1674403503312,597.1611440038968
765.9066117428863,601.8742139445138
738.6536962886831,552.383485066403
737.9242031824616,597.9340354632078
676.1697144088077,626.3024093286091
723.9204664569968,572.2355913746511
675.0064257785486,614.404569720319
678.4661725125769,625.7082280093775
706.3631031033524,617.4044810443675
726.090602421866,585.4383000075916
716.6749854267338,611.0113328519002
747.714144668139,557.8585365183048
665.0322348685554,609.9456244679805
681.6552446337316,577.8569000098796
694.951845259032,606.3508189772331
720.2656377308552,587.1449904007994
723.0327333805913,628.8130902850926
691.484309284421,652.2170877589512
653.9358883312616,638.7596089756688
714.3077927982583,636.1014377188396
714.6887160975496,641.1261110671744
684.9885270424468,639.5407335094742
689.2785346739292,645.6822512423349
651.4391623753656,643.982725995348
686.6002988275158,657.9032654303285
686.0858995308192,636.4581484090353
665.7248251981091,662.6481750800945
720.3045493891939,632.0710791687769
691.5519696257318,680.0788211633585
650.6242855395072,610.0867605732129
653.3211181950012,676.6781042937273
715.9475612869244,648.9171571335187
660.3443739146686,673.0163296066853
665.1837929842576,710.7585498025373
649.852401679775,696.8764962478853
672.4245435436375,679.7645222685807
725.1515920535974,651.3856033798999
711.4114849256592,632.2240028356039
675.9785181694382,644.128282414699
732.9346811294522,689.2290360684601
666.9560715185099,681.1598456508261
668.7430976878803,694.9344751555323
672.4014433311859,638.1733237479508
659.6516440134252,702.4740739543337
693.959041943405,694.0533083288097
708.3161837010838,734.2814990231561
702.0440314339457,686.4372399920065
719.3971113729222,657.1014209622246
755.5432315759372,694.8765973444306
701.1424586755801,654.8704705556147
754.4116899008088,667.7679711852547
751.4438413860581,712.2648253700081
666.7822971839248,733.6252797672565
735.883162861738,723.8835696286399
748.0513774990612,685.9503271715231
670.6608552241689,673.6004689306235
710.9528258370658,659.7595086095846
725.3070039355424,714.300436275468
712.201408902854,715.0513362141203
771.5069910486427,662.1818320820875
740.0460346108246,710.512453788289
736.6932909558823,688.2106604323868
762.7909446769179,702.754827836394
733.2504712350891,666.8752300532288
767.7414792188395,695.0361486717055
740.749888584963,697.3858292125576
780.9194811745485,727.1668958628644
742.6326914288235,690.030885873233
709.1564787078846,699.1024625371311
730.8999992604321,704.7276601979023
736.9412987740243,725.1558583312662
749.4991587295199,717.7808067269779
736.7732528875986,701.1158319177274
770.4908210416829,712.1619955956933
812.1525546595042,712.7701884369648
766.9319241287538,656.8760458135213
820.9278915375035,686.8819276754487
794.0031091681541,709.6061647135277
766.3025255168428,694.0690439176163
791.965888180043,706.4694894190874
820.6214428012468,729.5475092376054
749.2086494863814,661.191039145577
750.3476768824394,661.317710534506
836.8869345530513,653.257977843258
805.8555493806607,673.8599845754453
775.4790816553544,696.4657748700496
749.7394613146131,687.1243430284827
875.2293513539898,638.6455792227566
833.459775573866,653.7391973395963
799.5019930677224,632.2370195696177
866.5268280534383,665.6766142847449
875.7487587227686,653.561706615261
849.4952413010013,668.3910187368217
809.5009967211922,681.7711770465144
793.489911031952,653.8001699417586
836.3969689859189,706.612900991
822.3091855834127,657.3817732349049
833.1192978705669,642.6910014962225
819.4680991204154,668.8272461823518
807.6392755907916,711.7044877801253
818.27395415214,631.6564904971267
827.9422763221112,627.2646390188776
826.5407492921196,601.2973154708918
808.1825158349906,616.396635920856
869.6465652578902,636.8047091618846
814.687805864977,625.0472504027557
815.6042530324677,624.409938693385
824.7355621241502,672.4684415732887
882.7358372563804,648.8038857571225
878.5820023372919,626.5358548880238
868.6744357751824,602.5305273140599
846.8240941135712,630.8055051915752
809.9112130624226,657.6577952329133
842.5695581675666,649.8015897777103
879.5553543910485,650.7225639288828
799.1328132931126,561.9648639896313
867.8502381920939,633.4831883976075
848.7186158757104,564.2660974239242
815.7684290249476,637.8673463779592
866.0989497773593,569.3084033470731
856.8638192259183,596.624626745731
867.7379239654312,589.6914469694153
854.929226908535,579.7914682111885
804.5905014847208,640.8240949635822
815.3526821199131,609.1581602087228
865.7288222674903,571.4400408569927
838.8155350783697,618.857550729146
862.9128453184924,594.7588275998471
848.8065392085877,623.1753669258088
759.2274819546459,594.0310988778512
801.7756967329508,562.6845910970549
836.0630800462895,609.4342291339551
778.743798478268,576.7528563523674
829.9440918563217,533.1022150940398
822.7457390499345,551.1055722324019
837.7024114286984,603.8739838050332
806.5467281002458,591.3166564386464
772.0190944752596,609.3523964853476
758.3628519058827,594.3960811880082
785.7185034791448,534.7137344680104
825.2279142729822,575.8116150039117
826.9790265601621,526.0882288815014
821.040028645233,524.5615133583946
754.188559227981,556.1387174036046
746.8603751451145,592.923834920734
717.890150523021,559.8566103154373
708.9242695016025,509.4763188617961
785.5411724742536,558.86468400339
752.9148858637571,550.7595715912472
739.4529769244517,581.2040132076837
792.5828187407253,535.1850451165782
768.9565695443519,529.0808879117935
716.2360117916963,533.4700217758113
737.6726574533416,565.5458600464618
781.8457738231875,529.6584851287497
712.7380058773135,527.4259252184415
722.0856831060214,578.4767292077676
679.125671895518,581.1301218967199
706.5313105207972,559.374848592653
726.2076633334591,529.0525332988058
676.1481532517593,576.2382723999596
718.4448642195875,592.7482908569189
710.0775058255259,555.5181404537251
690.8904132384353,520.2973316070237
752.2332280767886,553.4386882542574
728.3629046921517,581.3528792548359
721.997317922784,575.5761389574034
740.3241689753534,572.7964594891677
730.9900310726832,580.8081297147968
711.4294176306569,527.5121539360426
672.5655309386361,594.8015286250786
674.8476175113199,593.3015453927172
688.7668559993801,550.3346957360686
641.4571904843822,609.4759345324876
706.2880983135759,615.1755990233029
691.404498724903,549.3250375982874
722.3519668615647,594.1121697491116
712.1914198090587,607.9913081779387
720.7725112632404,555.5742755720046
725.6295546064873,575.1021205215185
679.6014878068813,595.4173102795647
647.6404769212131,552.8301365670329
703.6857586513486,624.1722893275581
651.5636249861188,543.170122264191
720.9589226256967,580.7013184889995
627.1480731346307,594.7035399132596
638.9842239205364,674.3912035346801
692.9301456006103,616.6487455676119
625.6953799019665,625.7441618590283
674.2330737117239,637.3382450859457
705.6737459955219,671.8017009065843
704.0343368427906,622.0613340878683
701.5856884895406,674.6805571801121
683.3612672171087,634.0222928060682
664.6104003054348,659.1328395272673
707.086848273901,641.0900430048823
704.2848621221254,653.002880121857
674.6922220463889,599.5364823614344
653.455313934568,661.0405400660296
734.3540135327813,699.1212395181268
689.0208614665476,677.2829417442362
685.606648336125,694.325218410043
651.8036929009974,639.3321445570051
659.754803671219,701.8637814691783
733.7022721534881,667.7948326099538
693.4967909636323,701.728407989365
671.2541875990906,693.6398028504254
738.9501627819657,645.9705846702471
649.666786930233,704.2201559643005
665.598333493563,695.9902226055361
731.1887937770582,682.4377696092282
719.9559371011727,670.9914585939622
708.4870041978111,701.9863772283859
755.7554866612141,698.4246380577537
779.0212841406474,688.9647313917139
757.7535324883632,695.6143192275623
795.3622085930904,749.6453961545845
761.7113084150307,696.9836241406011
764.6823861833444,687.7787950332706
746.2521127842784,732.9351873898124
722.542295317633,732.7830793601759
760.221083009305,738.2960744075451
757.7640002116304,699.631060715334
747.5967968440596,747.7325159941054
802.2855517544879,718.1407307420955
754.105141955139,727.7400986949265
761.2388913615939,717.3512938583151
877.2982962064667,680.1591261948619
829.4038094906341,688.4240544175401
836.8610504910034,748.0103935168677
821.9784132177484,734.7247056269554
853.6493839980142,727.030268028745
876.0678353056664,671.2326753558701
856.5494460118024,712.1530625138299
816.8625770346367,752.6975642135106
830.1392215384037,739.2669715161809
852.8589880763398,678.0937916966546
862.570092951395,736.1973556429742
838.003801977972,670.2538909147877
823.269530435593,690.0607505451404
821.5904961568168,721.2515303183594
854.1081911894934,699.1319963191237
905.9797851993753,676.1397559960416
910.6999660446854,647.2122757319602
887.3424588778926,734.1851714172515
865.1924929073389,728.3883556766557
836.4361888827895,685.9473545234758
898.8488598964976,698.7732189151778
893.5555983376298,707.0334783786308
866.3770046688206,673.4507125566573
864.5084839530533,690.5895842693948
905.5806306663302,727.5829457846703
835.5209905993032,728.2091512996598
885.8266879968535,719.1155151461802
855.8177841415855,678.975425005005
871.6391498297776,662.0499828597891
876.6540780883097,636.608780596667
850.829527403242,646.7770355417896
834.2017351015919,670.8884842177525
834.8163436966939,628.1993526051766
882.5378170640461,668.8612989751986
903.1718385259073,632.4161921991488
868.4742479820002,618.3802444215441
903.4547862607345,695.0166032987712
898.124982026183,695.6732586827704
829.0499172182792,632.3912458882783
887.2349635138149,645.4097237447246
848.3991559026981,664.0630167148174
850.1568120681817,643.5762809190977
848.8170228379972,640.0713516269856
855.4164855728291,587.5527076819366
794.5219366241796,644.1188335561775
861.9072627233984,658.8572544127319
876.537091908663,628.9623839614106
869.3027577675236,639.1600227542159
847.3591060149331,650.9854358532937
870.6771104783145,625.5921558689669
873.5860222449887,630.4689141210695
840.8506303673978,634.5850597875776
869.8635729109162,625.8487320076725
855.4494492845291,593.7191209045773
821.7312207474332,615.2853626296493
859.8777184462265,582.8534758045362
789.9955139753174,639.2864272211932
803.2268781733328,571.8060769290162
813.9986614658402,624.1621830684674
852.7782869151902,626.5840924041713
824.4014714607636,612.9849371714073
840.0679972492208,600.4119982229572
835.4829751812892,562.291168938118
797.9052131519169,624.074945100077
837.4382255900264,584.5134710891194
855.7387451126757,563.345637898981
819.9215950190921,566.5653341616558
831.0042785322113,613.1952094372058
812.5658792898663,606.1342238644107
790.4910872893428,591.7722831628666
436.62943370140954,585.3922753268091
517.4627260253262,567.1941927315887
439.6383155464425,538.453959397611
461.4506016065825,541.2225071109362
490.7022515721542,557.3417681767198
479.8521059500409,618.0486465367567
484.5567739103226,544.315936221832
447.186420087308,591.4018405505877
488.58203586429585,534.7349266270274
443.0724691666782,539.59974027326
497.43561752041614,555.3012785687376
487.3128738888354,547.2453629666736
464.6137131937883,559.7391155636523
487.2839135608736,536.2974500471503
510.95052335123967,551.1355086044437
512.8974546884302,576.9471831298652
484.52772689278373,591.957891493049
474.56394896983716,527.5210181836259
488.64822409278185,552.6513800189865
469.70647901633055,592.5530546314917
496.25888166637026,577.0301483952987
493.4795145653576,608.4204412331744
438.21900626546557,558.9836703941816
429.89486995148343,533.4630632276826
489.6772012450313,527.7160968226499
451.0172367504808,589.253369110307
471.00932632705377,596.8719301725448
479.89121938136066,591.2956001451766
509.13394412163314,569.6494461682255
502.6718712644805,579.0213455916452
496.2539911050055,595.7130568431825
499.1900737091928,569.490693135039
448.5611821059534,598.3659776989687
437.4040826022696,549.9863969093678
423.9302587699901,529.6924767584335
488.1420235954658,576.3351671037394
416.32751365179615,540.3937640344786
491.2635067210914,591.1077118502919
445.66619187712223,565.1711550622576
503.4004867229289,598.0077256020152
490.76017702130764,571.7491881802509
451.1728956861115,511.8618626090114
431.5220409520743,562.8060353823591
435.17139970179227,542.6517088820997
441.84468436715696,561.2812364725231
424.89125418399186,549.8448523500374
392.20970543098986,564.4228781318652
429.5441200540377,546.0960520636526
426.86325122190067,575.5092282640078
466.0457894297837,533.5863778465998
406.9186320942403,523.7426012969863
431.35662062922387,516.8167140971736
459.0451219737377,583.3263503923357
421.26577214289483,545.9263180191047
461.37484178131945,537.5978338121956
475.3908886211441,545.1891130479943
408.7524359612344,560.1461826211926
369.7406981309305,602.4426719946562
390.6256678760733,566.8504996414049
418.0418167172977,588.52114188791
380.1154318186665,518.5281294101551
370.14066264824663,519.8546341960065
368.93907258321076,585.1403063131046
416.96737833475527,600.3446747113486
414.52403831319555,522.7018302103
377.2322408357946,535.0110173224351
382.8415602020858,559.8566533160691
432.4097233223373,594.2135933015641
386.6700129435991,597.701475399668
404.3481157350608,592.2159339265054
376.7948952907747,602.7550256271386
382.51005602952637,597.5920158932585
422.70321618609825,539.4088000412785
360.34755734480086,595.3459443636076
399.4577911184989,568.5047999060005
387.9676369166192,604.6135345326695
384.0200165584549,571.8373861729403
364.0217887209134,617.1714161382458
353.54617974931995,552.3619213140635
343.59139960720216,606.9973310304189
348.2245474011304,622.3900139951102
408.5500665964753,573.3397407906474
346.9942588539724,624.6159989278052
369.56071391123805,547.5001893071862
389.54527298473806,596.8641576545175
351.0443018607563,576.7188296595527
336.11434091575927,574.9687830356901
373.86331439709,652.9970194640456
332.69775974142254,576.6063136033978
412.25511666968686,604.2435158763473
347.7769656869969,607.61177827791
341.13631396189,649.1390265205661
363.08780096617653,659.1385918943078
339.6090260419012,630.7611135643804
334.19065435403047,589.6904642329838
384.09820025022776,576.3601750321945
380.45706139687627,600.3807597601026
327.04004463526394,587.4155802817291
410.96405588420015,618.5375515963626
339.67232490789706,655.6160239493812
333.7247946108178,643.1244806366884
338.2639573522584,674.639266795318
365.18243429504014,621.6095007615988
367.4360507650956,682.1889066433228
383.32266440756626,671.7043790920351
374.2480014730271,686.0820999594295
387.2407220930089,667.6294449320123
382.8361637478896,657.962355285022
384.28414434951327,672.6211364571908
391.75460910538715,673.4979362004435
354.23626927541994,687.0204574264812
352.6586960173362,653.9241216082531
387.67027121953555,684.5529444680567
428.0593359676634,736.5614528361978
415.13958393086864,658.5703516165732
398.1199265976752,696.1352080789128
441.81485301823585,660.8576417155576
425.8087428117391,711.2652819785006
396.6855742304939,682.2094959009506
426.1161547157674,683.3217320516612
442.94547313716106,669.6240725628927
380.9313158512135,688.3444474998748
428.3869314377262,673.1333307103138
451.73116159560084,704.4146044442496
364.0447506144948,677.5323708352809
426.06757120786983,729.6497501484762
426.7317617182118,653.7648679899991
484.0604851772056,721.5252776571663
466.5456609278143,676.0865202577887
435.53771414363814,709.663907408408
415.8288901730771,666.364540478313
479.9835876742836,689.2186865666584
418.8517992418366,712.3931327532322
483.5209565071619,709.8649348536348
426.4343935228259,678.7320930578431
439.58969142132855,728.0307041236481
439.57705891892687,733.0750526744364
428.2542384096542,680.5301803665618
420.46116770585394,719.2767651244345
485.85196760778746,695.6486284149798
415.44363256299744,741.7094684890717
457.29750106852816,736.4109830204676
507.99999621979487,692.9440370908329
474.5375765963182,659.1939183665643
503.8993933635687,682.4254118575927
534.1461608778144,723.8215741665701
529.2827595656881,653.3755599882877
474.7156641192864,731.3095812735974
515.056577159223,716.8395382553141
537.830147407504,686.8430090075777
527.9561002446678,686.9374378132306
499.59097521536245,703.0945795060602
520.5469714317617,682.860224647135
464.2709716407049,675.2940895921852
534.344306470851,721.7244707031209
478.93820752240237,643.5562801442497
487.6366678027346,670.2834594354052
544.7775118931028,645.8762629214773
481.1336907883297,664.7336783569913
495.71058101840185,699.8775975078836
545.0373057761051,647.0304007714416
541.629355018896,624.632208668128
509.18370976735645,626.9125758953588
507.24818045036517,684.4466130759928
530.9777183985564,647.1520563843256
497.28539626159943,662.0202880105295
541.1394733725658,682.4673320316738
547.0010437564207,653.2598876332852
502.77705549729126,695.0908461001699
500.5747404639811,609.6880980809161
538.3126287711027,639.4070152646435
492.2208141291986,651.5448067768051
504.2831096572465,652.9859304788521
543.3817062243547,661.0418813091103
531.3207948122287,602.3484418986993
536.7570915556191,588.1067627337702
519.9721349118388,595.4380073227032
503.9637945683485,641.3473040166023
517.4508463261783,627.8419338312342
557.4395853382186,602.5925523087899
488.9561201974751,613.418479511734
513.0035236467472,585.118348298931
478.0878502036399,612.9487380290028
488.76342540053764,631.6210326973584
513.8635453812196,628.259756824928
512.9132101738655,559.5483771144546
481.2619979891991,586.8513548678161
458.12822682771946,617.65378891763
486.5482961144079,578.8626348594951
537.587506249747,598.7145579198474
514.4411651782466,601.7876348795801
530.456128507869,544.9020970314078
515.7616205887417,569.7462207537891
498.133758523746,589.3879372894503
525.3458427309846,627.0549291775094
488.62272868104094,633.9159026967366
509.64688047515597,549.7445743686665
453.86636459610054,609.7873889677467
461.83800726040886,602.2456500303947
457.06125346211763,544.7033294591693
429.33839396758293,570.9782302925671
508.82181132328736,583.3791680494257
448.26692216678896,590.8076772006484
453.4099068497123,600.0313798812989
462.9662576729831,606.3382783810106
500.09857509932607,595.4695076908976
438.18587672635533,602.4971553455092
438.8682134047772,527.2596422700303
499.5479817759508,541.5359949405977
426.6700066434505,544.4455231622363
504.5291533381078,580.8793710354964
443.0225769274334,606.237459655673
431.35786711409435,587.6818278977397
468.6927140103812,620.3220319640382
461.6404257030906,563.8642902541957
477.1765639714107,565.8152227009778
418.39293561510726,564.2590995827118
423.0108156710214,553.1244618248664
450.2471726517098,563.2787368062492
476.28927365204925,576.1976445662897
442.3422319631362,566.8835593658114
412.1037876901346,572.9483316096268
420.36463910055835,620.5514451429558
438.59774077605323,571.1409848233787
426.8831137404275,579.8507398793744
457.00413921102216,643.7043314916422
450.14495267992424,612.1402856775758
384.93074727282885,572.9166608182771
457.0589358155361,622.7205536616715
443.0398647455414,639.8613235053047
440.73158969765564,603.298486106951
389.8830164133268,581.870149593979
371.4824386918539,644.5724159677609
379.67644691952984,611.7379428976657
391.1622208664239,585.0129243996329
411.9283530824874,615.3893051754386
405.370239289815,582.7488250549832
426.20614710366124,558.4970530447316
390.5796454501489,602.5691412983346
421.34859713161006,651.3980123952258
428.2228575380153,627.875722027765
427.4402423915753,640.5377190059944
354.14253820570997,625.3670381447319
433.78390451678536,647.2305755266405
363.19723132928647,678.024302924878
424.9325407229056,674.9564436878951
355.9310747502752,641.2819380506385
395.25153035329487,610.1397203839356
404.81718846096624,601.3148072332054
426.4679832596173,668.1382769572718
371.62855444686124,667.8088627031102
355.93411477551973,596.3721467504489
408.3860532416995,674.6274376688473
455.25753254573874,694.3720941984949
435.23094249606066,641.7213753420585
433.68917503547505,665.0269378417759
400.9974367753693,665.2550985901277
402.57140426591974,659.2743085761088
465.89669924325324,689.2861918678495
401.0380667009356,654.5494249094744
432.7024939101963,661.5609828596397
411.20402823047226,672.9950405964227
468.2026203432839,691.6953848755583
452.8999900362378,697.4175879379173
442.95145166525936,706.4061878351856
447.81466831846194,625.6355912595376
395.7932433700725,642.2173958051516
469.10172629394486,659.4733646588927
504.15478724877346,719.7032183481076
513.9197029707699,633.4839986643353
462.9786635862499,722.5671271024867
504.22866091674797,711.8785339326159
505.59150446640217,673.6339633146856
534.6914206196351,662.5109480622929
473.5887132721128,687.6195320017831
544.0644237962036,635.8303958827072
544.8561202684724,718.9771625907863
512.9485425299707,637.6632770685169
512.9511476356515,692.9356709368489
508.8508397433379,666.0232221779308
540.5995482308293,655.2780200680321
509.1687554680875,697.1286798645624
522.43903873611,645.968484730349
550.3172045666931,620.3625484336716
551.8735010731535,663.8986596368417
558.8954686220045,625.7651854705708
530.1403039246967,656.0413495671062
557.7839735048781,654.6565335049677
537.5197867038722,621.8153385656954
556.1531330531906,699.3804960330192
513.6485680396582,682.5457464638479
570.4880113112397,633.3082337640404
551.9238741452925,623.5307400003156
525.9043001202265,626.8958820499008
544.9116942266079,669.6188595983133
572.6426703911555,586.2457274579494
527.2037847212769,626.5965530815766
503.292522516997,611.5128912003414
505.6863661004438,660.6044210646484
500.5062128154528,662.5291866960847
570.9712879991397,620.9703609073946
547.7046811886671,648.3352170886668
506.46381575502926,579.006783183434
497.7216269453973,645.2466584828725
535.7052956073975,629.4674679280869
532.0021090065648,651.4484203955399
548.2627260428142,658.8656774113254
572.8391203915448,652.3411657439513
566.9760270877156,580.5215054692577
518.943585283888,549.0075941753439
506.75508180019676,557.5776378928912
546.3790468233932,590.4292773488628
475.2249413694117,619.3142394020159
540.0332134775516,579.0049042874239
519.5953474727427,560.5576314809439
492.16861596567577,614.8296728152114
522.6966689095037,565.7625162201722
502.8890873330578,554.3714322110964
476.7104529789179,544.876376504914
533.4638057548326,621.3445548806233
490.1085285155893,617.8268448776153
512.2453891801739,600.2610140744458
520.1499634579899,605.5041200969964
441.7247942086641,522.3815792042718
496.6349983187406,603.2756107978279
502.7957740280841,600.4585886245427
501.3511382472446,562.8894095964447
448.2987761847086,521.2113209093687
447.31275796293437,531.8410832998999
491.4215797756372,538.8521386540101
473.4537150685033,570.8692385098457
420.8890207122045,534.0843168204775
496.33377745042685,575.603062553685
425.466542443835,522.6174505582862
475.5281651131036,579.5837623528732
497.65251142823234,569.2280236618923
436.45458262565717,579.7013985727771
398.64090596630894,552.1247682587983
456.0888733609456,584.8203633919261
439.2755587526724,537.6798960287291
375.87312313021636,570.5130964954677
401.53125538609305,554.6098268767423
424.30943901322337,550.0303978807425
456.1668863258741,527.6525511234641
446.73490456814045,585.460680869519
455.5550297979303,528.1055704474632
454.86110613369937,540.4761149414708
414.83044095781713,559.5645697969047
410.09933650978155,531.3081129677397
393.92247415964414,522.7695125392524
460.1745377965813,531.5884090367438
362.52313440214795,596.0189331656118
374.17860719581626,595.1185802132112
368.2503761875395,546.089838400769
340.9449981865431,620.6656653351415
409.88563223009754,551.6350197247145
357.8499738468452,627.3548718284303
391.44550651699956,563.1836921633505
350.999507972649,609.2405868936701
384.854373182744,565.0650676365467
343.2742473351852,549.6619264488293
370.4628556907734,574.9509822805778
377.17161597062733,586.518877493023
395.9756951847098,547.3132266958255
402.04571468652085,545.7347061905936
393.30704299415936,644.8786901168959
337.7148342606767,653.7590112664598
365.54603662787173,665.2903866761347
346.99501262882455,611.3068474174587
386.8186085686415,641.0881807760774
347.99818545601056,666.7597025738414
367.19197085526923,632.013481834915
384.4805239271062,642.7596524842445
405.08197637745104,593.6169999016994
344.7282863381214,613.9364635138447
321.93920503537987,641.8851072536056
388.2655787143759,658.4330103790828
354.5120872806019,630.7893838875684
377.51589216643754,634.1814240806885
361.09630516242083,667.7773454447552
405.82383994882616,667.7312797429805
342.5025367329168,656.802510029193
401.41165106512176,673.1075741499592
335.41851957233746,647.3199483815802
351.31004018731096,716.5800161214365
375.17579885808107,713.587842953411
364.1895601969613,704.7589883673879
374.3975365408925,722.7972131436786
391.51138186117396,651.65767025163
326.47923976220085,656.4984524437483
372.4314634059217,687.3630996597577
343.92425832368997,661.356475889432
344.942442323075,647.5102798005427
435.0838762189058,685.7792324748456
366.7957291290578,689.0013803527024
402.7722566975676,659.663670962583
442.4420151441905,701.511259549774
398.01503409746124,702.8425119907902
418.75635107314827,732.2469485084399
413.04256790057883,681.5612247581656
376.1826600293308,663.2535912864206
384.3484651393007,714.4619796878445
410.95524496385434,723.2684285760839
429.2031982715594,721.197591332739
371.4288665498609,732.5349638290301
431.8978467624897,661.3232001288729
437.3933490301051,723.4630295552533
477.76925668081026,704.95904281969
500.1540453230529,697.4509444724026
534.4741876061648,714.4054718519892
523.3424359765688,727.9990447469577
506.9161846954015,682.0790712777864
527.4156267553711,682.449019963186
508.2478968405461,727.1027294609639
520.0560736196591,726.4907930274811
522.170197184845,688.5363100909265
507.37344350185975,680.7058193546801
479.463783785455,694.4687167991326
451.61614723392773,699.0966312914925
482.8999212410431,716.1006314014995
495.1166729929011,660.6364897759829
564.1511418898987,676.0208837654659
562.2271519839056,647.0480075940986
565.1699475407146,665.1126123335571
522.4717706854747,674.867980838848
527.6884773368046,671.300251308422
535.0096393733364,657.6563827649535
586.317544012571,703.2006392130231
527.6315100719232,698.3895075013978
551.0504263119221,686.819294798393
579.7750119982876,727.5602678057243
552.0270753745198,656.4982100695504
522.7871059907856,729.4070724543602
592.5299595271604,657.8942948741126
570.0907378513675,710.947849196446
563.2354854761883,615.0741809640664
592.4156677576486,676.8022335455076
634.1259632199209,685.1594649622679
617.5063950223196,654.0498536755623
644.7464465200474,695.7550723281408
592.3040030894226,683.5326873941672
559.8397551634287,648.0478278086083
581.4791138811613,690.7315064831048
589.6109202532477,686.0868350749251
615.5529231496107,627.4652786648379
607.9351064125809,687.1037700843001
585.4906959479471,625.3232086126773
620.4552985905448,659.27730701499
589.8690015154003,667.1471643368302
589.6032768686845,660.9969560579541
587.6303046381433,582.8057843657422
637.7975117559114,582.3431555404306
616.5440462697758,650.1483237482609
647.9902375652443,661.8876477671527
605.9515261380495,603.8354899274672
606.2044851675644,590.3547817209582
641.4725584536587,629.0714077702737
611.7516128440344,660.7188304886599
597.0479352810913,584.2521410798539
567.8698119241163,627.8181403127389
578.638260596721,626.4566132494225
608.2067218786767,619.6798103400191
640.8702763325344,580.1190552309323
578.1792372165776,567.0622211448381
647.0880026968044,614.6076997267402
577.9241933989404,629.5641825457802
613.6974238900355,630.1276403229979
601.6123199217059,633.7992085095632
602.7665035630433,617.1353336202502
608.1941749934338,617.7201251792601
618.1671507420189,563.5602033102576
603.6175702784699,571.8875013790981
616.4832936572908,570.4312171817238
639.8162979317755,610.8216937052931
641.2796375468401,635.9392649551507
627.2000538722896,612.8699009785884
598.9757550457705,625.6668629863211
646.9315660411517,604.5902897787383
590.2523578015513,587.3606542647831
662.1376271929689,631.63146265861
659.8279832108601,583.5348083951561
661.5992911644028,626.451304038686
613.9415776340222,606.6877012190747
623.3679401406614,575.954007923337
614.9488118257623,557.7063955601113
577.2562521143803,631.2684068124579
601.5688145839873,636.0270348792374
594.1155041384619,564.9365381092838
602.0507865729033,593.1071769907479
644.0606782061191,577.8973135808031
646.4639526289786,587.9863353924886
623.5187346459591,633.3930025529028
695.2938168431817,567.3820075068651
640.3498694144439,592.2298545816202
687.3286578771272,636.7035912547624
635.3453831822608,626.4642578679475
653.0318172651665,604.5298266553455
613.4682096254171,585.1585951218726
666.6306224675885,608.8200046023958
614.6351117003136,621.6566788331352
643.0610602912118,592.0907216571617
670.1462481076243,586.3243014267067
626.7232005610679,632.2395097736508
614.805464729646,605.576184536717
674.9973696177029,610.1536930602948
713.4302389025971,646.8937318741816
672.6181386627254,567.9334349345531
697.5329840234016,607.4996357878662
697.0939655456536,643.1576694597115
693.8635054251339,624.8764347121709
648.315127383656,646.4870368608592
661.9586950047307,649.8812355540244
687.3350470412712,610.0071434807026
676.0116532668571,564.6458207530395
719.5486095095456,611.343400583856
700.409740073188,599.6915365866095
697.2591066402889,575.0714955621117
646.0991230370142,612.4993190668656
648.1440862436577,588.2933608453741
652.7917022863456,660.4145010452805
693.2221786310392,633.0100427594497
656.218146728762,641.6950779315578
662.522426786893,621.5001031155697
676.9890314104413,632.4404997186767
692.1054841119515,617.2567379783068
695.2415452234754,649.8834362214022
650.5103626921178,595.9432489232711
697.4202695389193,637.2861056725973
672.7475980558779,612.633026942069
697.3543859132577,615.9942954637094
700.7401554489893,625.1582951442754
698.4150013520632,600.4598158008633
651.79383920508,582.6872704888385
609.6917590760562,681.0710436446856
633.3423473302279,620.4684580975929
644.8319904179998,613.6997367586213
616.6893706654673,671.8125716461526
673.6269259606397,635.1500419987104
606.3538795773228,654.1809909282058
609.6777887549423,662.0761219815938
606.8092771256025,623.1969951713703
663.2671607534993,657.9015002434069
597.9817153342407,661.7106789609836
613.8377500539123,685.1490644764413
664.5311600850694,660.5847528551012
618.4088347639996,652.590268604302
626.483119189791,662.9394955031206
585.5798511925067,676.7684698889394
598.4888765089108,604.5404275265782
571.1051188144094,648.1877363308275
588.2223985161022,616.0382632866014
583.1762078375742,648.1768176643793
569.3165811450029,658.2425891596343
575.6040525112749,665.5713270337242
598.5710513968004,650.825581156358
543.6453032479404,661.1352988989082
548.2080140608134,627.2732085621668
571.5545293293187,657.5965281586898
587.1928220407151,610.9712273603958
546.2256026474196,618.4886859276651
568.9529288350751,687.7797574677568
568.4057219584644,597.3218960905266
552.2303028789614,612.5734471172708
549.2195613662973,635.8409627439664
568.1017817362772,647.2316510150907
578.8329539256837,656.6751975215893
536.7588644872983,604.4898480798569
516.0252460887378,649.6724589436337
521.2623961669825,658.6702885093686
544.6512618054444,622.9810821889699
589.1955801137917,601.7829100467153
518.5065701030471,629.3443088187798
540.8477556699102,618.1751316443928
546.5620818754379,637.0755072126992
572.8982760023764,628.5167425629231
520.1405556758801,583.385758067639
530.7586124770073,619.1044488225843
529.0836708202567,661.8227355730583
571.8120422511552,620.3147999291409
569.3658653024005,658.5552945868903
585.3171661173459,589.833740435099
549.5324945796019,587.7544541723281
550.6371085899134,609.310750189262
565.912906112555,595.2852500970893
583.4111808470832,591.8350568904755
521.334608130005,589.4167859486935
503.03855303034794,638.8025819256653
557.9996487940597,636.2650695084824
543.2203889155403,582.4607616128683
539.2881912865478,605.6875236802654
524.8358010403857,613.6448475551714
563.3934713032222,625.8602804961885
555.5365733285091,598.2022489721752
595.3621555918803,637.8600763393014
564.2461843517101,609.9438669615755
552.0902365324915,606.1604829850135
588.504124732617,594.8553792180626
552.277043098043,642.6767100490314
559.4743246974698,623.0476386923807
560.7440539528666,637.8144561051381
521.7654603214597,575.4584098211861
598.5475224581535,644.0729921815416
535.0663894629606,609.505616551871
609.784792621671,564.504939066419
605.0287322366618,615.3012623181609
575.1410688979274,581.1027512968956
608.2617296628733,610.9359335996484
620.9413134461718,620.5337940214993
618.9509764913778,598.9929042923688
587.1238511544649,611.8739654209487
558.9734248701538,632.1766755340097
592.7089389760599,625.8116476426113
579.711878303629,649.6377065972384
596.5504204461456,616.9563743928476
625.3329902394844,637.9953850349019
624.3845191279983,648.5239297408281
551.5560489394915,577.6434523547243
651.2739655389873,609.215705320995
603.2261790634419,648.7232618351842
641.6919810233845,646.0173908879748
610.1841725800421,592.4377131307584
641.6329185036606,625.1827103422513
651.3066492303144,624.3447534848771
602.4243861416095,577.2969010222232
636.83887693574,617.7420309441923
614.5958562046335,568.5839644969728
571.1364408638689,600.7923921126136
565.0009143037835,604.4167639381689
573.8407402502896,637.5230763883675
646.6917557876909,637.8928697503386
644.6608408037469,634.4451464512126
639.3395295218015,606.4473059987723
642.2291163598669,586.0426776437491
574.7439016012426,633.6443611938162
575.1408531572855,653.4323662532299
624.4944177501386,640.4412188088995
640.1923927141581,659.5137800491685
587.1006328818607,651.3248486905902
643.7539346732179,645.6505549998699
619.189173610632,582.7598381789028
601.7631047928265,636.9575423946103
565.9553097460456,627.5593402701242
575.0148019049989,620.9078335102517
582.1696839027198,584.055273732783
603.5847926446254,624.9427540728474
614.8518180867936,618.2986429366842
601.6695901783941,653.9361092992018
588.9509528722682,661.0879933040793
615.3943193444074,578.0137879908672
574.9365593005779,587.6087013016568
581.7033663666936,586.4618415609438
580.3592038239592,623.4186146213509
605.4769081452278,604.6695145297562
582.740530471077,585.382068181763
605.8671059073589,590.7242434071352
561.1113166200961,612.4752129657109
624.8938956858135,637.618066114796
606.3762920283347,614.9748674865037
627.3403779514393,586.351174491376
619.3281238187042,642.4083028460432
600.7333648806205,628.5206184607418
574.4099343686839,648.0536485884217
622.3190725191997,609.2512024271189
546.9880355939476,619.4877434139247
591.8014561015253,633.4017598710058
597.3142957331314,598.9043810858468
620.3143923680997,643.3283997346507
563.6578292455881,601.4014647268814
620.8446711554507,645.0072320085695
607.8625586117232,599.2888483701295
579.4539281242902,597.7825598069285
536.713770681159,577.3935390421648
555.0372073284553,617.428803018818
560.166739578522,589.1979951839415
553.5442153173992,643.8536744735328
558.1272209638745,609.1366638282578
606.7058715900947,637.987290392673
590.35642858336,637.9321941933011
609.5470196573184,574.5577478153762
552.1640243020832,651.6453563755565
584.5465286643911,617.3082663754329
585.4157283019243,585.7414954700334
535.624229190087,585.9466094778332
591.3274241144819,596.7327962378633
543.399369440986,636.4069564928568
580.501927608029,577.8735414662235
580.8068527673861,598.5425562597696
628.1815149440705,633.3511442415897
570.0393584091245,579.0754484091046
591.7159205198021,597.8330897226816
597.5723680288188,585.6070171614589
611.4245313086565,574.1450398837187
609.7304198774224,656.9311130042253
589.8149456830416,650.8750523792737
591.1338907284126,639.2197392929565
558.7343876542984,646.8755903665625
617.0051140127972,662.9730699247611
587.5936302207786,615.4728639094593
564.958707298099,604.1711428066046
576.283067310031,655.17186432887
608.7392432213231,661.0629119373863
629.3796334620146,588.4113821560796
568.8982483625562,635.0457018185909
615.4399505296608,613.5973206662981
609.716270408559,661.960911694598
638.2918627588203,644.2446743395544
563.103415368289,625.4182657383241
637.7446138339366,587.4074770877869
624.4679434339562,638.9336205557737
606.9354906366588,610.9580864919878
638.7553630878135,649.5759652595823
626.9744374006262,662.6977464586176
645.1080446456765,613.3004921965015
625.7692059511279,583.7411213156196
637.2000841553418,617.8850495103027
647.3053304802238,664.1530814871485
562.3822997045105,637.188624714769
616.4779486403318,660.0192608260529
570.2363645234896,649.9375443460651
578.6905451684344,627.2458144825607
640.2266319791008,623.1036006229828
639.8198461338923,666.5812847953803
612.6079268782335,594.0157489777796
627.1431978278451,654.5312457344787
579.6064247859615,627.5409865694501
606.9478499381028,588.9538751447418
644.7219058244633,613.1016058984204
638.0962508245462,628.1705311132516
564.5983512748594,664.3747660084255
309.81784308302247,242.70882530995854
318.1857562120682,258.69557607224556
366.8690602941251,246.49167125923213
319.1376619413942,271.4956149449425
331.26457537964586,220.94249705292756
286.60100852336814,269.8397296627458
365.6167971545216,286.62879196205404
329.38041115800087,301.75811470145504
359.9965923052975,257.7315096037488
291.269077177351,274.4624367735852
347.46941309975455,296.8714983600525
329.9721948377817,264.54382768397403
300.0524460205064,237.3999197960115
372.12285703869975,268.72220351628255
287.0474243267999,278.6212035418564
358.0316822819693,296.2749319170794
353.46240311926783,232.78810494530708
332.8034423416569,306.3894668181347
361.01992401679314,270.870141915699
318.92198473526486,223.57013326646077
329.4831439393853,290.7213915055997
329.47466680796384,299.9720235658461
282.0590416397157,239.8978467530037
335.8375219140953,278.16267195905283
304.8469675192873,250.75921848172368
308.3519323093257,274.68568896786394
363.8903386933705,222.73874261646398
347.20174100108494,277.1055288686556
294.539670803305,270.4188897081483
340.0801912319061,242.13481265700645
275.999095151047,262.35139263200796
304.2318712071115,268.85890537136487
290.7633568294877,280.28785310023153
278.6875316611839,268.6650135094405
314.0879143544649,304.15980787446824
331.96817224679415,228.47013448791503
340.78540640180427,262.17036203695255
273.7358134456713,241.24366255513382
274.1002769894771,285.4182773664235
280.3571226340704,293.5863901299376
296.1054639352258,227.9674740194881
285.3399197910307,303.41491795928187
271.6573207290179,284.7716169131494
251.31348739619008,256.33298341579086
252.35237542624637,260.0835546179453
286.6265806291995,302.75300059404145
302.7530470373774,292.26592428318946
285.12918849113953,257.81312442926674
276.2468904583716,305.47033918556986
250.08651717572565,231.29268982006792
333.3357394222764,302.0219874686338
271.56952983770617,305.54978015529167
285.2638972715386,314.2908185433601
328.08097834305033,267.8795483566892
322.9952931351292,306.7697877311473
294.4482721492749,230.62490321513073
262.0403047240707,248.0783437939418
316.29025574604816,233.19211600760084
286.9152323436134,303.49698688429555
296.9084948829802,245.04246272385853
325.09495875313274,300.28662485498796
287.59151589193345,288.35639709104714
285.480178371539,293.7212766916159
287.236631061902,269.9246830336076
276.53991706845324,242.96296699622042
278.0913094306331,305.72026264657563
258.87177599169945,234.19625492131246
281.93691603089377,254.34398103706314
256.02808679686945,280.72762499760313
327.5346640395185,244.80624453694602
314.7810805120091,251.8668297837128
270.8516726206297,302.8475203597854
309.8916796872549,248.03017529357277
285.83673635426317,288.1559305344298
284.11424035024186,285.5225376261918
262.10240433223566,237.39893165289627
261.9062115112208,298.2940723662508
279.5934747659724,264.4795572559852
292.7749082274236,313.2173713227932
260.58390046137214,246.02296803992996
304.39575741259705,302.5871321650992
270.608675078051,304.4856298198123
310.6661490172303,239.14456003226474
323.6421678035666,301.78718810044313
299.296782068611,249.4814679651286
282.8891635897269,294.4366796601033
338.81389453558705,251.06430496442175
299.51700610173407,254.6859538471627
282.65945764450953,226.0269364314651
334.785388345198,243.17538056296053
296.6985975971682,255.67506510819163
358.0559622263905,269.50544912424397
354.37662225066845,288.10935999831366
282.57947608671566,259.3174932245646
341.9137532110081,258.1128419821605
333.89011775860877,281.24325806313647
358.2934048738541,286.8594044668366
314.89279766957674,300.0439908474756
303.18997564502007,250.82533171850343
350.0315951332592,257.27221594127855
319.16283032103075,266.07085860464497
365.83307289735376,224.72437491372267
349.1903786826407,303.47076139658907
367.7935615699717,226.20426524142965
343.27556761735985,217.77398547173902
328.7421196503608,221.89391447110617
301.20518537610735,288.31473539920603
343.3226568448812,282.9806956812277
297.70343124947925,284.1552142276807
300.79014762625405,297.6111005110168
366.53183566275834,239.1238741334932
297.0103328626541,227.34534481090918
316.15616353161647,262.01520014702754
277.683204517935,235.6559823199589
329.912848200612,263.3169182531585
322.2547698801967,236.56441766766574
299.65135875924636,304.3508220402293
291.315764595706,235.90570047740655
348.90327195797533,275.40222937133933
362.2920358081603,283.21673517391434
319.083096536862,251.6537834723004
355.16329814334523,242.07054468146907
331.3769969853851,278.9188854303531
311.52493410797274,309.0914766788101
322.1238120745288,265.23756568675344
291.524508852378,236.8615978922724
316.5581629636541,294.0387911898011
297.3447018800999,252.3494464220512
355.7028318155948,323.48947607811556
307.6072610121395,286.4491216206912
326.30724644474697,240.96738818543807
355.31372678821896,241.80200618711174
339.9956976245313,246.08456580120068
314.48747819195404,294.01167896482076
308.3845743321952,287.3222266487657
348.8364183813843,283.36819645888045
286.10379518518397,286.95028586284377
279.18006796107136,283.3415695895641
300.53548484473043,247.7144414327807
328.492689274389,304.95095173912637
329.97952953144113,276.3705553811616
374.4602645126529,240.4490505737454
355.86150346274474,277.46209203043617
331.2070891008718,267.3223807001421
360.987768135858,246.2113864423173
326.8285235539131,241.4282266323335
318.2771804526901,288.32112509181457
318.48214915477007,243.53353544508076
372.40226001829734,290.38448072294784
356.74891625578204,290.6632236449131
370.19943972544985,295.2040128068435
313.5504868300364,265.8551077277671
318.4994991677478,232.18402054048534
325.02252403376656,304.22661555642117
378.5091768857586,244.34962226783148
338.1504125329477,276.28530934687456
401.1034987898835,250.12223402123692
396.6048673175852,227.09313772396462
343.221638417422,253.7926702894643
316.30274162520544,262.2929662192863
399.14353124372946,258.2214453360957
340.1060947122737,203.49472822355952
323.4590166989645,253.13971376665512
322.3590458444976,262.7833027243925
392.2910780975903,222.93249945809617
323.71585243267987,241.6221251948593
316.22084355097564,277.3869948173008
320.26123130691946,204.03623027970997
339.69106367299884,225.3922501363633
330.0116369081501,230.57519496597698
366.87537373467177,276.24393429997474
400.385151480142,261.71555103980893
387.96694290404116,243.48184031421374
335.49909028654224,211.89571909661757
403.4098264421369,261.22982987035624
397.2136826498755,275.2269657942037
329.6668642158171,205.21303343999398
347.15451115573273,247.47441134804166
372.39892471271565,264.09038948367555
405.4261025583606,220.82651191911725
340.6684412044126,209.93832737116225
367.3753672285948,238.65893656698145
385.6100508215601,195.89981349250144
330.52702408543007,286.6726961533034
332.3407555799678,234.2421367910285
371.2251446440405,233.33976311107656
375.074859163811,220.66621707874822
351.4903038970375,269.0787329657915
390.4898065368165,293.4211024310525
381.6176300072224,282.75833834438265
310.6706827103079,258.7771807814695
303.6307447160799,243.72961400503618
312.14001429179,255.60839254452756
349.17196125610434,241.62129948726778
348.2706821057908,219.0454799273318
383.5338053333487,252.69760669320738
365.0759875521466,287.67075201809615
369.45536180799814,323.2769649035558
367.7914630943563,297.1418150534374
339.29020622200716,311.4986735651196
367.22835555873417,241.68663064257728
296.41552133791845,284.8511313541523
363.66977963031013,313.3034217930942
304.44183235189826,263.2628384916166
343.1835192584058,257.2309307394054
314.05390740445654,313.13647192718366
296.5938491700688,292.8577126766006
329.2436345987771,240.59866804565166
294.83330425748727,242.22683401523688
355.60895308925546,306.92784275070665
307.7808616824088,281.88327006526305
308.79525668293877,257.61707252297816
281.3607364179782,291.56153637047356
353.0860554345003,289.6793903977091
326.16283447869034,249.29834705243178
304.93546180788445,262.03462581852415
285.5250590376699,296.62357131825013
284.7804347461821,251.0390230888609
333.44983131953614,312.6194888361867
317.6809962083059,285.43981830531106
351.39615028102924,320.5596510776871
318.32769902388327,299.9284304892383
313.3291266836198,249.74488094898857
292.5491565783544,251.3688940811761
364.1381463967527,322.328442437953
346.04624569085206,245.87784609386833
321.32892774476,286.0961736360728
319.4700958381028,276.38077438667665
284.4575861054362,309.15966928508954
301.0510960767187,288.08675630677465
287.4527120323356,308.80045324499827
279.55453654045266,239.94893922305153
283.5464891573735,292.4281184195205
332.67994912921523,281.1028275217702
305.4884600717132,303.7255987326979
304.7155649799363,299.60998687987876
319.33596260570846,275.8357358989317
292.6490635268923,248.95539517857026
323.2382335573443,251.51781571654936
355.0394458621065,288.0695796039827
286.61911842845427,300.10599178902214
275.7979909097882,303.60404940235856
311.58945509731143,267.53056139385626
307.9878434051575,291.3388956291265
314.30265096562636,305.25968143314515
297.137820057921,260.4043456301506
343.8160868312156,297.2181270310004
292.59745404358546,243.97157607247232
349.5403314851049,240.11464597473946
326.3132311334323,226.70307860633667
317.5774199201674,269.6687577115834
323.8005366884809,273.65525967720635
351.7195377302676,311.6743496838354
327.2048873214968,307.7815251585628
294.58068549659845,264.04065373031926
305.3404376164965,245.8519105297044
280.67150276207735,249.30240595044452
299.880558920769,268.6094788810185
272.45177644946034,311.54333462578904
324.23348791693604,276.9173472662683
292.10685320567796,270.8509264486901
326.312008452182,269.07718525002196
274.83142488357913,264.3629912829388
336.6958066828769,272.98806586727835
345.4026790388599,286.4994219232878
310.0432421604394,279.29728001597476
360.10671830945427,271.785712382386
319.4192941785003,233.46593289834328
309.2662614919769,234.8768508031091
274.0311163777038,285.1681035744495
347.9881092203461,251.70233213119386
315.6715739139425,258.1077704346104
345.570062725861,266.7109609611238
319.252360786856,282.6302970711478
274.402037806645,300.8600203110557
335.18769781037525,275.5753628457552
312.80844421388707,243.6794872544927
293.09708532445,298.96822035980597
293.93337008420616,289.5162263386125
344.56956990968564,302.52227375034556
260.28145438222316,252.85701232078395
901.6440739310241,272.0601009824008
844.3876539748793,239.40323766243773
875.082232810683,241.77829283611356
859.9339097196735,286.31445590175474
880.1954105395708,246.0514360925577
834.8154347950779,279.005806458811
890.6549167548822,303.53601640524033
849.1836282016674,306.62849099318487
836.023933584055,242.86756965975405
909.2398619398833,254.29862398223236
914.2554813791465,315.66686428773954
836.3151389011625,279.91119919554774
843.7000190105225,274.0200536550059
918.244558545373,236.80634190311508
921.5856646944465,303.2268642924541
891.315496636589,263.4161408199207
905.3708742090532,258.5451194371339
909.5934230471144,324.6522574550811
923.5427227065394,284.04051286454137
926.656344565801,325.67741132919116
864.8751488763495,248.04817916073503
915.4814799891305,298.0318795059533
931.5645337439282,268.74395809154015
908.4885592747125,259.38456800347626
856.1528176086491,332.93700075910004
931.1964966394747,287.73600382887554
913.7713355476996,287.9132503374072
915.2683833016051,325.9548010420327
864.0099838951139,300.36667539956596
901.5545141286696,316.00213915719
940.9616427993761,268.2393377074124
866.5917868789347,266.13561214901523
938.439910167264,255.22550316367543
942.0694230461369,326.75130925542584
903.2813050162218,292.8908105494292
886.6539921476045,322.42599292076056
868.5478832658087,332.17736348501137
886.4728903131768,264.2866164812512
934.3602203456367,282.31487595075976
936.756103764791,258.6137898287793
896.9176686088415,331.54195032036733
888.5521452215145,327.0594811898769
910.3696763450047,315.7660884879808
913.7089806785201,283.74180620342105
930.961895785012,276.1600763904453
888.659729285453,270.2719324483388
872.7783989176949,234.06846907913683
898.8765573974612,314.22878819762997
909.7916989270332,286.4663587600174
865.5322225712054,314.2828110647703
885.6480140636284,300.0140174441335
854.2396954777803,261.53146249387777
856.0575071169906,308.1963193324026
860.0768871813611,262.75812652407706
914.7532776984069,309.4795312724335
897.7735887493599,298.7382227912591
934.8512947475957,296.8595172483329
888.9074329959318,299.7702575136375
894.5917910664043,264.65729024101194
826.0530750896075,244.00997911284747
837.2211274164838,296.8382423121342
872.873959872617,251.05889940200177
863.975368912475,282.61855050150297
875.1784026921331,250.00648303256855
884.0093601591027,295.5106409052842
850.4029239399189,274.4136060944509
872.0442948484498,248.22425902212657
833.2079808408425,241.00203690682838
869.9943926612877,269.3793043099054
868.0901395388636,239.35517858602373
835.3621524354858,267.74985294309835
828.5114899507527,220.46477000761104
846.1844363497798,256.16800910564183
841.0873385823974,242.64303990258344
825.4445361327075,225.5649200432207
821.2037815909432,231.5330691449666
860.242506149387,269.31648100779466
830.5139675794559,233.736068271612
835.183954150268,221.78062216582703
815.1790065745321,239.32144779988278
831.2570257134593,286.0415028272169
816.1936117649986,230.03256691238002
882.3727986090087,299.16730105130637
855.5176826340894,282.3704792292226
865.9285124158531,239.68586517053075
833.2111942509117,278.4285534542563
836.7780530577544,303.70823454466756
815.1449894967988,253.2626404939047
815.5994582526381,317.79678558369136
874.9139883398246,293.24763189859937
838.6824452692939,262.15870883464777
878.4198241448819,271.8745284367968
900.28782047477,231.5057142936176
848.7343101647779,272.4465413727329
877.8521876388262,251.49593654049977
886.4448173826513,275.21612516456435
842.8975383858383,240.94458035106473
858.5517988766458,317.4615529614923
892.6686141619581,298.84208083364456
881.5256002785708,274.96936571090856
823.7148195513312,238.59864236767544
907.1651119102111,275.78209485576565
856.000070243956,278.62564551845924
867.1454177877625,278.8999592583291
873.4989043874327,300.0898078268019
832.5472087103396,316.45012626623736
829.1735497554901,281.3015994361245
891.1854842217192,314.5449384791176
843.2878206237085,286.7745025629788
840.6079321326396,245.7768801799272
872.0740148560067,309.9967018686954
908.5954995771207,256.77528334892634
821.9535432892462,289.64631456726727
839.9664525193423,266.3454914005309
828.5884162081518,311.8810815164787
837.1540709067971,289.5666736083633
860.5263897825007,324.4329252254023
869.7701055829193,275.04688048934
880.9090522541289,244.54804319598287
868.7273340170424,313.02408804453205
897.9469315891594,298.63746615496893
882.038740969429,303.8349620839943
866.0515319327825,303.69983542847376
871.6618914467102,290.1885195795374
820.1334202922468,249.5156783229487
879.0386000722967,269.2247678514001
846.4306607029342,326.1599287507555
897.2136258405642,242.3643261658544
879.5473388840068,268.3198570670801
898.6622388753251,248.70562780423955
864.6042996589138,311.63898908404906
872.7661275935733,243.7285362032717
887.7854264154752,306.10049462385496
823.7192286866436,285.36696854192917
877.1715670583254,245.9933011477215
877.1166161060191,258.9388898679242
875.170799086457,313.4737252766451
844.8884754620841,309.2335572432279
908.4572686806387,227.07974412209262
849.110235589094,233.8872082740492
858.2530639875825,297.0584147519906
842.8148893910287,307.62764214329945
850.6056290047313,299.1191359876681
886.1443148767261,246.19648279130215
861.4230675397646,261.6938586099117
873.2944758366349,284.3518336259357
830.3768232256378,243.60986143672253
905.4191303068823,221.6143090038343
854.1227328146832,229.31168985740908
883.2255050775055,263.2755242938967
908.4888286372429,301.4182849340738
850.3876026840719,298.442833356077
825.5177890993143,306.93987482710133
835.2356428579301,223.45647079568775
852.7734485735707,308.4923418989231
848.2002193176386,307.5452568933989
863.7882276176936,288.6061826245008
845.6215865129467,258.03937997600525
908.7235558460292,265.1907050410121
912.3962617462503,234.94518839580587
841.0905645281796,241.1873866137493
859.1006457279834,266.8950991339475
847.9250310893417,278.0797132971608
853.1444341361789,232.47815427892817
923.2899252914096,313.7524852418984
879.0750986429101,313.30755196102695
878.0497042557339,269.7291930223779
907.1187634512487,280.6218343531979
916.7373357109138,280.05423079829177
920.689865888251,322.9268103286409
904.7971858870645,311.57462305303176
936.9937921848,298.9541317889522
916.3481944045251,243.411957386713
865.1438916144509,256.9687403064813
940.8908892251332,297.51070434950446
882.7720238480673,303.6635144121935
876.7640424909739,324.1212994611268
894.7578338003071,289.7183380430341
946.6805609812978,291.60772286999895
925.4337178751196,274.1697094707895
902.1022492560691,283.8840861548176
922.5516585016467,302.27489452538657
912.4085956918361,277.69915794065713
896.141543322413,233.03634648205866
927.6614463784729,314.39670071348394
899.3065597410429,278.3394488949322
878.6460744981835,241.64322244897355
864.060761631921,288.2235901945645
878.9430275541108,302.932143880622
942.6472665604206,262.9679754678535
924.4611001105638,230.60783918620413
893.2597827608964,265.7894616907665
880.4433253960555,314.80149513056983
944.2721743716213,272.8005880472178
922.4678331450054,274.54438604457283
940.4659808585561,261.8247899220511
874.0396527699725,291.7326941189706
907.6188356785949,228.36408378828307
894.1502388722546,268.60658897901425
847.9722361881342,217.00624434698943
896.3187871596269,292.7783222500658
901.0737066795766,261.78986828022846
914.0707473247014,254.63163020509302
885.6867508601085,231.12300956944438
883.1245120013607,275.38645083691887
840.2209685474431,300.4441221291034
856.8417558744364,270.21315478330524
909.2012332520101,252.17023029455476
841.2684951298088,298.1331634475624
903.6551274656617,259.2195526977081
901.1129223472878,259.1060121099387
906.127419863982,290.7694015886011
888.8156149602456,246.98691014274232
869.3707413852404,274.3884439661504
841.8504757800063,218.11751467027185
910.4498807216692,284.03242653142223
868.769830853899,271.14704922666493
891.4780067941398,253.3988077177536
844.7162372562128,226.2996588392728
889.5267190268968,256.8945546897355
919.648312980482,262.00539597482236
879.1851001043811,220.205758168819
848.8793247757484,265.08932361113153
845.3346623918272,271.0519309016518
874.7789145199786,277.308778161743
887.7029368034584,303.7432785504868
886.8475503205716,233.26581933924453
875.3954029263253,310.471109446873
856.7655292723048,221.20624471136728
880.4386591337591,233.6020814976015
879.7923399106548,238.44965975071284
881.2946604645616,308.5975135539772
870.7554711781734,258.9706512929666
874.998669531731,244.30967360510073
855.1164557753689,302.0757895527032
860.9756825595124,270.2805072688799
872.8425373190526,299.97291131105743
873.8979589790944,298.11934474485975
924.1193303341761,305.1155328027593
925.9997927737131,268.14426474210967
982.3120834363023,301.7852731314806
1017.6080629360386,284.0324138928173
1012.2926148289099,281.73984126604006
930.2662945876168,359.11440665239775
978.5224764780645,349.45453375302543
988.2599229308246,328.2445161290228
1003.7229999761001,285.00885667137004
1008.260458304716,295.5081309060087
988.8458129371944,279.5731066075798
968.4725811228561,284.49853119745376
962.3035407681806,276.3384742525011
986.6160910242949,323.42923023167316
956.1424530733432,309.59574573325347
935.7817168824594,297.1879422801426
1028.9303787848607,344.1949940832609
1003.3374922233185,370.0047318865436
971.0163915435011,351.5035647802422
990.8936864806361,323.0900275703153
953.6679255691672,347.0752110301615
984.5794475102578,364.72308548803767
1028.4506103951899,290.58458515217046
992.6392596578049,343.68583915021867
993.7699205197492,321.24374842231555
959.4594907645154,356.6621517284805
988.1607602362116,295.399718200113
968.0104136802609,312.70748631314575
994.5062609649983,309.3649967551666
1025.1725013740038,330.0094106186232
943.2543329441355,335.8593358425429
1001.1497536260914,319.7395934896293
1012.4426275568591,371.2490304571503
970.5595768124628,327.84297542546153
950.5103383745625,300.7129028187695
984.4098638453648,371.96752805787395
960.4315205354663,324.59816678281936
1025.2395389381,368.5096811151211
1014.9053646795921,304.4447849585808
972.7587258130268,309.786696528508
978.072452276286,375.600793388813
1012.9415155057408,341.0935451334694
1013.8986604773555,333.9513184590212
969.1529044672203,298.589021801623
972.9032634989909,331.846220646575
979.8502744865173,360.5357673947969
981.9820848419536,282.81030848180455
1022.4968299781433,297.41961078642737
958.496817597626,295.40580341204196
1018.8341636198472,299.61282678778485
972.6173355775538,346.26937312036785
998.501213540211,352.51395740312904
966.5893880252072,325.4868026832147
948.8585846778595,309.0648080586802
958.7804611310393,276.0008795196051
998.3155391124915,358.4943601438836
1005.8935181168383,302.14796949969065
982.3147600465308,347.1523021778415
931.8980199135406,273.52505691660554
941.5207680287339,322.7746690243058
939.8918666038744,301.6292823867471
931.2233291115203,342.57681665964697
988.8265528033805,343.3688340895603
986.3432793881107,277.6284407692397
951.645471830687,337.1209373064992
961.5472901179044,340.87586648695356
979.0775175198278,331.3353278412402
1010.5178273608858,297.46365029651565
954.7141469525573,282.62656883121485
1017.3630845340883,331.85783449470193
994.5048259940436,309.62561583863845
1005.5938505252675,323.2124969199405
995.2675304108966,306.41208688581537
972.0986760206679,305.5811550351748
972.6150565169897,351.77916557485355
918.9158973856618,309.6233864784529
966.954059906127,270.81986932589473
967.637813444181,324.62033328700176
958.7211507436258,265.4217540841228
927.4206415774271,335.55568626351675
925.5264186749911,332.6450692800962
963.0038564506942,290.84042675301987
932.6907016500846,294.05567461798927
922.1329131200725,324.9120376606771
915.2213571633417,331.90349828218564
954.7929646407206,330.5669306030469
937.189437736641,322.25762891941196
913.7918390216008,308.06538910173674
923.2237028403694,361.27400863086785
940.2403430779912,311.5021406587634
989.3760661091343,284.4446240971971
951.8325824970215,291.33969573238664
968.5609635235772,279.3602860040123
916.4600544306215,298.00014999406613
959.2025857693334,296.5288443418681
939.8516936110813,357.1776075341323
908.0788881983226,303.5680596937662
944.290795662269,321.9426923873079
949.2229297124635,323.77806173916883
929.3678034584278,355.86526977353645
975.6278528667319,347.2575071361597
920.6766262850604,316.95611072475583
972.0282251559396,309.355573397876
919.6637599642736,280.2622613735814
955.4687769433453,280.50101580758405
969.2138683589635,329.33294549655113
936.1860385650118,313.29158267223806
951.5460870854249,350.3070303444092
919.6069361043526,368.06610869080885
994.1032718591385,292.2973672062049
950.2244713281866,345.5677094785267
969.3608005792983,296.8514514831661
987.8250650860961,336.5037980857484
936.0423883774284,319.77832427351655
962.1659721865692,317.77608141704695
1000.0511911053194,290.74339494019944
991.7149615776605,354.81500290581835
988.331248596065,361.1189134646203
967.211478405602,327.3509754664179
976.6339499065319,342.3947296037729
980.2966816307112,320.81400235578445
924.2528659685479,324.2005265067856
1008.2283532230861,330.3542134895999
1006.3151050752215,364.77227984524507
937.429577776692,344.3238919112688
965.4596891799458,299.243135639114
1004.046529965221,289.910552561687
965.3659744163214,280.52824088412314
978.985991770863,317.364627606193
990.6216125979695,356.42997778660805
976.6961951198767,291.52491970374496
1011.4065046448113,294.25108444321285
939.5326351460809,326.3283681646927
946.2730254383112,325.1781519415107
976.0125005390418,305.0510482873955
1011.9377350017805,307.6959103730629
979.6483638460368,363.87765984219266
974.2342515035067,312.44957819318796
1008.8602101431032,311.66023496568647
956.5654358628783,277.63331972864034
994.5401529644706,283.94627935497044
956.5760956547451,359.2458220084845
1009.0009646414609,347.831753826826
949.8730044555799,308.32465710639997
1005.8730937570754,320.7559805303629
972.0560937125384,351.3092555383465
952.6394562257933,292.3716453860213
938.6733223691461,320.5178607017018
935.4156272896001,354.48762273960335
1004.6712211528966,316.9152534413633
1002.9079554801604,366.76880326867166
942.3192424419045,311.535122732208
985.1383844210811,325.67351180461105
955.571244471289,285.1808214910216
931.7583760637565,365.13010795205855
969.2279345919114,359.6632045929662
1030.7771383274617,327.03913181607834
983.634199038381,374.53864823797215
949.6143298963174,299.37788535155687
950.5827096799451,359.82484261767274
963.217956455089,367.8996863919997
992.6438867896114,357.22073856545865
998.7157978253641,301.8342539366977
947.4200537723586,338.606244244546
1024.8793692225645,299.7979019454838
976.9972901949432,335.6940900725896
966.7072477479298,331.0749419202856
951.8251707792513,349.72065286947765
975.1133919018266,379.02706086827
1021.3843672164577,362.2800717711234
967.1914745034506,339.7843388342669
964.2407486336632,367.1920270227761
1030.517433669799,353.37076899691124
1010.8057714300941,379.77262088613975
967.118816609311,313.4891060624167
991.340822910842,380.63381972723016
1001.3544340110485,323.58210091899156
988.7783554591613,305.8583715772905
1008.7730364648868,323.5709662208196
1034.2444197996429,359.44753829254677
998.5581488318185,304.8686389376589
1029.8138618612952,354.79801825853343
1006.381242574764,384.7829496015398
1021.4342561942594,389.3469580429585
1016.8169189840578,373.76241778085466
1007.2018822129871,363.3306832115943
959.4086920504427,314.3700823900289
970.8767688141821,352.480700343826
989.4903254253207,335.86462628871175
988.0807003947655,330.91351491484085
1018.4983323282268,347.1807555167286
983.1925282988802,366.4982179024161
1021.4247980010205,317.08160207170016
984.0235520046929,380.31184800742454
1037.4142932131979,355.56063413796795
960.8709952617066,318.9041753195381
1002.8436494999082,390.14366193680195
957.767364128647,307.89084873450577
1041.7853113809938,366.60288954055625
984.9953643708068,344.27809765490053
977.283531032699,302.28812599444467
1014.63281778419,308.5979864322963
1012.376104302517,313.5439342461149
1015.1278955700592,335.77784805923267
981.3029801346829,376.7320609402407
1019.2021917019584,305.11188141528095
963.1204834979259,348.76345552174126
1011.2544853872939,366.9214522900505
1023.7718293462686,315.9168279025148
1000.3128565500363,383.1223542511777
1024.2381623262381,348.87806544408573
952.2163810547928,361.31957889764556
955.0464273517845,322.5737053148668
957.5367964858755,339.56473640984956
953.0832343851191,289.8549038682506
1012.3512511079118,287.94074672194506
988.5828295185198,334.21161529414945
984.2269217266314,315.90109394148385
961.5058987645095,291.59546248549157
982.42206951116,371.6145783377949
989.5046178941556,309.8130268846219
1035.1738462701173,340.0549871654483
989.5556467201158,343.15736200902825
1002.3982166521424,331.0464662004559
954.0545458760322,305.5642069421841
958.1435434401058,326.36824636227993
1000.626267790102,349.13049598652697
964.9504751448715,335.94949319536596
1010.8273937135452,296.79246345852624
981.2617090565683,289.05582633348905
1019.9213443380598,370.5375154222229
992.0429398249116,324.5401237522725
961.7961168242086,319.56649905157025
975.4660836250874,303.632044091992
948.0012422696983,301.2743101451917
978.2098014542532,340.90497408472675
976.2545017505506,329.70367749673244
1024.1068003009232,298.21366355147205
995.886112595416,344.2909830431066
957.3185274805235,344.13915893090586
178.83225872966085,312.7143190202981
255.2984371300634,316.66703621644183
258.1820253934073,353.5049007216174
260.83387831262337,314.75012239695764
224.05828247420325,336.651311961683
253.94092837728797,365.5651992180435
197.4241036279815,325.76457916138037
214.32906772165262,319.94923415202896
217.72999404620577,305.98857491073426
223.3013702841986,291.49861016793983
251.13176158971322,319.9660872594597
252.05382494407033,330.7439870110811
259.31426560808984,334.4018720108722
224.76288303577024,335.31198007291533
212.67020099345953,303.6410897397627
257.8654160673155,303.619397749386
237.78745865169864,358.57866788327345
247.16797877345505,291.0484690258145
206.75015333221484,342.19073480892996
265.29853726025055,321.907693945067
236.6692048694819,364.0499451927893
235.73025081492113,276.5673342507244
239.84208848166162,334.11245161054217
208.35664983137477,312.7434377674228
255.46432596885435,315.53021169975443
224.99039542600687,317.8574911213889
200.24429519458988,293.27372382106375
224.55604954294748,330.16557120235257
205.16476614499973,343.9732502076199
205.56454378749388,287.3282125002593
246.9057650920972,339.74325876742455
237.7761157635605,344.23483837180066
235.1758225431054,285.89388499673964
223.97302160833286,331.4524782398492
280.46228898471514,305.3019477034975
233.5190462593219,272.9750596218647
283.64869033053395,289.6547783253247
212.5978241692019,278.2575603301626
239.9582170564339,359.95375830334507
261.3525321585845,333.87616087910595
238.37187676295406,281.3294860578067
263.9308424067292,359.0535476670226
272.2007192341253,279.6750814827848
250.79823636563106,348.22141411762107
256.2842300524413,340.7843290377915
263.91674321924665,329.884723526016
250.09603699736888,358.95038509862934
203.64041318848734,372.4695843430107
280.0110202568242,298.0370690339119
252.56132530280925,364.13881495068716
252.1843616785355,369.1635855487123
251.12795107239373,301.9800690856762
254.78947007715857,316.9507953544938
216.34082654695655,340.3225521305638
215.777460581421,323.5907938943087
288.28039721454655,303.6425788943614
229.7702166736927,303.51535406824075
249.2359929379195,352.9423288102239
237.6603702543097,348.3441665106338
263.5323138049788,331.08793151745647
286.8837883434586,331.3105408714524
278.3490083748188,344.27276120197484
282.45290535514,376.0528727754072
265.60615277486306,340.6126785063718
276.80886047580907,340.3703066214118
234.41244357218335,342.5408271205452
224.47884568352893,336.73553757497103
254.0728368052614,391.6078947903519
250.8866072112903,387.37402905978513
246.85243574038037,378.0236489448366
227.02693233697815,381.8640993548831
264.2473139001809,384.39460927260177
226.7195602669172,391.4275577747529
265.2824645428544,394.02660281879184
210.45056511230428,376.5509019190821
290.5208321359878,373.94375729121236
221.73078164377645,363.06150228707503
212.08500425042197,324.23298206977165
256.74576453939375,339.8836576805425
241.63589261436957,315.81155923369823
267.0810546842032,368.56964229792044
288.068437696519,317.01394592579436
207.9848235633739,384.75960348045
275.5393719871903,377.6889250292379
267.1087049940322,351.6332865451566
245.6769574686541,341.1923549541401
277.68340142290623,346.8071278722482
277.590649970095,320.53981408647644
246.40494125331224,299.7074012523986
282.05398780782065,313.0290441945927
251.75696592917768,375.29510601751633
259.2777417742215,337.7326747125581
265.1116143953708,376.6557011744259
255.57893812409336,376.15954862865937
210.9675924138973,310.22334502791347
211.87271888557072,337.4703989581402
253.390692169824,376.80492197919
277.20908555316373,295.04258281959324
260.02043364324066,326.616454703816
247.34762402415765,368.27282054962416
217.6410133517711,374.0626955277614
250.07589826884225,323.2830488400765
257.0469072765828,302.9300969151419
260.37213384990577,295.2228381532053
225.30984738566582,317.9102273242644
274.516299168566,302.1127850383012
256.31035379220134,377.6328096971085
258.920838015136,351.83193922470485
215.46270247282723,294.72445045035175
300.0798912612188,311.9634081405473
220.92673437437833,368.46397208376953
261.3998314378891,328.2333597991073
223.49064352821958,296.7738125669078
233.1592321664988,301.70488574291954
236.14537078999442,352.10765591776345
223.4257403595322,342.06606018927675
269.608909177486,342.8328548392353
251.33777200292437,366.00617216146134
260.65707552037685,373.2463024651013
215.3723670887126,371.4431781807276
238.060972296641,361.37056862613156
228.16045712115744,360.1849875903543
240.20303369886892,340.62832201556813
222.45536094964103,372.9583945997286
264.4610705253949,332.38531534656465
274.58569012892985,376.4953582152652
224.01722694976297,305.9570298052175
286.9185510246526,350.4625883472777
238.94352340830687,332.00314540069974
239.00882082613498,360.4729457535872
251.07130432998665,363.40862007550805
248.6615927521211,363.98434310518286
265.7800669207392,367.7936834644472
240.57082163500053,351.47002628588007
245.8043995261698,375.76359064140695
257.8737226025007,300.50364306986813
254.75449169755973,367.5479339667142
218.94415383444692,338.74037680306725
303.7872303708067,346.19916244006987
216.9820905066528,327.9874448910902
249.01657154118308,379.8087758380494