x,y
323.0222326531907,306.0946295439356
291.2573629506698,240.91700823181054
312.53915278787764,209.2243284736982
362.27494424182385,245.37685110699155
290.01761083301733,204.61867781818927
288.9330259960801,205.17317055599028
321.03507869499487,209.6399680005478
340.70383672372725,288.1207430547571
352.925524522184,281.2671455642268
330.5019409864734,202.17213676614818
349.09252750963583,236.67651265578075
379.91036500280325,235.50407327270756
354.59929960449176,196.68216683874323
323.92944797954794,212.18522017322778
369.8694111119228,289.807282529163
297.302187010764,240.79117312160727
354.23219769551304,281.17037052969636
264.17203257159497,233.17154151790442
345.7298856455767,247.47711414260408
323.04678908441906,226.85528772779588
264.2866953919269,172.72848394000317
283.1645340929758,260.13585311336135
314.9526277385643,218.93102129242493
273.7078588839078,231.4010827145055
338.8322294712136,165.58002546660967
291.16997933610696,204.72414774290925
313.51762443215273,173.12726203407837
300.66269912472114,190.11312139848906
280.3258117232989,181.5657863547596
315.0224351667909,192.48392827574
272.2450823165106,246.37046335003365
339.08364012224695,184.2857251169923
275.06636209662224,250.2967346997272
300.4283989816894,242.99031830496375
261.90203746103225,165.36937544873786
281.24019584033795,199.27724575248303
227.02322113221064,253.86314589250608
311.2301019460682,215.08360225237556
270.68190888757437,216.5903787917695
305.4786387851981,203.33829150954068
251.66999282509346,203.89290957145042
223.73384526708801,196.54167255072363
264.3436906669539,195.44363106410427
218.84398973566235,166.28329295493157
245.70150562549713,234.21101486595595
265.1372364126438,213.7509424898785
290.49162144910895,186.01170455664194
284.35372940311163,200.79093890032786
235.07834116191913,165.77791450271872
211.74927606698694,263.34673316167783
209.00729037082758,193.8329289451189
279.567240160291,261.50102790012835
248.18004534385912,181.4015951518483
226.17888251487858,208.69840273539424
219.57471790697406,230.9633459224622
200.95100280749512,207.53116973946663
280.3481488231739,233.98422320201354
254.51372548255875,252.71992945339807
245.08843321677492,267.641771188212
200.64436869392978,264.5591379480369
202.77577416148006,272.4459984701659
229.87354855221167,272.8503569160694
212.1916710716681,256.1299591730224
213.3036539339093,238.95846638065981
282.8201459116298,250.75040904241808
305.2364461806261,277.4828098419801
239.63244860420934,246.8531767468567
305.2597899386524,266.4391186106654
220.0324017804707,298.1540941188361
287.1231443171682,264.49027498895015
226.1141878386819,229.3674070053692
292.7854081142735,238.47808194611653
271.8944081882332,241.905383828954
237.11822895617047,294.96358024641654
265.956099558578,282.1997712857468
227.82846106963527,267.35413551857357
237.68998992544624,273.04510573588345
209.73383808958855,218.8199428583349
307.46259931742543,207.62177738182072
242.36071273956367,299.16600335371913
218.14787911090778,213.07788147299436
275.3533048230264,215.08984272248588
278.85684608178934,215.01486613293318
309.5428276461363,299.1323850594814
279.88212675691983,226.31144145336555
304.9055688656715,290.9722029445164
260.61683533410866,293.60925921241414
282.92987758790787,244.39338022964304
334.9370040535382,234.15052449083362
337.0256728364033,247.34980806399153
250.46578459289253,307.88186492212026
328.55512645546975,279.0413402312466
264.29649808043143,278.8600388840519
284.9892331479914,234.90945251644308
345.72022695453296,273.392855582238
295.22768360988755,218.10045323632357
273.9698287432399,232.74996585475134
277.4017198489636,230.13569576118263
317.6216901209355,228.05013131241736
315.89052198826994,248.43348812170166
325.4463481416026,232.715261521337
305.4933511661872,272.86672611200504
295.777114180471,221.78261163285623
326.88063006439126,265.9699578699167
350.43676841562205,285.1591197612649
259.09973972193006,305.39824062736227
351.08250180200343,233.78943106395946
297.5403246755702,287.9805497444413
295.82962623098683,255.9598994512523
343.6889962064583,255.14422508063853
301.8600035305994,267.59262959774543
354.034696902717,217.03467902331641
323.92950235573,265.6362775447107
284.9777840475518,232.29628816232008
261.62815026744084,260.5513221890942
301.9567109365564,274.1278942445698
313.95249216612484,258.9272418927969
272.1753670054256,206.8965267003482
309.3573953741318,284.85337088126226
298.8721524008418,284.61165475655577
304.0923251785312,250.18662457056843
259.6264299398013,284.47187708636227
260.5496063336174,200.09051990308348
252.51210555465332,254.62136493533478
266.47609265822416,283.4120042573901
261.5584934327775,214.4617432824138
326.84840509304985,254.6466261128051
291.3057588904155,277.15607142369703
294.54142801327566,295.8932686101679
329.79808612771444,253.99035040862643
334.7348394740361,301.6718025723548
293.64801356199297,273.35518702425236
316.7034391698343,242.4697436549622
297.941177971631,226.2492688259375
248.3094523338735,215.27167953636558
294.3952691114677,260.9907986712524
245.4714789629333,297.1591565955126
239.282517351236,259.31053656749066
332.0952181264751,232.2943122302629
273.39079033295303,206.0223658467599
239.7903662986506,268.65946009918514
270.041029780794,285.16759894064137
322.7044365817595,212.41407624513332
276.1554413722158,221.37255773840064
245.43799999912946,270.60298027941946
336.7333839560785,259.3941128573942
240.31764970445766,300.94480037376
255.01578045373589,273.84923919329356
268.80180668964675,267.1719896483493
264.2072240228451,244.60173507272967
299.15135759943786,231.41432514222942
313.4446804793839,220.57020493965345
305.8406687179723,304.01860876366294
294.14934648047324,278.7884508487278
274.94620274010265,283.2530298093341
268.9140138791402,272.04994250863496
316.9138928166026,223.57768230779746
326.02693147381603,218.01934704209657
318.65566117258317,291.0978672746644
298.9418434784552,252.05035048354904
240.18564670366055,282.6715584809589
299.5994442911358,237.5095719066323
265.67062555148664,245.05649702708013
340.3458973834234,305.42671904622773
298.8954254767305,222.13854359058632
334.3407751333612,301.0833794751667
279.4872714010629,245.90966615722263
274.8376916288617,286.78254018540696
346.982432598721,298.75351132322396
309.64185706300964,272.7443957329901
272.4441237013769,230.53205363992913
334.6222284483828,236.44599431504514
266.4388167279277,254.67059696495537
293.628681096017,250.17962565728973
285.3243797640872,278.2625640558252
285.55261117414545,294.15733937888274
358.8048736757546,303.7741910745802
349.8076178672483,229.44047800349767
281.50427223270646,266.03595650895113
282.1151331256725,237.2376491498909
338.68375468759353,266.14296106529576
350.5808342662983,243.59121452727345
285.599588688928,237.65974875391342
316.70263750023906,264.51283734124
334.13680029971226,259.1442102088796
366.2320712264064,292.04169334374626
327.7205447933378,233.14552403199463
305.1131253832764,215.1381078299198
331.7344484987651,226.50509058235556
375.0988416574079,208.68046813099562
369.55793413385635,236.59557666141788
321.85522165856395,218.14138146120757
315.0800054593844,212.4513754798688
352.21073080702183,216.31955497747825
288.73255095896843,210.51494411068114
280.5154481407451,251.95108078749672
343.9328230291229,261.6543823745178
350.4067848714613,222.6575869146436
298.0740415130997,287.65341936771284
330.40242542379065,205.48071474193011
282.00131413933565,234.06560175888663
312.8960072080927,246.29216760543312
329.18125918169676,263.95032060882124
370.74340094065957,266.3127322687784
319.47511149919126,258.90538998928304
293.04690866994514,246.14509694750242
342.37329102420546,207.48317596036162
371.8458173394141,261.8808904253828
365.2546028141951,201.17151205905049
252.68577606389317,228.95599400478855
267.9793388375897,286.0358834321714
305.5202736151858,246.66094679572396
309.6991368853347,248.41223828315273
250.56722326815026,276.3898925829778
300.2059340009002,199.38529550974096
303.59792483343944,282.8941211102195
321.9888107040592,227.2779339906978
275.91872768049467,245.68360045516727
327.2746196180427,199.1808640361934
322.14310976796753,210.54029715153865
242.9211289273775,199.71397907697553
247.85529893175342,266.34418513073507
273.62419499475635,196.78138724826687
245.82034455621368,220.65913391828167
283.5825067073083,250.49492932346664
261.15406348252264,289.64610227471303
279.7449706908055,260.95668572191477
253.81854946815787,257.0463278984616
303.4915907819617,252.2826293245908
243.16966749457896,243.66261471239415
308.053681545308,264.3552356490574
219.85595991232069,285.24914906502744
252.0679928240352,283.302439881537
291.5932484937207,283.2558491602188
258.8531965572856,289.52242423212
266.6431032913637,286.4225696561516
273.8274434362353,283.0077607927241
276.60152065954065,287.9174721005734
309.55665915726075,260.49490368157916
307.0452605047769,317.1305720934608
225.18568298529624,313.24613089796435
312.664859836879,342.9683673298433
315.26180600553084,259.38483362008884
251.99450055917208,307.749039331497
292.8471392467246,266.8411097867719
331.84712377373194,265.0237362076588
299.6445123455743,298.8105001358041
262.65215911205684,332.2900868194736
326.096424921722,312.5992357102582
298.60897192281647,285.068402688665
326.2898640224985,256.7865469495097
269.8541237275941,354.314756861487
275.0836645626325,265.62232508821825
296.80164095497514,319.4280154286559
332.5646089851903,344.484707486411
276.28263483431897,283.75352268959966
307.62329184194914,322.46367331065903
354.932932259499,360.17465522982604
327.6482202911989,268.35896504126333
297.9370980570657,350.5533411492696
353.33195759671275,308.5541214603691
326.0060970014508,339.87235906778824
348.8682226510571,362.5677224501493
389.4485412711266,298.17173255761907
341.03731614853746,330.66306438763326
334.9379160865268,334.51153217679683
362.31174286679203,282.5166562862093
342.925322144349,350.20254594186235
389.10990824191316,330.50617320933327
368.44015710723284,279.25011719757805
354.3857955502721,355.1301560544056
300.76301543127244,326.7658746628416
358.1530144729536,279.81459601225083
400.890010670278,338.8390355731136
356.74866381103266,274.5297803398504
339.64152401707054,279.5935120160302
365.24688978750095,264.17625854694467
330.96478907566683,286.47680450850515
395.1538837675905,310.23932907681893
401.6087875404589,315.6432626967231
424.3926057516372,313.12748691711886
399.1232954644365,297.03181044973815
336.72719816364196,354.8081438733733
354.75429110750457,324.54946170499335
401.44724573760743,269.335800620177
419.9343220427954,295.18417936811124
331.87586019425095,273.0433174925081
405.32928838605113,287.6870564633514
337.4525319857786,309.2895313463993
389.83512383470486,325.3089603878889
321.3671761451982,330.2270760301295
403.83456069354304,339.9830196233497
385.3805324283991,285.33997353304505
337.08874602632454,298.0729385482219
413.3272174267381,271.1085478618542
363.5905040050863,289.0752464130024
363.9422638800186,366.73212671456497
414.7445079938738,365.4794987152487
375.1360439924959,349.6414781202388
415.5027847491866,352.4406714428591
394.74015214937845,340.3314406816344
416.4004750703318,309.77999854716336
345.80669624787015,369.46470018493915
415.2259514426366,300.0659538837239
357.0472342394721,281.57558275733635
353.1012521510763,328.1999673580401
331.87648289284556,340.9492719949567
383.33867654638544,356.2824655733974
378.0656782289907,380.4281636006421
370.2885431896391,367.86285417682296
353.35041283744636,334.38856798450104
346.68225850951177,397.1845256565558
373.2916033496649,385.2873220639648
372.982456907964,312.9920362264602
289.9870667783341,380.6872506702084
290.8571253430218,392.57196506176075
298.49941061828173,386.20715152626076
384.09816475603117,391.4455895956178
361.78520298297315,367.39371856444257
321.0424410763678,331.95799566156086
367.3600087105133,346.64198988900534
361.75369198364683,389.3450652627376
359.620439470726,357.17255845685105
279.1566093767868,348.5547846927039
289.50495633821953,390.267794704275
355.1864009348226,376.21989782671903
351.22555881349143,383.963183930899
321.738863944719,330.5599156882254
323.16984761533377,344.849447518706
312.8794764342964,412.3571667043086
347.86261064466396,414.06574432808554
360.25939757280787,416.3773761137471
338.3233540681849,364.330600556328
355.098068690165,337.78315940902786
305.3800772116746,335.0752865579232
304.9501736206041,406.4037906604836
343.6420460604303,353.16329806408385
304.1254805521296,403.38100493801096
317.98624933655924,425.1562370325015
276.3153615758086,346.8749767981977
308.6962692902084,353.0620559307677
343.96571158040945,363.5794012010125
301.3990288565944,346.87104426586575
331.9443013845244,437.9132424866864
307.54092898808807,386.4873699842049
358.74720871977826,400.01423150040387
325.3074170839211,399.2466618387992
356.0187465178547,358.0050499637556
287.26486660541923,359.46257686173215
303.3218340520097,377.8958704496048
319.5995168252642,400.13367960737
326.5288517552245,397.0803442055803
315.0641643712254,425.8169676084843
335.11170888770414,349.4812376772267
297.8270662052851,412.37911191812884
334.027721485808,383.7488811679665
337.7215431228309,405.74566543702446
286.55548077623826,360.90591266229836
341.0760497915122,341.2206382998974
287.97650637455644,357.3508529568727
252.53867257426865,364.10972515829934
289.45506671721347,354.44559248157964
334.20765586536095,420.89115665519523
252.06016450090516,412.41529320313373
327.0038577419328,350.82716809626623
303.9906055258606,350.48613329337184
324.2630359986758,416.4996558994254
282.34631657677016,355.9192030285599
269.89089771343606,375.6019348688602
238.3548092543101,348.79923727101743
231.69304423480372,348.5220257013401
304.1807651905293,358.25632126541404
297.62481570671395,355.2417866388424
241.8527913495606,320.4447280089684
287.227426840355,332.192452575474
235.9872063387398,359.89027964347474
238.7438292235105,304.68493144430033
323.8896393518086,317.34807541818583
268.80752461871316,300.894411164254
286.9279559583627,305.86623331761257
267.2468531509306,351.8037237966841
275.5415323175086,352.3312144689597
236.17213015065178,291.95861106341675
230.66802056715153,352.8728173048394
273.8839746885001,330.1032411759461
244.16335881855525,307.262035235469
325.42388585364523,313.7585792396958
261.25310348291373,331.4570176067114
278.8354799440092,318.0878754303666
236.5167554811601,268.66473888153854
311.8929723755738,250.1085034033057
320.2182217718218,347.4065385644245
262.55215002161344,280.9437625099712
254.78833917847857,278.7621927710264
282.14743903415086,290.42459806883056
232.17076181879168,284.7043616259836
245.66130558519956,327.83262787972177
236.49139205180174,345.70427487814413
293.4218231048494,272.7977140458596
299.81350133147646,289.89584379186215
285.8520402087857,248.70641916500003
341.4578979584062,307.3916820442343
303.479759632481,336.40712368685433
305.6951474797254,300.15872198936864
304.297363741549,266.6445602581919
339.7157645610574,329.21786704082257
309.1814842798888,296.951177727201
276.8783795367844,271.49039911347063
269.63543314683585,346.6898860750888
287.25180128768267,309.69498874615834
327.8103920131106,327.0026691635969
324.2866608063596,309.17082105017073
273.40035055178276,255.43938040751524
277.3758771363532,263.34433195011854
349.70315362181685,321.7061904262404
313.1925486846446,288.5627345062758
286.8254487660293,329.7846648888534
348.59903684515575,380.6749571316719
334.30404331102136,341.5603071559272
286.1207294043758,292.95765215644377
314.9433074790267,300.69218943871385
348.2013424321594,373.91444028719854
305.76523127195753,321.6705345645193
306.2250378541776,339.73856200438297
305.55254287911265,354.720746194755
341.52927944467194,380.4203796863694
298.1840948855043,360.72931065972045
362.32599667464626,307.0433075875127
312.6292405503204,325.91162092528333
349.7873059706921,376.6964837603678
277.70814043979027,368.28405500640577
343.8411768535211,367.1467184235049
282.79864183021135,362.68124125236886
372.87570440129383,422.9774775465175
287.2435758258995,395.4598909978879
366.7208093746731,348.0572067904252
279.63750987192486,342.7224168444557
333.753485349666,370.2009690453467
297.1444619955512,397.9174082385308
342.6805219483292,386.123224332991
303.76348967507045,376.6807385334828
293.6141209350721,423.9699720608037
321.2896784567889,369.368944821114
321.400581152303,347.3948666368142
292.69006567479846,368.4512562918951
301.15060419137615,355.69773660639925
328.48360168957504,375.7881276860669
332.3012076851445,360.87793532001854
288.48240436166645,366.89489087510617
367.40987127796757,373.2616375261098
384.2632534055339,448.05532935134727
324.2161350968284,426.1403626102075
375.3946520584898,407.4841333509425
339.8017136550495,375.209808146127
323.29362998714976,368.46762217518096
383.7351963116597,387.7034343401418
349.37854839114897,424.0346158893332
378.57864187147976,391.1716837692013
378.02257647163776,380.8669471099526
319.7093404619452,436.696232146332
380.43450123811886,404.1787047160967
324.1956485864299,408.61434692199776
367.79346944463595,458.81416946638325
339.5485247528626,421.9353859612546
399.3046541486623,439.30686224491365
402.868037835256,474.6677024671284
402.6294519934347,418.53494168849284
437.31782246696537,463.74024705905356
364.7368994776065,451.21691812061175
439.06703959920003,442.4019244505464
439.78378891231296,469.4457084144884
394.5341417040505,405.6870173171884
417.92417709335405,415.10565653288376
353.7438219654576,400.0256443507908
367.1919137524695,396.02087875105434
414.8814027994851,411.28202474199196
442.01401053447296,458.43100353200754
436.2862031382199,468.33218800669766
422.2079210354966,422.9319801967841
431.3236048687386,420.58772740884206
391.8470860907565,450.8888537171522
453.05383547102576,455.048583779488
423.9522290740298,369.3008823110094
398.8996829787448,410.84718011841034
452.28544356831617,404.5705873350977
366.8616135032869,372.32391980656735
357.48517717883084,366.50161037059104
393.9827127343985,379.73764151702443
423.69332089337604,421.68631017168667
419.60414981790973,410.19567337417107
373.84970628395774,423.1490739779655
430.10285323192255,366.25700187555213
407.9092014676926,422.30378335373547
415.2011883817629,441.5305079067741
430.25296281841884,380.0511623053456
383.0597333527663,375.87643204238077
429.97198953580505,452.3025121901695
350.5799879155237,419.30617910107776
349.76848195000343,353.5013898253661
360.69285168623617,409.8120045678246
337.7828098790757,352.4490237487894
384.40299204524905,410.4834834689802
352.6418816512045,352.68365450811893
389.81330342873605,342.2378578958347
348.1429966905345,419.52362280578177
393.09762505875665,371.72283567509277
373.95502069905547,341.9708042414042
349.80124939768837,412.9473148667274
402.38153977104105,332.8527360263271
370.78652208296995,342.48904380526983
362.83326339897366,429.4670994333204
392.17812878634857,412.4736620724081
405.33598359576104,422.04851591626004
355.01175095753155,403.06949045598583
387.68118027387425,394.1079612522935
310.150390872056,374.9311059403691
369.6467299261566,331.24965283113846
314.2761748715782,332.5150039623709
337.79238200521684,344.84611202211147
331.53283915669846,382.22004599953266
327.38041725595065,342.94902455109036
347.32779104246805,411.01306606164366
308.5284774558622,354.12027928171034
346.87392697914845,363.20264831563037
346.798792794187,337.3702266680052
318.6074883912704,350.66468841180597
311.3448744998362,414.6025965477853
352.5888856073401,341.5827596574428
362.4426902458988,412.64674966414566
362.9664227720323,430.8263551926048
317.82634099934495,431.28803552420266
337.84359901192573,382.4560245840878
300.2432930477427,416.0358338687051
371.478808055,388.0429428922985
282.4673548100063,442.10344898896653
289.1764379543141,388.29327148233375
360.4509082060842,387.7087903227175
315.892497294457,399.54099171489395
326.2819336458699,390.11670300339233
367.10533091284833,437.38727773634525
277.50624603124254,393.1720381757964
297.0390785517635,405.5097996538658
285.0719469328527,438.50762474214895
301.2132626198313,448.18927101324005
345.4139692333711,448.6666035032258
315.11883909053057,433.99177119647425
378.89537385753823,386.4680110698192
316.96208028957875,447.3708609288047
314.9745960264533,437.7990078798425
300.22758780733585,459.46440952131854
338.73412250152853,424.5608704126809
384.37943503588684,474.5375072111302
338.42049057145226,388.51414913409536
390.2849688924204,394.52739693068673
368.0856795765011,449.48858653008375
377.84159348530244,417.8894187500492
379.86536095334685,464.9416574886411
330.2013729583631,411.3060231570649
377.1505603372106,461.78654430772
353.38673980721506,434.3217961152295
320.5594855776333,393.30206572853695
442.63513927926397,451.08608406194185
453.9425799207416,455.57808011512265
461.446236829277,446.07819639632487
420.21249207400496,421.4372983471975
443.0848961277559,460.481293855507
430.10795327561937,469.0079946325859
444.1907769215132,437.2633296323852
423.69052421774717,495.00206923826073
378.53718546029415,434.54552720582296
446.3121238234571,417.7413161688981
448.64176088360534,477.71078714377006
382.2149489540293,442.0773640880309
413.58362558162804,428.741362267489
425.1535516792536,437.626530465364
419.60001092271693,410.58028004609616
425.09053526083744,461.42950097076914
416.7616754558964,441.23251245760764
428.0030537944847,419.61596792944187
429.31328048204995,420.55928700515557
405.5834219650174,408.4107702245884
499.80119660782464,491.41545005831676
501.2402148340992,451.36395678918467
494.1390268653686,489.19386692853385
435.05174428872584,477.062219253992
480.80484535867595,423.27072942391413
435.14036820754154,484.03954963883064
413.40520232955504,408.85725941201173
478.7483965817455,462.39892335812056
484.089367004412,433.48992909702974
435.0611159847687,416.51722410135034
452.28378549732037,434.5725147320992
458.8890555653268,469.0284123037393
425.89720266259314,364.85647182086274
439.83301539788255,400.2139796006255
394.8101771187591,449.61322189626054
441.243167824374,372.4830090619217
475.1243860049103,399.69410855020107
493.7119868989441,444.1865407988391
439.5369821186752,371.82392251431577
458.890923735913,399.80892633946746
446.50756019443503,434.0216313976184
481.42662629066126,362.2857349706132
418.2745537474173,378.06431155009477
433.7367403299776,445.1795544013439
482.3977445735179,390.0921579694041
461.5200503717191,369.32847379122995
399.6046673205956,448.9848243719895
414.62960482476245,361.77136184678795
360.6229978448114,329.6997885097811
432.5059629976063,376.7671483048141
376.39751197328786,403.9620804582578
369.59667347624645,407.07024915709786
426.35179185877325,377.2362828480766
402.5182475806078,326.49394098805425
365.4542845649001,359.3698471173116
403.434399269192,374.6043730836532
361.4643265453974,342.0699824975975
422.43419331148095,394.45226920501204
383.0173584311734,425.88960015967353
381.13265276455576,351.4254102512302
364.3908968395375,411.26220931931687
389.50525341504505,327.74453812241893
366.93497850145,390.47391501135985
369.86658039016726,385.2593669523426
332.2494194122637,382.49699896663867
394.3861105495097,404.1360314182181
339.1700094983625,385.12815680016155
364.7740382422329,426.32944647318425
331.75724101218316,371.03087149235205
367.4447526733702,426.6242672872884
328.3694436099902,347.8796552999512
324.24103232473294,349.63980854579967
399.28851226616814,350.8273894035213
403.3953761617174,396.2456267873591
329.9038905045167,363.01257389361126
346.53394956536107,371.6119614808515
411.5316458167891,337.34339090709307
335.3266861778498,366.42391321485024
368.80753691567145,402.84126082872666
342.5119846541449,393.5261313362191
405.6984489438738,370.56423287159873
385.1184385996705,360.43739193941303
381.4470798171913,395.11773461801334
357.62050848722714,365.10816102147095
319.5810161657435,376.69274579195843
358.9426323564892,389.9948840435592
371.58080051178536,357.9778719682482
376.91595118902717,373.9764337580271
351.4763639129183,363.9036769020516
372.4026362717235,428.9403825257821
368.84370104834466,404.06529224206247
384.00637125673387,411.77334506927616
330.1157065099738,380.34410661560287
378.41188030300486,427.1778711866484
342.62290104338643,398.39717026673253
317.18278682022395,404.43104475364527
406.34591221655273,381.5640007832719
375.7835029427591,387.8265612394622
339.63783048681785,407.7084747437284
419.1705737124322,373.8304008686578
412.67439265198334,396.214616677035
348.95239625623867,374.0752054560627
334.5244029483409,436.01772010083243
392.75546055297457,455.49996981691845
339.1137323772823,433.1948209399035
392.74843937360293,464.44282373979723
351.8276957868179,437.339968406538
337.64797454164153,466.53016406176425
401.56089048837543,463.403277174352
430.0093569853901,456.57340725054064
385.3736626494326,430.7911965290973
403.18331946235503,431.99136583023585
403.2192047589449,436.63608226121767
363.5124184705361,430.875238702
437.42384025460717,363.0175115855182
454.61900217632603,433.7488380689336
381.97249901813666,405.7133666239751
401.7572643183445,434.93261743865196
425.55660522022174,411.61607477411667
419.7899849077395,364.46460693607247
363.3352969280639,410.90806888315575
423.562342102128,379.35912662551743
398.24671296327824,370.0162208955165
453.3118678186688,368.9843151038349
442.43667355066265,440.6033969640244
433.48477703513055,394.0516863365255
369.68926003257695,375.0844261010526
371.9978433155701,359.0157826315671
460.4390345277324,300.3535191978996
385.9341928995379,330.38225513219726
430.9202177445253,324.24969401052783
456.8191401570993,304.23823644977085
399.3863027365044,382.678956312971
411.8964201037044,311.8503238719396
401.7093027407987,302.8993031573931
399.6515921282841,311.1036401666611
367.4392200143174,384.2148629077891
373.75640194685826,358.8742696569281
429.7943773677223,337.0998587563453
399.006544702233,320.19146074255895
440.9076288317187,359.77319233590697
406.4265795487013,378.79676587126306
367.24633289126,348.9967423540923
406.73336723366504,367.5729630778935
413.7187857625606,308.387265721155
369.543639431424,284.52162249210545
430.2110186964847,244.18411013080524
363.26617915235596,322.5981797167756
426.6533944513733,264.70252779517466
346.37865301110617,272.3017966430171
406.2168574690697,248.02856901384365
407.7496323651922,266.04982574114007
424.2623348697243,293.7777013874985
396.64135739048163,334.1464618606328
409.62268294621606,324.67357457009973
368.8393963042456,328.36648104559515
417.43318429671444,319.4165016116326
398.655139158459,289.29959990904706
436.96490250360705,241.0489333055138
370.77927547666667,303.95006964197944
329.6832978873894,288.2477038206248
382.3143650172241,297.9773619141093
347.6726635450186,235.55523157232682
334.69554245327026,305.2439629977332
386.0229851129538,287.53952512095157
363.0738394156624,236.36780804583296
372.9046154122889,248.0079876733192
374.92981647643614,233.61828217163514
376.1377301393991,308.23728012652316
307.98227955040517,238.64890021209615
390.90021790745163,234.72526485183272
396.9856040506153,297.61846597385846
372.1288094492573,260.37354027782646
306.9961293824824,309.4549660394067
323.1556161462941,216.40591665259427
330.8980637852813,216.97324693396376
344.9334848488205,266.9505393424432
345.7841974016219,311.415553003072
305.4528028732789,280.26823179473195
286.54219135062954,270.84944515695867
287.0374323453939,279.53102894995476
378.5000088956861,269.6656270814229
303.07267311587856,283.62214228620803
365.06935780517153,268.42556789282474
373.3944046571697,307.42157806549034
358.51319519524304,230.09397454244672
303.56650666075717,255.90028499419958
363.57323932506847,217.31397011515395
381.3655818595922,244.66661463503414
305.47146518634645,296.3001835163687
376.7739988130776,289.2629837019086
297.73232261546923,314.6847480245766
341.55453491742446,266.62109897352104
361.1723455452893,275.65803458566734
326.08817374993,336.0410416967336
319.50572047411015,252.67819540467667
347.32598410963874,256.14715653605987
342.6894865481712,265.48743494409644
374.3575709779461,316.4404101609962
307.10218453257926,245.1994785399175
355.72474247756077,292.9482904508269
342.9814544174944,314.9704878193849
304.846239761814,324.9418475196564
303.31015641976717,245.4736406885487
373.69674891402036,270.4833774520725
322.36512532733053,273.24686834408556
315.06589478372194,268.59405598884956
321.46119700721283,296.79607199268776
402.3906472116779,279.2389759153071
382.81576639097096,344.14263422377564
362.3065399554594,277.2304194353662
351.18771064525737,265.13701788064543
385.9377565495621,270.1619934580349
333.9670059257537,262.6055007852243
336.1621138474968,305.85747131281937
377.7741975764357,342.7146200278311
318.2811608253261,280.7916404582512
358.26778458992754,279.7910375553189
389.4048747161867,309.4832571847041
382.0205911805333,298.112086215348
337.36925786626955,299.17653235271996
312.5542028628866,264.0975943072974
387.1230680411006,341.22020045448306
391.7329425697703,344.02063989437397
376.1525449523534,304.5639527282756
408.8715806130625,264.3843568836741
397.36490726190135,314.51841311958026
405.7387277436198,312.45262299142337
352.816718352279,345.7127881584107
387.69331856431245,264.6814143581768
356.57988312145096,256.75524606406145
368.47425199397986,283.20950114220364
398.6815843501381,339.6190389757902
366.5534039202801,264.5252900389389
434.2307356697631,282.6673313023649
416.09269123028565,341.8204425651758
423.5286985371132,340.335753096361
365.5951111928972,287.1094057354947
415.8586047366874,301.5346060340251
395.96656351995307,253.15408532142558
393.78284619597923,299.09740495731444
362.79881411539884,235.07869329494005
410.81270318071586,258.9216542430611
392.57230892396944,281.8202327063089
407.27148973218164,246.14473507044457
335.4444847448239,313.2159094637762
350.9719127043405,220.96024290971008
423.62400500960763,276.4516328036515
380.088516807641,245.96364547187278
349.5836488156725,282.79076649777204
412.0967735953046,289.26008888190546
358.9569556852267,242.9001035343235
417.7130657802515,313.2994142927387
367.3227243856665,311.7033685099208
373.95178901771254,220.97812510304527
425.2708073455169,246.7609324553649
325.5875639798413,211.27265131135135
367.120627570892,257.60453401566895
285.2377581451565,219.98010773069478
322.3445193877186,256.0412920044725
298.197904943776,204.4171559483811
303.49546251928746,200.95142931563637
360.7853890666885,213.73150141836237
293.02463541727496,202.7215385231732
296.81601100511887,273.9089267400822
359.18852466484645,221.88990053233874
285.0860183724729,243.32764859736994
357.37624111276284,228.06699846563743
359.42580133284974,228.2890781607178
350.28829917409473,270.65439891762384
340.9114077946501,263.2189021822938
274.01123783451925,233.61407195915933
263.00162572743017,248.3007064024586
316.7505383122179,250.84952118727284
222.8037655087786,252.47176981065232
263.44085991276813,281.8839548994175
314.4612951980431,200.0384594799424
309.02861144881524,270.611829237753
238.37302707353663,267.26509622869156
300.68668557115814,197.38187527122955
223.89902641899863,212.95530482596922
235.556872402138,235.76449965568526
230.200632641757,206.60533032637554
223.58226674378463,270.3625025057998
228.7880569271378,287.4344906618768
236.80085549631073,257.9757763994248
230.5669254971309,267.9096654147381
284.490719569006,232.8731399554574
279.18714727922344,263.61659488576544
230.48661165734768,266.1255356552152
267.0835650282312,324.701508839696
285.883318345628,278.21346329912683
287.58096051968823,267.5668167723439
273.90578513163786,306.0442622328797
297.02618167503584,232.10533725257534
303.1263911342915,231.46781693558927
241.69860319310877,311.0303011909723
241.4854218304636,252.04284253943183
303.15080913390574,272.4685303085745
258.26927094223674,308.10607360782814
297.29553951129645,300.35537452086066
296.6678776242475,236.9635264522314
270.52971522525576,238.3525475461867
243.28224582595738,312.9216341718736
361.30558619177054,272.83054645767425
363.5795852077901,319.6181047318089
294.9952918782617,296.5672059962418
294.67282961328334,320.5019622294564
304.0599232763337,319.70286411342744
342.92130041168076,278.1333304434963
328.0040057728054,316.9095045529921
343.1350716629744,342.6174656008943
327.14235652187216,330.87398599210206
340.02236473169387,289.1226047871304
324.90036567422004,305.0238986787695
333.6937063918322,344.8276552363371
277.55436511307283,264.50707000290384
277.36865046517175,349.38253107714667
272.7494216378776,286.45718928913277
316.3008648049421,310.2310797888034
320.3298416726434,287.0691689624556
385.3724865816899,329.88933146676436
332.9047271951669,284.78086489907554
329.359406598165,329.5230678046142
396.7080295919063,318.09845335208
393.81779283665423,318.2183425758132
329.20829792893363,251.30842742107868
347.832368230725,286.15446464150057
392.03567588520036,344.23056940882634
381.3307232310558,254.57778537378616
344.0295179173666,291.54525166571943
379.94625840960475,331.1069019338369
389.40632812607043,270.01206269453286
359.6443856427014,319.50760021217957
400.2481965045153,304.7506021844062
392.45163560981405,346.9052777681043
334.6927455838705,243.51070056280017
339.57290412468143,306.1412901396281
310.20991106166406,284.5653042827728
375.7244681086673,286.00899979022006
356.288708292768,242.8929179769557
356.21977405833616,301.4192124191453
352.6317986266556,293.6567289111224
344.67660549539715,227.10198148215048
372.996057172243,253.52179859491537
396.541582202575,280.5140106634174
345.14648687007207,241.00865827946572
339.5079182944657,258.9621783836909
305.8490374451447,305.35180294612996
341.733187850831,315.3640263713195
344.2763811690042,308.075837949521
384.7878988843589,218.0062852610456
281.4779606742808,263.05461630500884
318.065587452038,243.8654553443603
339.27300094181476,231.41571866687676
355.94463700953634,246.57156983828747
334.2338659829415,208.48586264318973
320.78435766241586,283.6568813138306
298.4122507145365,228.11316856902582
287.60871921615956,278.38262838782543
339.07179979623083,276.7627710041173
313.6501504562387,205.30879683986763
315.85779135451276,199.76440937100713
342.8246122329235,242.2449858211522
363.11505180230984,220.14215867015628
333.689282640392,261.0110393139419
277.6910258047768,233.7850812156764
331.3032129651813,265.41880294521025
319.08970350707443,231.2034668993789
305.08573601046754,198.81514711559103
283.3870330732945,202.1065562296145
319.62972155511767,291.38309026022824
252.52260760184387,279.81697824587724
263.2927557326682,251.74975483706814
300.32505432980645,242.99453847108373
315.33815312104815,263.7421622109525
272.036755952697,197.92639407785325
250.35433404726518,234.9827235586737
298.965835627002,247.03176839771496
278.6860889836199,276.73939585180153
275.0532848017879,240.17994107048546
300.5969348837824,209.620634853522
295.62293849648,283.60306586366266
279.7705450533089,269.9633095827114
234.77144564868948,250.92808239875123
238.9422226612119,303.8820491317896
315.9498920281559,223.61528066774753
284.18529809044435,262.62469294467326
301.5224869668118,312.2469017573942
254.4016396768903,260.4390884952632
283.3081174791955,229.83190043279123
273.43045084115136,259.7465395770978
300.87751588837125,313.8227900168631
267.3807729283922,236.56338214833065
233.19826826092137,251.0642873924683
299.98869039583246,263.4977632425169
330.0305598036827,247.4923180602306
303.82507630723586,300.55968910837964
256.70850142514405,223.1233338955058
247.5543017869423,256.7864912412768
321.433195354723,269.42300618429516
333.4424831751893,279.11671512033587
292.43216263981844,273.473437870435
330.94410159038017,238.50954762384123
253.485492356803,235.45590911275684
319.47739666744167,235.40016046831033
274.14466737792065,254.91530318665124
262.402385460258,231.39950633747836
278.54414009750775,223.55612644268888
267.55348541007555,264.9877004432521
331.37951419437405,320.7624203490109
273.9176178912078,265.7565648674877
324.20319551076483,303.3595352724017
300.1157685512101,244.00697682962436
278.81535408573046,250.7630636548628
290.60623207140344,298.1133582634915
293.6123757394181,233.37664556319837
365.66851630700495,300.8718645411962
350.942111873151,296.6034616840042
294.1550322534931,249.4681610531373
347.8707563534843,283.0261887043917
313.830489685221,253.58439307365757
338.6918742216323,262.43883281937076
313.89062422568384,234.3483632013632
325.3449136168701,204.64118432243276
289.7140818492908,284.13733735628284
358.99500179387337,301.6467043030229
348.37039669413446,214.60727155414432
324.98908242240975,290.3561744645061
330.3757415018559,253.82835893487365
286.7392727213023,246.12234198519127
272.45990286197684,254.18292653634327
307.26583042341997,171.298274557222
351.2184902929765,270.68844097035094
275.9667123783971,238.2254386113213
326.9274880559501,215.84106849898114
336.1412688222913,194.4887995739775
257.67622631545214,207.41864847543275
308.7006921298466,213.92417308229963
297.77665389303155,231.4118720671008
296.69044588224597,238.35112807049833
282.62351139576117,217.09006447549027
274.10839236939444,235.23635492764438
322.632274444696,172.5850323648468
263.57401251514176,249.05346912782147
353.00961837724947,246.22954447793
273.26445515934205,253.37647896013013
268.6711389510763,185.9314864549831
234.74928946699538,243.29320274720652
315.1918585404614,230.8845880981459
240.7294635406273,212.8351813134003
258.72177069855843,252.25371643523604
288.4502076753773,261.698755357955
250.70106983304862,257.4702514836733
288.6721344630463,240.55008240028133
260.6397446674332,168.69932886698936
258.22284038541244,205.98575189960215
264.2262169504062,197.43238026189067
271.58414918102943,220.240706929965
248.10163663445536,208.58432111908712
278.93095691894496,254.88295232469818
313.7232271148665,178.85828725869845
290.0718642993229,248.64456156556133
290.22432820073504,202.65463272483507
243.77060829759515,201.94879242758086
204.3188131763565,273.87276306991726
289.86449823040573,266.59964461366235
268.0139485601993,212.44780060507594
297.3876128759283,203.06895931224207
251.66779745635003,183.76762077472955
289.72581318922346,239.14269741684652
245.15752215209494,250.16286417523332
249.42238807232462,200.69974598543442
295.93362851275765,201.45367962302015
258.5007983188387,234.3193974627743
258.62528575769073,250.63397167586305
258.1124295711011,193.26075002004134
294.8806569188376,186.3153092214937
211.1276649752606,244.49580517055773
247.02463158936717,268.5814056512377
327.196662311391,266.6916585308336
268.17294183040605,266.2383688342497
288.29352729416956,217.93972297669427
307.57192796594234,236.36685197210466
257.8067235325011,268.3905307378257
246.2128231431707,219.7456353028725
275.84642933894213,267.91001069352166
275.3187035742872,253.25442285406666
276.7060597184491,257.2744063028923
280.4041510035381,254.38677466329725
321.94793559130943,233.77656305806715
286.36646929335654,288.2098564601569
262.7522644783878,307.0111621412447
274.70421119966426,295.91766208029674
280.7517633747396,229.32247827150653
254.83921368175504,265.12468414950047
379.8391846825357,315.0747616144252
337.83962186729656,272.4600633875633
319.92281066327615,301.1879380096159
305.5157668633708,279.6317689037852
323.3970558519842,272.1261661703505
342.1391420190201,264.9966348220565
344.93208685545187,304.4886956232861
379.55844908430623,301.43080671882484
327.8574000344329,313.67680482763905
375.48329550833563,301.2213463992766
373.08451218686884,247.90112960800963
353.6320840574848,316.16074878152824
375.6580651770253,241.92219700181698
346.7970185420845,253.85403380685696
330.6042919730235,271.07662994117334
333.9563928889863,259.2485962396422
341.0310465200346,299.0126367770021
368.6149968299876,287.4988173535206
384.54874245863385,323.8078732980432
408.62357762595434,323.16176146902603
429.71075285626,265.58984400011803
374.36893330879786,225.43230385926523
352.5792118118063,276.06629598588034
355.179115160156,245.93948750628707
398.4506516496709,313.4561192459844
391.8326097420619,307.3057484302289
383.2324198978478,224.29584591133698
423.08678382452115,302.3122468992125
424.14615810485213,268.2155163294394
414.23571938937283,237.55283419394354
434.29859465959095,296.03002368090694
389.86593117757025,289.05270920810267
417.29554898462715,268.3887548216796
391.05743095466715,272.4001601709599
384.9592923243589,268.8948367139282
366.89302249232014,239.0894233847426
373.05643296834114,303.4876438628658
375.39756486594325,307.37326833542653
414.6775501848941,257.24905639385383
411.87823246098753,267.86635285831323
353.5901057654634,262.0353169667865
408.35380899891607,308.95150591338006
390.4949755693174,251.94341998230226
407.4739441645595,238.8181893277039
388.35716527853293,220.18548571226654
415.3386958570483,223.85762054156496
397.6058110338545,219.1475101748974
419.00880697083693,264.54771099364984
377.8105324111159,311.1195837811804
331.53207610031546,297.2370797664485
348.1841867000722,259.39098486003655
310.3227916362812,292.35470984117296
380.0108657716297,319.8172756716923
292.19417509778015,280.88679709578355
330.3249553752045,281.5654891025806
313.92872709671684,297.81142731233
361.0548321331476,235.08522226808532
372.9151930246787,275.8957188809137
384.0268090132578,242.7377799715494
374.15557596237403,233.0959156130515
341.0087782133952,320.4065546050422
368.2343760745997,286.0302341958527
340.49165721155816,228.5315166281954
303.9318822965787,246.79251955983597
348.3721681794787,329.9005880289462
339.6694483683674,265.47982654404586
339.683384847713,317.3595188609171
289.8370431612212,315.9758812300341
355.65773987157604,279.81105032718636
285.4097564128055,356.8931468714009
334.5969804702527,334.89948930249295
305.9219251399702,350.29559496446166
351.2536126947391,274.48118995799723
299.52775519175685,286.16716857234053
310.9533910801749,268.06546623166474
356.3226741905297,344.9309026943852
321.157518511386,348.4213565771312
332.76956939200994,284.5935376484485
321.1789634687984,280.58068258032563
353.9236486269053,269.7381750545417
395.4881127668954,380.56409287966665
337.5246821583309,391.5938277602229
335.64765372274684,307.39537467845696
371.2750639484515,341.3101023159766
378.15670076336323,350.7051161934917
354.1953279257602,386.00129247948644
376.92714853329716,389.74583699567665
311.42475895381835,308.09621645209694
350.1494841422839,386.90455358108716
330.7795687703676,342.9568590330897
385.5254601907379,370.2320120835539
375.48368509698645,390.14787958874257
346.4965556520527,359.0701337511321
327.74731457978436,376.3597404580844
323.35485107110077,347.38801873965275
340.8047908551591,371.359820051393
379.7239858041292,411.71703689103947
440.93839092440817,334.9746581314546
419.0327393571321,371.47680967098444
434.98652637539055,387.44448471675037
426.6648640748483,401.7280076961237
460.2029362589855,328.53689170482454
406.86769121526373,392.3794024622017
442.461370284366,366.2030878582143
425.99811088473035,362.30981059942167
448.186113755593,320.8935520090027
404.42906291880956,327.8586010215347
396.35172622505024,395.2672674355554
475.2696416289636,380.0802356072694
437.06712044401604,399.8874105552094
431.57143271444727,361.08186269670955
414.60115808764647,392.3994703763309
407.0582287093792,393.4570722863642
467.79310029793413,308.7257256073104
459.55922757740535,311.0145652401276
434.0204189455805,307.08923526430584
454.93183191856974,387.9340127755282
417.913089028762,312.6352929618549
458.1431406986804,383.18749916987315
499.83370032308926,362.34444741078056
447.89819653560306,333.9121101010378
455.76157523561716,377.49502756213604
428.4636676478051,347.8742970887203
437.53943541804387,344.87075053477946
484.47890040391076,307.74827739077216
483.28584778375125,356.4914045448288
483.8731498902197,330.6383927368258
416.923426060709,377.6285106416819
399.7419079667716,320.77074930302314
409.83884804374526,326.2118881491198
435.6170260395955,327.2533804796793
478.60595033383083,297.6370875584157
466.64662667848813,361.8042651975474
424.8614910504564,329.46903189348507
483.33235878702874,311.3830452822415
490.40501926663603,321.42159257332827
415.9099817364771,301.0473786724478
440.48200505330453,350.46459104938884
449.3136158885418,361.8022357068014
476.18239568386593,305.82152251281474
457.94433583417515,328.5173769446952
407.16368092347403,355.2406617336872
429.2870688447535,293.9736311166997
393.03473492368164,291.7762046369103
375.05919988250264,321.090697996616
386.08018582383386,285.82131095322666
447.41660004019315,341.42345524110624
427.84153112352806,272.0293992824497
434.236946223428,284.2359120286844
383.10029936505384,288.99819970068285
407.336573526479,323.72902027395526
456.8023315212542,293.414426289633
448.4579905326319,267.6534876673048
413.0084507561785,264.27394823498855
433.33815213617856,345.8571069210982
401.9221581639632,278.28149321392414
421.66401842906157,298.52682082739665
398.8322524692454,286.03368330027473
468.9639348185797,262.6961712508757
459.7780633604167,331.66487831131747
425.3981427809774,268.202069840895
423.9049131819562,333.28822651700483
380.43323549986025,273.4148571676814
411.3306392200592,289.29537080979594
380.80826332006677,252.0073042130392
419.94461552983876,292.69109084036455
402.0336492545603,328.27140036558364
432.53177891601274,284.5561454083804
404.03821917386176,268.6260590957605
418.9132466066943,254.62942766991594
464.47575491954115,262.8357912617706
455.49640289048887,311.8112348737078
379.6429148601733,336.5219154209353
455.2485272651632,305.5492738910393
401.81498729151133,270.3474187587137
419.3990938619218,324.41738885354687
438.6214556740028,302.9937309634529
445.6404715809129,310.4343097849581
416.90499004863506,313.04997704000834
464.31422831500373,300.1997762457175
411.12296953258925,264.5134536341078
424.49587720147736,314.74791170151525
441.67526901879796,268.97138161670966
472.25137087561575,269.7158270506761
445.9349842175183,248.55019657515373
406.46114713033705,307.28917650720524
461.9046937460838,333.57156645828786
414.8311506696743,313.80688537675275
442.1209336384572,259.12227474449736
469.23453585620626,273.84719324272476
396.68171728765776,260.75917013762455
436.87421583362067,306.96808915480716
478.80783007450174,257.0094172825226
486.89029801196705,311.34938470211773
490.33191280221547,275.4757960814594
468.12866995498973,324.83591755858356
439.3959715408904,245.56247770091989
483.7011509938769,274.7402088113934
451.11063572636226,249.40612046720304
499.1451862841205,310.62893057527623
524.8077688857861,317.0202591926497
494.78586099680007,280.8018418160233
468.5864029071734,246.03693457823852
436.763442372327,254.21773806427944
437.919644944674,293.6261366448235
457.46988299364017,275.84038859387687
506.4232440595042,275.8686573099368
502.79918473725616,291.7336088787843
471.7793067624745,288.20969920623673
507.96711470421917,241.7921757542034
477.8638392609435,251.33788316118617
551.8113645320662,236.05067243582369
484.5312929123761,300.6144296324843
539.5995466986967,325.9247655001395
464.77291346968553,243.43073895889876
545.293629811978,244.58956950288575
534.3401562035025,227.02722892294122
536.2842381360657,291.7537464926346
534.4424762231669,240.35737758911122
527.3691270334931,290.80924528376187
460.8721557493515,264.7701803344524
478.58022274534244,296.87843427825226
528.1234879910504,263.3732387247122
477.09795241759923,279.7500130698865
581.0441032226662,248.42783120243308
566.7416654475171,257.2960036013688
491.43878370681557,247.2277454545904
552.5911008539107,289.132176946157
554.7654238496016,298.9691396473486
534.7366224421419,247.09426433391403
562.6222511055538,228.80750448466426
558.298607729738,244.14830173282627
527.3057112684564,221.19604787389486
495.00220725746124,288.8176795347804
526.3482741858498,250.89405812172419
500.29192621830464,319.26247035277663
566.3228571240229,289.30739817677454
545.7760819296955,303.4882968205937
546.3649333126875,289.3814505906352
551.2537381235674,273.40761546356384
537.1945701319942,268.94970835485276
585.8081561603473,269.21433066592965
554.4078634098435,262.0305115747665
538.2484052155335,298.80599156230477
530.6917135810538,334.6408611056993
566.095397498255,311.898462574999
585.6753719558219,238.33103861625406
563.0483358419694,320.351766843418
543.7488980434296,318.339462057897
518.1910982762408,256.69320986687177
517.0656547871097,329.4889404808639
536.6861248668923,298.4955567845791
580.4256090529951,324.2440169614662
533.2747514856698,336.1165153601055
578.3800343867053,307.2271147609532
503.7738057377619,306.2285994725046
536.9003316192001,369.8196494562437
512.3152978769835,371.15517863319644
552.5276301508086,339.69598553468614
526.1283855097728,308.5707467470328
504.7551057732823,307.2329174263094
552.0756027328978,289.3674535648069
596.6512404629908,313.0291264330217
530.8497255483724,329.4980672531876
565.504434026866,368.7801838460497
554.2156398642112,343.9827102569444
583.373508304164,311.1279105708737
556.7513044491413,333.9757499190593
561.9308280332552,344.9309887936096
562.970353484581,339.96841237457863
571.9401923442771,333.879087956882
570.2374573611946,283.7566326579305
497.4341278163618,304.0666361610243
544.3497266929342,320.72706797356113
506.5087326257631,306.31668228758593
540.1823621376859,279.66989918182566
549.3204472014435,314.5919264496869
502.8470137850635,329.1966164415407
533.4287365078071,303.26299780229516
594.2057839362824,373.05272660177025
584.8329625760246,314.48086916418197
523.1521294498389,372.49210939862826
502.12690148579856,333.358966905874
588.5641307226995,281.6004901793116
506.99765876448123,296.75558920272425
551.1769962710464,330.3051344654991
509.5952185531065,303.3872422780964
559.6159917024784,376.5405943720526
521.3521788886891,301.81286111931837
576.1981755993954,329.6220179259451
527.4035637853331,239.9901044241969
537.9933794294432,272.0507339821765
549.9891664748135,303.6229248853191
509.9986215102515,266.4972190840712
521.2885638645996,322.8118524528705
571.131504871059,299.48049671914384
586.531300913517,292.1846193552103
530.6362174246026,239.92131717661914
571.5624015706652,326.3837564708855
550.9017449943301,323.6780113141822
504.86036291459834,314.1709042396992
561.4588715443363,255.7139007062572
543.5639642607658,299.2377271726177
517.6591220359225,308.56326957745597
539.6181556608626,241.8575250248092
549.5343874983389,196.50418193076212
528.2508858654037,201.3242679287924
605.4284419236034,213.57790285942178
554.7464270476831,291.59818321760355
546.0726184625386,207.20901211379606
571.6663187757784,196.34135508372128
602.5457960515873,213.95391467363885
522.6309063967315,197.00821409882502
549.6553930847367,253.32964690071697
602.8101463057832,242.00134863902815
549.4336243099798,276.30859241856285
551.0629471614117,262.4788550451773
579.3183873083839,214.0077138617123
574.9682890819427,243.31204584950464
604.9327751659562,280.79514970394746
612.1625478438161,251.35149188213236
611.958916245436,266.0864651751675
619.4227210498046,195.97006324500433
606.8577564006504,220.7802136351434
643.7906399702947,256.7150801086219
623.082897927673,210.32038485935078
616.7497944519256,230.61561601715002
577.3100742947023,265.04524934456333
596.6723564445883,195.70965026074109
594.1559155558566,209.93432486896813
598.6156234995108,213.21934711038153
626.0004944527474,204.46288429415054
639.5564678531961,245.51809876551397
663.1221975391679,266.8297769204813
579.4854956962083,235.79040919170248
624.3196039514917,269.07603554063286
623.7838369408445,235.03869248841104
652.9672996038853,193.57460211906937
628.9189503957626,252.87608880972851
624.3077879094783,201.96291027011966
675.5470092739868,208.1307005105778
656.0898881807342,232.3933444225083
720.3383149699279,239.3545821131954
685.0697299039962,276.7547681647619
702.3288639197664,268.6655086132815
633.5040285560046,272.7775085611045
698.9143181599657,205.10175402861626
684.9467867326638,281.6131801359935
625.5520072322986,274.5805680084304
622.7666661453042,215.13048758097966
718.7934657121422,193.9718953086189
681.192403158511,235.68075598911037
717.8229048730648,283.07348642383454
724.3766310504747,280.11776856812
654.7853196326322,279.14366443396113
682.4320348840049,276.3269869255074
701.8681699273095,212.14831512207957
751.6892110475007,243.88041807635975
693.0229636584385,275.2354381500342
709.6762728944391,229.07077460301107
663.1992982071546,263.61617829965877
734.0968046510887,258.9426916648657
675.4038117178035,234.95732326135538
675.6011732370126,216.2657586749553
712.4081011306031,283.8064966083299
664.0035309907103,243.19218197753588
678.3701325760131,209.96473550012738
652.8671822450008,241.51801792239007
759.8524563145705,193.98359255653696
666.789765813605,206.91777083559225
746.3605168813608,196.30485284340114
694.8350567118259,197.0614293471411
707.0461788499781,284.57348951620577
752.9099705866241,211.26128894207866
703.0477864742645,224.30178752475382
756.6428749535777,200.20293215392752
664.2789018618543,201.0117601639837
738.8362302379288,228.12569041752937
747.0389723538692,201.54146374225664
696.1924791359171,209.97267216271064
746.4456785307796,253.8386204779784
736.2733174837379,248.70519229781067
696.3494579289811,206.23809996497374
720.4941565051106,231.94370669889872
668.3753692522153,254.90975620603692
663.4238108735404,260.2930265352736
686.2125757233945,233.74869325078583
653.8463241371076,226.4377106766833
663.7396164179987,263.7346512223005
651.4272045506558,204.1463919015174
699.7811375567504,186.43900008064116
647.8411187989701,234.24162284804092
678.6894263594897,183.67900759846495
737.0437520314097,232.19518248761764
663.3556645739942,237.2888984280067
709.4160346478798,234.4532923675399
650.2759105315508,223.22454759300572
672.4403920988293,202.13272456802133
686.8746482203744,259.6656024401808
737.2090473164205,198.66548023048787
612.6405781744014,163.39092689258183
666.407010237948,214.4966168335987
628.9807734490234,218.05081228847234
609.5410037947785,155.4730396920874
673.8455265784623,144.16452688775763
605.6211260524043,144.10707460355619
633.7712577546636,211.87977823746635
611.8211912958644,176.38420032807446
693.7753968174657,212.12357942714243
662.1591595934977,130.93956058712482
615.6588710641747,207.57128739809946
646.761883132594,189.11650744713648
608.9063523673802,140.6712798522696
688.7057989920323,122.60170240288504
693.6976988726417,155.10670271113963
612.8707320207477,166.0256653870634
648.3334693976958,179.63798923055617
676.5464807206256,134.0715775217863
682.2039853571846,176.95568191565349
658.6210256011459,170.85125651686803
612.4425406065118,111.09395635664475
602.0756925189977,130.97828374737566
682.3584508654188,108.461343025422
620.7284392895052,154.66034350381358
630.4232326764577,112.71630240427677
658.4001516684191,159.60451284655065
683.8145979719538,169.09953424149592
670.3546985197007,127.35542869444916
617.2395674820042,96.01901119096918
655.8768907528273,167.9098650466525
634.837285434537,166.31455000337945
647.1372104552994,97.35802584788777
628.5106407306581,160.5454632794563
665.8820498867474,144.63192483039484
636.1381382392793,115.08161128635406
657.2648649633037,113.67560506877093
664.4380884450019,104.2942574487019
619.8416831531082,116.54631024502334
589.1054145554573,142.32750868881726
605.8952004183118,99.9834151333016
628.7196267870057,112.00916515328115
676.5233093531402,106.79830605147754
677.5941413930115,105.7148301101636
615.3434125723381,136.07556225701427
594.7768106658539,179.5418833587434
619.0482752532968,150.51413398818968
677.15006639563,109.25707221466872
608.9778600480621,96.12793206496062
613.716387071834,131.8406543831027
658.6540622696464,190.4332393561588
643.7606061028958,169.28603063671662
646.2852382315821,145.6430296848179
671.3932372483521,130.35937972743994
687.6210890729976,115.52148111746845
692.6970088726118,168.7657364745897
704.4009406966509,139.7217500753731
615.175669667933,180.59094413516172
632.3040800889918,175.44523303272882
651.9778445877558,202.80986716265875
642.8875139588336,181.11518264561408
630.6841373599417,147.37232385575894
666.125015855799,196.75974620599803
623.5345255685526,166.6660578542834
691.2822454440018,122.59191293297587
704.261142544094,168.69450200594193
655.694138988416,229.4262932686034
660.9761024417784,201.00040615163132
677.4188412930201,198.11943466640474
678.9182195959525,193.1592893913516
707.8470985171343,166.80542625184762
740.0225955588949,151.77290490688918
730.0170719911639,161.60199873250895
728.6496955726736,134.49706534673606
735.5700020887289,178.52728986413007
746.5171283925438,213.68311290597435
669.8481899313088,168.98075975302697
731.0633547883294,156.41060646983547
666.3857487656718,205.01019228445904
711.4397884127301,136.4103175970217
720.2601000645395,214.54230476072894
678.0502923153344,231.65612592473485
697.1099122473122,158.54765193470428
770.2077989742454,182.49523364261194
753.5113913875733,154.6087776107761
760.605101070881,152.02443665890857
703.1522311886702,158.30995695958592
684.1328303549476,215.96648185857237
776.2873141864056,165.57164461535982
761.0681552885654,143.67226743614685
724.5794135387064,229.72819747892356
767.5918776681951,153.12200497956454
774.712187119761,206.74063326600492
770.024094661546,186.54890667538643
744.6108711939507,219.3463895371948
734.5578656221415,185.2708832330961
705.2619290533091,205.48767753671214
719.1771740122268,197.12386808214845
686.2760524115133,169.62902898475716
680.115554793894,168.19870676075288
709.2745650137623,206.75658447853525
711.5043509556101,154.77287610858997
745.9918691112009,135.7522537751916
676.2632809827769,130.33255005836534
733.7831869088261,211.37934452534674
664.8987996726792,182.55504067072806
719.7894023917837,159.48025882698806
741.5132016128878,205.0073501890792
751.2209391132308,192.86739867272883
761.3616110413371,145.2791917434775
698.8154442001659,176.66201745434557
757.659940625524,167.6315091709543
674.3852593801532,176.0726459386482
688.9358989697755,114.34839913892077
631.1903390740922,122.40771435826223
619.5737301414175,127.72329500179808
658.2732562172333,147.72157992645126
686.9173102927275,113.28277213759513
682.4816445888454,137.33316780225684
645.8988555148525,193.70533109226753
628.0687791489639,124.7733044388293
661.1601089801001,170.84286764093727
677.0837392093612,151.07971065778642
694.9452650229053,174.7471307016823
619.9387234069247,166.56787262538745
631.006373865486,176.20515775026212
678.2235401505789,194.81495847310714
606.6375831155641,180.1887790308394
631.3672521803562,143.41731752084075
580.9413246647654,122.22636989805207
602.901917102956,132.75208582751884
589.2895430476751,185.45483840252928
570.0832190350823,172.27741651614758
655.6227621586294,168.72898206880745
569.7736733437888,188.09972633461553
626.3359579909059,154.70975255524394
593.4834176922985,146.5173052995737
612.5476002566534,115.76787670359444
609.1244878751264,152.4849049984843
598.4991174993734,193.10446407826288
614.0791331842645,169.32510391441247
642.3800327878766,135.70308656020615
564.2688704569787,175.18813175873424
572.8974029425068,197.07786191879643
569.5864665414246,143.8444653563921
593.8454011786247,215.08511256494856
588.9110529804428,191.40672275197986
582.1313449229926,231.45682485767765
641.701140267861,144.6652863821319
627.8770738158182,235.61005654192547
613.1127080501096,221.06329703831003
635.290395231538,203.83658714641322
650.3236997747374,158.42244790131676
630.2240256495533,189.61720414195463
607.8460122116378,189.47498598129098
613.0624555043487,181.83995080651056
673.7069836508543,232.29991051563061
640.7539578424719,176.2048464075315
597.5548020504606,205.3769498838994
610.3263967319281,199.4917029232312
668.1171890397176,233.10965679543028
712.1092979894427,225.1281530990467
660.9563866808076,159.1661446779652
666.7330573446549,165.27009454796178
744.5112278268293,177.79161829862642
693.6435563734024,173.15825769360507
647.0740879604667,186.40852464162327
669.8343031471959,176.72492077351507
690.1667980786589,164.37034033058143
676.7409613011556,231.6882653535556
695.3516062867172,160.93955358259097
695.2411384131084,242.545265320814
697.6865503338493,151.1533222944385
691.3953120666405,169.26344725118793
650.7192758058994,232.07936484331213
711.8676394147408,167.88867113731058
647.6498301148399,164.9262039864558
691.5221610425377,221.59123798766348
691.0851888590337,177.12013051815399
730.172566017038,166.334199306895
694.608530878525,169.58242034616933
787.4016070678088,215.1307830577312
716.3394998020749,182.5380401820995
771.131604839373,147.9051968572025
764.4101866889312,186.99407113615285
760.2711469482629,191.96899770453734
786.741625344595,157.36614572699574
789.2186606947507,160.9234889061968
787.4302395345392,160.6004968171316
728.2607973416423,169.77761925149423
770.300281512983,147.25855691850728
712.0477336159988,144.4799344197499
754.3286214217691,215.7628927170956
699.1700608100947,178.1684354870221
748.292005169007,111.26055638897093
729.9775829988675,140.46529811052346
705.914805614534,142.84353003269555
683.6004327862481,157.96931981168785
740.776884429879,193.04653833954404
712.3316482640894,173.66212787242
729.4482727199922,138.03605496934264
728.01361394426,123.13126120867906
700.4256864533717,189.3007799165158
771.1373648290394,115.6926464125457
720.1475495280295,141.48045359401908
772.397005050826,110.63005772899861
774.6264490107412,181.08004991503276
736.7077667796517,192.55647265226523
735.0398082870503,170.34004638948736
725.3062105505064,160.19429113921234
724.2106258697188,133.8089498681268
654.9537063727978,162.2123726034801
698.7705462074738,167.4824446199775
667.5134140257306,107.83984325966487
699.8028705269123,151.3014600272812
679.1390603768517,161.23812849826595
693.9430557517655,119.38816911567376
704.8593719730188,165.432917044316
735.9164943671058,183.76480906544424
747.0969527731788,148.72434048448437
721.6939154203681,115.46455455356795
728.9080105038422,162.94856288740297
688.4285336594204,132.30805833674842
655.6229529492417,117.65860855379943
719.2719544217547,111.3577112508575
719.8041917731097,216.06962636473673
684.1487899321673,130.78868633790248
661.2324016735539,205.4168974858722
648.2825848822417,129.0302162289101
647.6344768347633,178.2486978838803
676.6928759210566,200.6326350316215
688.334330085792,129.2513611462203
699.5380437550762,125.93291223711947
698.6094297235853,165.03144866911725
700.2647022539306,213.73916568568092
635.4745054849046,198.48807866674736
672.6228395364202,140.68950425371315
679.581653291905,193.82860569681804
720.7810766576316,161.59574176055804
636.4221093567417,157.74016465031718
700.5268012534998,207.98559130677413
692.0668041961299,152.90516333488287
681.020745059122,200.5349561627823
671.497959961568,181.42915016809619
651.3407404795935,159.31267103036865
686.6511225854456,131.5539065393873
691.8633356753356,160.1611759341383
706.1676907393564,227.10503156749215
725.4139312817224,154.1989659905176
721.7403849824319,219.25775600837878
654.5181215755199,183.82408833400996
727.480829852024,134.87359765600675
648.4916612999601,224.89663582180606
696.414403301319,205.6460487293735
724.4033751640386,179.35502551629935
657.1419606073064,201.75723396546277
730.3494628503233,135.17004561253444
760.9845370764084,182.37857943137655
712.0939719457182,143.71465330761174
728.3508568166102,204.8622820063504
685.4097288581113,175.91303817943515
695.7850405364538,137.14503510375204
723.2485791649302,166.30496796909682
769.8586631201624,182.63821893718585
738.6572967021636,155.62304479109304
750.1695302897339,215.2137869775578
761.4360475930864,158.0499881797095
689.568979827556,131.2495648530509
745.8243742908711,173.56161673835857
755.3387382618702,144.59775543581657
696.125912878635,150.8981463771747
756.274914990802,180.95323232978146
763.6351462910383,174.61607628025888
752.6794574752305,181.0323417484196
746.5470597596455,116.42211178778203
685.1074064414579,98.95740114254085
760.3120487429812,101.67255893242465
749.3413909005083,97.14913602235275
689.3355694374451,164.36946103855024
718.5359287444193,158.17330559520263
703.1702181027593,164.26641886741942
756.9595203024879,190.8238633227332
768.9338157200384,180.01729604941954
696.062916790123,173.39424924352986
701.8795874356763,180.1291197709981
673.382396872545,107.62114899681552
771.0178655089587,119.9382719132898
687.3179703885206,167.4499782676025
676.5762985480349,183.54244988218406
648.1295478342956,108.17097754732966
644.8861420052597,140.52141703650636
669.6393041422165,129.67060286980615
663.5973477547075,134.34920388899664
664.7206513276583,93.64029805392713
677.0230570670343,174.0294119475364
704.4799583479788,135.6892768457206
644.5841704661115,182.8518927686327
641.7843398752763,128.11398982330525
663.4899344463339,113.02785349146984
683.1211711987038,144.28018563362193
657.0532889898117,176.43750537455782
731.8806121651602,181.01768972035964
681.6116980079896,86.03910563606328
675.0372819447879,164.94359861643238
707.9161568483383,184.03213308818928
618.2953439939287,152.64699854323166
693.4809151612278,134.174934684394
667.1222266873185,141.76352573808572
605.3068841193846,146.55295542821938
634.9428307472989,161.59814505858367
626.5300245487405,141.72141177779866
661.0379870866537,178.5430267454537
651.3689767609301,121.83533646364161
612.967293690944,155.46228194784496
665.9795259257007,187.08108239179768
701.1583766353945,170.69609477820967
692.6256286544569,133.36508093583325
616.7174543880715,115.50504585943544
651.0012207193236,196.94996243577822
623.6890188899645,104.58210586504875
654.0753588401567,177.7442415930185
660.0360721795803,162.5842796562839
658.1354013629699,156.16869925153443
649.5761409363218,132.91661410082875
684.6948382747125,125.14951133324321
697.9731935034354,124.12234086565326
667.7709792673107,209.91545876184782
622.9815688746417,208.94671665352104
669.541338025179,217.98112356778904
667.4231733285544,207.0171101234418
625.4925563737803,176.43903542331128
644.4773602054462,208.38781052479274
606.5266246914621,184.38691762488733
637.7801203860764,199.26788275333422
697.4324772997643,187.20190381620813
686.9276127054621,132.56487021373252
647.2263336903956,126.05865642554346
678.8263921258151,136.78707785991674
670.7756319256615,180.86237956941292
699.9031973893009,194.06055711200295
676.0426413658612,200.20455024482894
728.8337781122593,222.13196500238837
638.5194722675462,217.41372605621245
693.8882288095759,139.44332924373157
719.7609321399409,194.82489700981404
702.5629602810808,214.4589931515881
640.2065504736458,222.41210928815886
727.6755011028948,178.10876938252713
638.0981933538578,177.40523021962372
644.487280427766,212.78199709318108
682.1281633723245,192.14762319876792
635.4587847374556,230.18236941688997
666.3226107223322,180.2156332276643
767.6476537235021,115.63641422206236
703.8562894650502,154.72558543554322
755.9180038500762,173.6601603495635
685.0888601667914,156.4820098911269
771.5235330479047,144.01044813248868
709.2966227898778,197.61994096365908
765.6932873699498,126.29500533259451
753.312516304944,208.48784253040776
758.500981275096,170.26798604668886
714.6669103392255,128.84967955721777
728.3478147533829,188.950133221008
706.0322077877771,145.5412600558121
718.7762502184443,160.31803147338078
747.5088415425621,142.9747003582292
696.0956370423618,115.93738772911338
690.6671964985561,117.51591486323142
748.6433284978054,149.38004103196857
660.5274315352498,125.96497330380558
669.347679851384,184.47129371148944
673.6779669018981,169.5005698757509
663.0385845842341,186.78863256658605
756.1591693595692,170.18649393988017
733.0426214363506,160.47678734807772
684.9723216360006,93.18781074471374
712.4359182454185,141.09983027068105
679.3447638129113,97.83149796543218
693.8690848617705,139.15870782692917
690.5494983362072,108.37629355684271
723.5744008936628,153.94606766645717
701.8713017181822,168.4620035175706
701.7194006592879,154.49809968817772
713.0011521144039,157.39903422880917
637.0268601551508,109.03134915656089
678.6224147948543,139.1946931972123
706.2628350606378,119.17873612958934
695.530779897911,161.05184197996223
674.9802265625217,137.79952267111918
670.7400121783058,166.68441760112222
656.2744001066238,137.81163359830407
692.6943243561473,172.72895342390746
653.8277579103113,121.15437590280841
656.5854653570447,86.01770209836951
664.9237527436675,120.34233301745743
695.387392390669,141.764928599715
637.0371221513176,111.61323055681567
702.3954360794306,114.86645649552982
715.5480610985885,135.45573479721352
639.393933120541,131.9599762754854
647.5048931662486,201.16939083338065
657.8400804984757,170.23534096108105
629.7849401984585,157.3698569941867
666.8361852468292,108.90792831173742
633.9510688655129,121.076490411945
697.011193158292,143.59319762620297
712.0942537636729,113.81764188445105
708.346223331496,128.9198261216516
660.5982378860967,168.1848720161372
685.6183218594272,156.7159909390274
668.6523267533601,114.29152713960336
656.3612262433858,114.15013140538284
643.6240645247813,178.03435247234495
645.4270139039689,189.80553350790842
658.458496581679,137.4334961730082
680.4146974033797,120.91684345925233
674.211040390503,179.1490322857511
693.410713156112,214.87703959732508
688.3308339554295,126.67783289622378
714.664026972027,176.17710547520147
703.2206527441807,162.891830089479
655.2348919650128,208.28698425254146
727.7454177847807,187.60792434927868
742.214174435991,127.51417115894745
732.7549576904241,215.4369570487106
694.8737159352447,204.94890448846684
740.8062794449044,209.19885778041328
658.4969330220857,153.62777462016854
670.591332426845,146.1405280286694
653.3367104465975,209.70003150752086
722.8937267693012,174.88585040467396
667.1832962173753,204.26339644280276
768.9707469465958,177.79726355076156
710.781791316274,145.66185910789386
751.8928006367762,226.1276532887376
771.5979936277196,226.68335542428778
715.552036064675,190.53538647180662
701.3642876286473,205.33949585766032
735.5602111720068,216.56700110035104
746.3586063031404,153.1803358573172
693.0923928801608,133.72961992728926
702.5946151764269,172.60837809842133
720.6179588330579,142.6985947035621
684.0132088523336,173.4119294137749
688.2213356801602,209.77178846357108
720.0674366881678,211.1589461813253
705.6723396169136,134.07696398881487
758.9065043820017,203.11152994432868
719.8375711608588,177.48999648798377
685.6266080058791,120.96327532751553
715.8086361808818,160.2433191083946
766.889035194308,182.50933365504045
725.4616973403303,122.52900675387748
726.3537732726602,205.65754814769713
736.2115116785264,179.42542892433121
688.8490355140864,193.28122164961306
704.5596990811632,211.14990647644117
708.7059983500013,186.8053111470548
754.8060502794164,196.2705828969781
702.1683410241758,132.75354700070227
722.1496848531365,163.3767663842206
724.3765725707523,204.51642403785308
773.2805207908722,173.22391399596484
769.9210702308569,201.02345577249486
692.4732171628822,143.31219307880474
720.2386936928125,146.41536407510654
762.0158165225889,222.2825296388161
740.5311279639619,194.1715122610056
754.2594830564535,140.2298704399725
727.0004321689853,154.71078141433895
687.3873973152636,196.19309386261253
735.790261812579,163.32756718669157
704.5182907465014,136.36634772616742
704.4269918598828,168.68791482185736
718.7186736063824,155.88449756143422
726.2537154471979,210.4586757916599
716.2791728001447,154.0775073913229
735.1228238432595,138.87482539628377
708.0997769268669,157.02503347954897
711.6319332189487,172.16424490820089
761.9889897508086,244.28218328924052
750.7936023524466,214.91573945620675
750.8043551694116,166.34463814823795
706.8366634524107,184.5744161237509
705.0519119003426,179.30455698831716
766.21399086897,228.27172022534873
702.6410441061128,195.05098003293836
670.5377271518689,253.35467270696142
670.9033053754923,252.7814388619786
750.7479959033958,242.70084095121564
702.4168870510255,220.12091638464813
720.8125016634236,222.67709607415105
700.1869645377141,191.97242647963384
671.7622675500448,254.71146317748634
745.3934736881914,250.47232191741827
696.6351024017242,237.36694806217304
702.6942182407371,263.69944491528565
696.8594379192325,235.35815386212693
710.8184259651445,269.9609314958726
750.7353348182669,327.7623796158922
680.0914318732047,306.1380900172303
723.3992126517907,259.599528199755
739.8550008980004,325.40229431756217
741.4035133199719,247.39849489201657
717.9150926921293,254.838253792994
670.0276177272195,260.36905453351056
744.3471819876466,298.28753972470327
751.0308774304859,327.8293072494403
677.0301432533385,277.35940780269993
763.7860475375189,314.1485453783324
674.1079807092592,239.525918851479
691.9404354243293,234.34810634322864
717.506167370849,358.0068049369944
734.7660414243194,362.4183891628235
695.9407566956943,387.0976874431474
777.5573454299606,348.44555385792296
765.1308476866576,325.49981847027647
780.8942135649365,331.1115699918349
774.4651417518821,311.5137819270883
695.7968486564185,389.1114191110387
724.5257351149802,302.8319506291906
770.2750200623544,363.96201507450195
766.2625002659611,379.98503974127095
691.0591341935117,305.2836727376256
710.0315753150443,365.1770530222804
695.2680627923933,341.4681508941123
756.5529404499359,322.5681394344587
785.7257187889703,327.9811035553427
728.1095465245879,424.2030319099987
801.0690208421106,372.452833045908
789.7741452069498,429.79575946487654
748.5761752624127,359.24673356160014
778.6484306674226,370.41609847591724
779.941286713005,388.1276676429876
712.0095536969038,403.93959986916065
768.1083113321043,429.5549891039393
753.6106256621033,427.61415841024103
778.3819055922706,379.7808330594594
740.2567289990145,401.1422552929321
761.789209590331,366.65215732903414
726.2820463368614,377.92780840158963
772.9995641101156,423.1248687573253
714.908618715296,359.42519310696997
756.7986128776478,374.82430573224326
745.7349146928422,437.76648282246254
760.5014273876154,403.869179159331
772.9961486246593,343.0848641934688
739.7349853721952,388.16291183907373
772.4502371569456,428.02455743965237
754.7459704110986,416.85412992002784
718.4843013395482,401.6652357630278
766.2498772540397,369.21961357382844
736.7064142160816,340.0952734354158
723.3170850693131,403.88312655268373
706.8145864695794,367.10455141833864
764.2480178731538,397.88130436226606
723.6354716482824,386.2373514976331
791.0192800935333,358.85017854861405
797.7308141135599,362.3218409669736
714.7973354499259,404.16847391166823
743.9741959235453,389.66249202206825
686.9082839688643,377.71617661233176
719.1304041068007,365.31294948762013
739.1248764268819,411.7228660588131
730.0699002857467,367.79940081150755
678.8553429769697,384.3795007350192
666.3851854154957,420.40257569542547
752.2750121128136,392.27828382884024
702.5843375554634,442.57677125316116
693.299943817289,385.25033854116793
749.45991893047,431.97215172497295
757.6134266581987,357.97249554568384
698.1348079653459,350.1932045714119
690.2299226065734,343.26871142037396
747.7180560652104,441.8787359179737
676.4851586426297,365.7742205977462
670.97757310606,387.4522537987968
652.3753255646526,420.36787191647477
620.1729351283313,416.57539928897825
639.2283773085452,367.65891215947045
691.9026168800099,358.1729529640286
691.2467520326642,392.9980034368654
645.9477256213472,371.35761643799157
669.9768067587648,438.44871632049586
643.1124526031268,439.32887513379353
695.5568900507253,409.62579722555466
693.3154851281071,362.0824288224563
683.8284871709179,407.93377149602657
639.7949834515258,348.9989473923733
667.8068642332977,386.69862922284244
705.0012984852316,359.76813526043463
614.6081333325608,415.84739782724876
605.3761857084235,396.7642135228138
647.1113845332322,404.3280544982731
603.6890196585017,356.5771971210375
696.4277505698134,363.54728403733975
655.3976445578448,424.841487066948
664.1481442733123,405.1780047306379
675.3581076690781,426.0067443051585
700.7917256427789,387.0733109542349
681.9102561411911,421.78388176902644
678.5888534702394,390.7113148191205
610.0979871222054,420.9903329540299
618.5373057299812,403.4593361724268
664.9384719568893,361.91593511891847
607.2364119177495,362.3476067397707
603.8112124004562,402.6144198983427
602.1990435718083,444.29670496139454
635.7933454877398,395.4171933252858
636.4900636879502,452.4727560663963
689.7380050665608,386.06100585365357
661.2543314073349,449.86773998874247
703.600539756273,405.0796311386585
637.0039359123206,427.1738921234637
684.9674359814495,447.5276176543897
665.7005695869732,426.2643773969587
726.0759874729863,426.46713000790106
671.5812885538201,408.95987951481186
727.981638700038,432.57399170703894
720.5932963265374,388.8550817934781
691.7306905124035,408.1821370611576
630.5141557808556,411.07995470707107
703.9594217744858,419.7674798203478
692.4788756649118,465.3875902207852
709.3777088343971,494.31709791646705
793.2649820306357,493.2717766976477
750.5162551305033,522.1588789175948
708.1203469295668,515.6107930911062
704.2777065035149,505.9230028030131
768.7943374494909,467.23145616047464
715.9260668228638,472.4152858629476
774.7686886444561,455.01880852610515
789.0972156549078,445.0532703674304
764.2654666073255,513.143828403963
717.047300764201,522.2314245457992
782.1535387539809,510.6186144380112
718.8409264093383,471.44530095194875
731.4283630077629,477.13549487091984
752.9483092717248,499.7465712205916
745.925938547128,515.5766768342729
756.2496224555103,545.3334708844798
788.0077061191669,502.25263688929215
828.686072172188,545.5766320996545
816.8795622451157,524.0364210878382
753.5914084824138,497.33144176888266
776.8228897640287,514.92778326719
794.5630314502623,552.1629046317829
818.5596861304934,475.95204805843156
755.4595441212507,514.0166961413838
849.5130661157658,480.68842888909677
842.0029704511642,467.8820302010878
836.4567405220544,538.6793235002541
822.0419755984864,522.6365701720896
785.1355904237132,520.23525070819
819.5146865192019,535.1484542327638
836.5014268963721,560.1875057734719
872.7028010566962,515.0071905920598
816.101756243997,534.2808989257018
857.9189532841476,511.0486636636106
812.6164776365115,479.34368886320317
851.0886036627256,553.5179488881969
853.0412683672022,491.13924197699015
785.2297615047717,488.2930860011349
842.1189367213499,516.207296154871
798.8168961124624,503.81917348636574
825.0529789772818,557.8857155663528
824.1132302565525,575.2601531663692
789.4477285884816,505.1635655884901
808.1690744879485,499.6604271034548
852.9731889330606,476.78934638411295
863.5358552515702,529.5078747677276
816.5201755150617,575.0448415235688
852.5619506615586,499.88817854791694
792.5241259585312,542.8334663918017
821.3544652427215,554.2191215195548
793.2227073088819,562.2873974261738
813.6173124084521,535.1132260071427
788.8221623530076,533.2483584593857
805.1880757726334,559.3516583168745
807.4012337009133,533.6287467400491
839.6890864550703,473.24354347443887
794.0385972409799,485.987340635659
843.9810062971468,495.8263345675657
870.6036505767858,473.604269390258
835.9414518317217,517.6419377272596
825.2274240184324,552.0782560647689
869.2750038998266,483.0298818508254
826.2404617709643,554.6326210996714
777.7380154127013,515.20290077837
770.5051807568059,494.47522584118326
773.5924573579703,536.9127361578177
859.3511311871073,469.35506964363816
832.6034899377237,441.16082478506297
784.0776729476406,490.09730929541075
841.6122122729686,472.6438269170555
761.7858295918508,521.2016838755702
859.7499865989006,439.8538313244205
829.6437015478638,492.02580511914846
849.2777795377858,472.62055844298715
820.7397854880285,481.4214336161515
789.9251415812973,439.79487359991583
857.1242088270701,448.50756364008856
782.6439529334192,455.84102597861136
769.5886798104332,497.257150349112
747.949961275769,444.8582453413727
743.6954739012485,411.00762028234175
828.9006637074132,407.2129032931765
815.6175419750955,489.5771236785864
747.1481677503685,481.6094030383913
779.0503077244587,408.0068695119455
746.9411355870396,486.7713011183403
748.8101897096428,420.6508403411177
817.542632839132,493.47655684469476
769.5860165099823,485.8728977857801
736.2622080501833,485.79618911599846
746.0148025990151,461.5274795379099
791.5941869860648,448.2014356939554
809.8839825446368,463.1933395876917
737.6513077835099,494.56446975051375
741.5586107645931,481.0161050231046
701.5413129094436,416.7824242707048
781.5284463754317,484.0256875800048
751.3771063823332,413.44147116838394
737.4498352019253,490.8527565930848
733.2995013402302,430.9794768006015
757.1903063877304,458.41344439972704
708.4756326970078,431.41970037775377
793.2266136708392,424.90061521099676
793.8636955337918,410.0654454493715
749.1641277196155,462.477797712244
792.2765955399511,476.47800646789796
767.3250406195577,463.04153727684803
765.3388283174135,490.7180507619761
790.4158937329775,434.9470137101993
786.4852360119743,478.50426238113243
740.6405137563097,475.83663561713865
709.5407980895529,471.2535060072438
745.3056158974425,547.494655036734
795.7319567778708,509.89390707493254
715.8383208453342,506.3389184721722
793.5852810577787,533.2578360433392
724.8300038945617,533.064124083268
751.5769612577451,455.2687351321931
755.1900006674769,458.94466293013875
782.9356326505505,487.3569155940153
752.2905563806645,453.7404980802381
774.9147513509268,498.9211143391587
702.3585772846891,462.0828510911977
782.7412595199694,515.6407721514032
743.2553198515046,520.3381231955668
763.6229389555385,484.7271459768944
786.0373868969597,508.31109036850984
829.5201277363695,491.33341050665985
784.184190310673,489.10875023108207
845.4869551192595,550.1330551881235
771.2931987090034,505.2009450263541
749.4367489640674,584.2488488490515
835.3656376280262,540.932513312945
842.9343273635575,536.5355934741331
753.8990460883053,586.6212921025767
768.939852024397,549.8181548609956
789.9056307972177,573.5101723437023
795.7551831231156,540.5258280048872
756.7271986310833,550.0216014614355
762.9869781310576,561.3253543675729
834.7912257603023,555.3976370346372
794.406767657737,524.2159979518776
814.5818371316246,531.2412138949796
816.1037471947171,563.4576386677907
817.7390572962288,562.2278741645874
828.7287326154988,540.9153700640486
849.9339443110069,503.9552262965035
873.7337238165717,520.8446178840616
858.3319223763881,577.9669070681699
836.4464182673822,557.4838196512012
898.1120451547646,579.8908585758019
905.5942447050614,498.2537169089805
877.3299958342214,597.926499054214
909.7454667659962,569.3398081558234
821.7532683398664,521.0767359980258
873.9154917789223,523.0198607344366
877.9457652566095,505.57253300995933
858.2063032329388,536.5950389953053
880.3732204714623,576.5717070880764
886.6692153249556,516.2340078278146
883.8511882235711,494.07457412982194
841.5690571369362,567.5025174230524
826.7935974480672,507.9868519127411
844.9227813878138,488.3718913642149
867.3714763317996,499.78519290012065
914.1712896232359,530.2229324442441
871.300697435008,488.42633775895825
898.3448534349903,551.1101470216374
834.6759457127512,569.1660548826308
831.2158530340432,492.8609744349518
903.9212133303903,512.4126904956391
912.2031474926198,491.85576870547703
881.1594605553105,522.0482054591023
829.5688056310644,532.5087003712526
833.805534726444,542.2202243481403
874.0840366077927,522.2211524341071
888.2962506761739,511.6070583877263
867.709300127926,481.2453914370089
818.3391528594917,457.6572239939662
800.8771770733331,473.66247661454264
827.8151791602537,474.6120402705818
794.2541136605273,444.1289058158499
820.5640883448206,447.69513334693335
859.2400861706187,511.7610553758792
822.5488567271144,529.5865329694768
871.1293701965533,510.68700900997845
831.0174070623755,479.64810789145173
827.9064580394804,483.14114680972074
802.1232660338012,488.3413451418579
821.8293220669672,459.23848206912504
874.1236058371899,505.57182580399865
798.4873543555079,430.02849706684844
843.2229226881917,448.0721268365816
781.3928251634949,430.2526284134796
867.3204966011215,523.6230393063721
818.9029816717743,517.390106220688
816.4851260982479,515.1362068119853
783.5072713312678,475.5065180293965
851.1760775304139,521.089712915747
842.8272005506454,452.29702310864593
825.0827918932233,469.8240995758239
874.5032069286627,528.5648988691971
778.4054004002377,435.5376234034887
798.2678822842229,488.03310864348896
841.6194076340058,439.76784211240226
814.4669197107421,458.1059555205709
783.626369765168,466.71617095766544
846.4470247386781,539.65737881271
817.0548285526583,478.56008252888483
824.028529104938,519.8173228897825
811.968057740648,537.2599653430763
799.7279082197883,526.0718363540215
820.7304287507244,498.2810638846473
860.1906674631375,534.9048970474415
784.4505842226131,531.5593893280528
850.638247935356,517.4421200037041
869.1839177505224,513.59347566705
801.0581219562662,492.7810391677577
851.9273167551273,536.0799313362456
823.8580050517487,479.2848835449742
797.9962819365817,452.63475102445915
830.9233272642466,513.0963655578227
818.5918465489952,522.486404520926
839.0728591742699,563.585496219463
885.7149128484448,501.2188907108411
872.3390257372147,508.38521168907437
853.4924264994557,476.1490506999805
824.2961633220198,560.1269919868973
831.3569880361308,502.8620760059635
863.617973711189,470.99413211189585
813.8046804337081,565.9683019168577
867.653941710577,504.17179801599195
843.5528252873559,506.9763362802953
870.3411137091523,541.3429112491904
805.2169928389129,485.65994934676996
900.44121333018,478.19110176865314
852.9780911377212,568.4065886345726
835.1196122138398,501.53957475734643
865.2070563923513,545.7305990344101
893.6336373276598,533.9787504253775
904.6630446086006,498.68460127517136
914.5497796343803,487.9756729607793
936.779202418621,568.8438866596294
884.4300598389215,531.7245467280611
941.6318222011114,482.8227657207828
848.7002903552848,498.0506233399285
869.8353792438082,484.0239082550594
851.8772912523597,495.4513685701419
902.9811527500157,532.8157949308311
878.5151425757693,517.5777421652513
859.1834653336452,477.5387100383656
880.9895498757162,490.43127848830284
885.9158669502505,502.65319050519696
911.708220462692,513.086723599066
936.3459299633319,559.386259331746
866.7676139541774,507.1166245289855
865.6355114851833,507.16993166786034
852.9654335371293,507.4826937177844
859.5916821874617,508.37406200096626
851.4840842958529,530.0412363377651
876.2098098274724,449.45979796192796
917.4563859094285,491.4439441167235
863.5206399131304,454.39664926133804
906.2425581061174,515.7049340505464
880.6981243238614,485.82221332839947
940.6911549631395,534.3530110247291
883.6174705617645,515.7283889876711
861.3597582066942,539.4569370245575
883.3535547645323,499.461244764982
884.2861449854588,451.52515223827226
900.384183357487,453.726524904247
849.932389643337,518.4836309585229
863.1548763196641,493.53345474212415
846.831085067925,493.32933386477157
925.0924924840026,442.3398509133471
850.8701198835586,522.2425677836366
918.7544592030094,471.7465314884976
877.3805457500151,509.95952936788694
851.2162891729998,481.3093738112864
899.3365938240191,486.6125057748162
884.1938107574033,468.4079877278792
852.5872133629006,474.11721115902236
839.5681937701485,450.4368249523085
928.0551739001575,456.8809547885834
931.9035461163456,474.64065968396795
849.3888287659623,448.40824341653746
874.8042841313112,506.3739586143793
890.2390636872311,482.3357268347254
850.9446849581093,486.98923290774803
899.8389568591285,450.01376871480034
869.1713865512445,489.6368194965893
846.4224316667905,485.39621185921925
848.2683964429369,460.05999519275707
847.5993644861155,430.3129429910376
862.3284062012707,517.0985455423521
899.7266508187773,467.3507233149727
926.797555671203,507.25651893452573
899.1254286900643,465.91539307731034
888.8246818262663,505.2106049811837
920.5032439370588,459.48181924870124
844.2302254230195,437.3722798091371
843.1769542923046,442.93336041489226
847.3305637576747,522.6403337445972
905.557012709802,473.81705767034134
849.3040842743936,480.429319431143
935.5178657709721,492.70788871485536
912.8985481499296,507.29601601995927
881.0589608856064,497.67156857011156
882.2389259928384,540.6850140464793
884.9031061102943,482.11003629345686
886.5272246848406,467.03736793097255
849.8963711544578,531.2370600746691
897.1140741535299,472.9556356126474
865.8948740427933,482.69835456931
925.5639560038868,488.8700808409427
897.5564578429165,504.09540046320177
881.0692119979847,541.9376204899679
928.8345989842047,520.8957477829526
908.9525373794381,524.3485732460587
898.4264194712587,514.5569988502544
874.3165386200599,545.0931261500459
862.325984199579,503.3215240378331
858.0988759385535,523.60682949814
943.5147697558983,487.044253047601
870.620487270676,547.3767229337614
946.9165921895757,471.7046303678951
860.1624040969759,502.18143640105814
947.3089157928755,486.86687813880513
913.5898859453469,484.28157429767333
879.8010399097968,488.146103278199
927.2163091795729,501.3438645700446
911.96448143656,492.39310328396397
908.0242191196426,521.5638543096512
878.9111906032172,506.3535243459251
906.1064731515867,507.679557584287
904.9928171871321,529.3386708741698
881.6815815271325,482.8484443397765
862.0395376926291,496.76138806808075
952.8624198987341,555.7173446175416
891.1604647657942,549.3374542171467
931.8481961873962,565.9099500747762
937.7922323640252,524.9842952183092
879.5733619227574,533.7358800733613
887.6709241784521,545.446488204026
868.7180035219525,569.9449362985233
935.9063371375779,550.6079522417917
946.0353365239553,487.20819428297136
878.315912832672,474.33453247492764
933.0573300598073,531.336894086756
870.1787971602115,484.0833601910067
940.5256985227539,524.5616133327981
879.0416429648902,452.0151226537324
923.9066792358452,511.2039454268251
839.605186198507,486.2307169109102
912.9136285347045,461.9862247401812
901.3793314810094,488.24052822122763
874.7477100697652,453.25013339993086
850.7951190565257,542.9466720757798
855.8750258040106,480.86438407841115
847.6217088924654,537.3901129367673
875.827093790234,501.07353445203887
875.460934384417,510.2956506667639
841.0025035143947,522.8467616279022
871.7767586325047,540.5791551516212
886.0591097880297,483.7761845919113
867.3117131156904,464.0126950845446
881.3670883288851,474.69980473161286
821.0848029093319,440.03366212952807
857.9920101832391,495.8506058152194
881.0284406627359,439.6180820789701
890.2417234514929,502.7663825343632
851.7900297740251,436.1848857824218
883.4444719214624,490.1001065315847
872.0973286123614,477.34702129555063
859.4052059813922,445.4758080064041
890.6851836953402,494.12113720187
858.0285413417445,513.266686793067
847.7219068486287,492.86847066113535
870.362892115122,444.2772062174296
827.4855709905189,457.23103727965884
817.8212383144049,516.5067570016928
873.7329660833778,438.27245666276224
825.6091320957662,444.6667025868978
844.2379902711948,479.14595184339254
855.7227809108361,475.21749626907103
818.9135956713366,516.7009678055981
850.6731219364597,524.2745371869294
889.1002653641888,457.16799083750374
827.7239972844994,461.5822900364092
891.3479094397532,446.5256186896611
873.2698404366458,513.6590836894997
814.6666826135549,522.4170471840986
814.6715540036178,434.6575489957904
890.8238578683292,470.31616300275374
812.8809040540125,478.970417923874
883.1602871583871,443.5541853078448
875.3205920713575,445.2491299112892
854.1974708126011,440.25368173002573
846.2089019021944,496.2844820450398
883.9466120666051,497.09099253307465
869.5012506768775,483.9520543730735
878.6492648986601,536.8426109223185
920.6291265389962,463.9181348596367
909.0553664839092,480.723543419763
878.4443609287432,543.9914966234078
867.5269188714276,496.8323005862754
830.7701649674137,515.71139238925
835.3015767214462,489.34608829518214
918.2879576669333,498.7216917305857
846.9385525227262,481.96055209749136
861.0905391801922,467.60453598367974
894.1858100368295,539.8008993121384
884.5329835974978,532.5490941851745
869.7236941158375,552.002508490845
917.6130470691703,508.6428102210896
899.1272017749169,526.4769667261671
881.991431935846,499.99245590418275
882.5825079039444,519.920917398423
883.8535725733432,562.3307574403738
884.089249528344,492.09549888654703
830.7262226722822,554.0591616673861
878.4356274562496,545.5862612191783
926.7070890887084,557.3363673774102
921.3080727347113,478.5718458879431
885.6723523505287,526.4426763895419
855.3841638422659,541.9592707098859
873.347820578887,510.0293813378163
911.3910196713259,554.6852340584741
926.6789025256849,534.7911819277018
920.0757709283776,551.7056388879257
851.187719955376,516.4197170648682
830.2078195353746,490.12330309679896
907.387010035334,549.4126326016992
870.4538047392568,536.9506808274899
834.080837942349,549.4171478212263
897.2693092987801,492.83819205549935
898.619896593072,579.3780843011992
830.742538807421,560.4503997756262
832.9082117701984,535.9324946031549
830.9755117054144,582.3405274323082
846.1818071592382,577.3767600922148
906.4408099462311,514.9659059809429
830.8920345024451,516.2811753792995
874.6406327585088,488.91030235757995
820.7872569141844,578.6050426929678
825.111507104104,505.5174609905947
862.6463565406912,545.7835492884298
870.3469038171534,488.20011357858533
902.1549606844183,505.95447749733427
908.0924314709088,482.2913695002141
905.1676119461941,560.7163991434901
910.5082087462996,532.847134161977
857.1561831082446,549.995539092976
865.2522370242983,505.10176517481926
876.1635464012527,521.1404520990712
880.0677949361884,558.7980393801736
916.73681637746,522.2437196457659
858.3344936353004,577.2118113136473
853.5593671882441,505.38832710777365
895.8229366404981,487.34893737004097
853.1567831408076,567.9467000237837
827.5676364250883,499.63146625140473
859.4172754292341,485.2509629968081
921.6675145656047,555.8039941933567
857.2516656309112,458.7833336695953
832.9534877193017,486.3733068380275
924.2040580799562,476.1477432642357
857.3077651980816,464.4505840600649
851.1119955313029,554.8468321131277
926.6841420861999,548.9835873934126
910.1601823737174,501.12345580716493
828.6777106993877,550.3890731072033
873.2514997147146,494.0984942252112
917.0806031524855,462.4705280225661
909.9260568629486,531.6154147289134
883.050111703437,497.302904925389
917.9792971376893,472.29803075618156
923.9121828995605,514.8725909104948
872.6580400952012,481.48587262350816
918.9441674391337,469.0264541215596
857.4392947755491,451.77919563086317
883.2823365130332,496.87297256916804
888.7273620370671,536.7888157268542
931.7295958056245,478.2563943379008
903.60623206022,526.0731971018665
914.3391742635715,488.7601957413303
915.1179978340546,478.3202610164545
907.802359611492,470.3996071037828
928.0033260037249,540.898544028399
937.7210919522813,500.82011663120676
866.9918736432136,475.66688239108026
899.4093034143372,535.9798920965727
935.6686587186082,537.7755988711473
902.5792964723651,514.6926148942949
926.5798117067322,465.1431944331861
866.9957210786655,479.10490715626133
922.3478944565882,514.6033629716635
915.4989738833017,491.71256340657794
888.1025061935995,479.0231370411243
899.6198803764523,522.7882113373862
848.7039182367362,482.47684985465065
909.5624103926812,506.58545506903033
940.9263656365761,464.5254452699375
852.6187975535922,556.6336774083633
891.5590557814769,547.4452437884598
880.9419751354228,508.162771391813
879.821175017343,490.5389303590855
855.0148108966953,493.944580981772
883.567106331408,517.8568409200418
939.5178151949889,513.9222445167228
857.2034136877269,524.4800726264974
888.801145439853,496.0985361743583
934.1800863710215,530.2697749420204
913.7559661240671,538.8544602787632
929.1112412254585,558.6682593694105
907.1575924453853,509.623269883419
925.2186361811339,503.41147687848695
847.9954017991221,538.208269394687
890.6278851559997,488.91718183248776
925.0334695092611,557.137541301524
868.2716780536639,500.71796632696964
850.714836708221,523.2888291151069
880.8687239995334,505.45179327310126
935.522390053015,582.0770392097658
931.86531486365,545.1729964402232
921.439696301609,524.3530108118628
883.5314705195182,506.45783345361934
843.4100819602905,550.1707810677424
865.8154731197013,576.6891490830292
925.3171256077045,590.768929525935
886.9329931242455,559.8243771695245
909.9951449015197,577.3875438159793
907.7158377165915,594.9179115354679
913.7870679206567,543.7677718648113
846.6937011352178,554.9938171806331
848.4548080341099,538.5534576703437
904.576303034339,593.2993063253876
887.3696932998744,519.2005795697266
850.9747828086571,538.113960952331
842.8748205574037,552.7974550156325
862.3849467492802,534.2437901938492
921.6820270900561,581.3666976822058
867.5260784453162,557.6820016076049
873.8160875313747,570.1034620699426
849.3877362369158,576.0606684345128
848.4787178034331,605.2104586743446
916.6201596641299,573.2651924298884
839.577569012034,596.7125946042976
822.1141485280612,538.9750640222209
873.2790657965829,557.7732333756272
873.5826473299231,567.0990605603071
832.8839147603783,579.8400828459213
871.7968230174615,592.9586969579469
898.4288485029149,550.9607810471888
908.729498863066,622.5683184052151
890.0794813337009,600.2353255309091
884.2821270771539,587.0750167230506
858.2560590861319,596.3898823453776
907.3463763522705,579.3088046585639
886.8598420789626,568.848232176776
820.2688054645108,604.1999887946686
829.9990750306478,596.2379500808217
895.0599456497256,636.8067148813304
880.6632326569278,577.3458737062026
861.4903635355016,652.8328684071007
833.9298226515782,626.6178031987704
818.6049541844707,656.0045967988127
843.2004274367151,562.3232393306355
876.1965882665761,560.8794104059684
894.3563202497478,563.8902572295357
902.069564721003,584.6035638800482
875.465242816273,646.5199600875638
912.8046407355929,598.9798805738561
885.2442633536575,602.9167557445053
914.1895455132433,568.1618552301743
818.8279126267705,609.8920328575582
889.42828781907,627.8360373769648
868.6623918719096,620.5537377324252
893.7317641368935,655.1844962570286
872.301623505323,599.4620991069899
824.657924623948,656.4064552515079
877.2229437829977,678.0165812159574
879.0368442038236,679.6624084528512
810.102490587047,603.1149556547875
845.5182735086568,631.1019188498601
812.4799943234572,646.367359270422
883.1627861133451,670.6481491801312
843.5540275440466,626.7369522432228
874.3983245218608,616.7748172578202
894.6781894275039,618.5491122259623
836.7847610153033,622.5119503847179
851.8762686662701,670.4441177788692
769.8372332699412,714.166651375215
820.9558845775792,705.9980515210103
826.5106011776734,655.0248627583416
767.8946455812537,641.6639726883408
762.4396539579582,687.608573493472
783.7596651087817,668.3111158410379
844.6069783625096,706.2061307864392
807.9702758323347,707.2743978798635
832.8633953925078,706.6468290802729
833.4549245294686,681.9498066998788
851.4281825307488,666.5879106448707
783.3663691241768,722.6759830406144
841.0501350280616,670.7313748517703
789.0903598410206,721.0350502480968
852.0840583475341,729.7534916544405
704.0135171722276,679.191325883677
753.8914056792149,683.8726331662322
695.2100754102145,687.1357138380826
769.8223918914946,723.8328453009942
772.2547867197504,688.3400309419403
755.3010351100576,753.3534987342762
694.3434006618214,772.0257198819104
775.3982763789209,768.6616793005104
769.1136607290167,681.0805124533367
699.4024663067271,750.160605886413
783.7194355336558,762.575129173438
704.8437444332709,705.1256176359847
780.4785885338729,692.6268144554806
782.5734288335992,770.5546739491115
706.6497717513157,726.0279480704979
692.4801203166707,764.3935148112982
670.4575606006898,754.5288370589415
750.1787202979305,729.5066580329901
741.7422030168148,728.935090392979
686.777225886223,731.6430254006481
691.6639900601406,727.1138591811797
737.189061940294,685.2326283662754
669.7566626641161,736.4349662691579
749.6236017273013,705.5183610582617
744.1802139763428,770.117014298379
733.3677474204044,770.7951029220087
763.8313615375813,772.8478830702219
698.5912819940404,715.487927422988
668.2483011341951,747.5333242400155
693.0433181411013,732.8009127340506
707.9171674808047,713.9708029756747
666.7145283463902,721.325315173988
697.7135950060049,726.157123687712
734.0256880933852,750.4563596589413
716.6512773950334,753.863731447963
748.8530557014196,665.9534020940404
717.3289448020683,737.1188903879261
681.1303184951995,724.1020205941238
667.1588598598718,750.5365195141844
668.0503315313892,728.0845232352563
740.3614566529828,726.2287087760737
658.0456922939019,747.0972082572398
734.4528785607644,761.7176131384075
675.5297239138301,711.7378590283588
712.1838973111853,676.2274249300524
659.6994022740791,679.4155109678703
650.5335588029404,684.5644986727019
683.9174185294133,688.982908073444
677.0527845550544,692.6925591668997
681.4672235106738,639.7764041155165
696.9733478915608,711.0460639653787
664.8549505504691,681.0812070050004
621.0099054047045,694.9778541720596
667.078823802852,641.8209666527719
671.7122048085333,674.8815743054362
701.7161941824895,681.7742542361636
658.9200567577384,653.0097102068912
664.9090045776459,673.9099029581745
665.5744928126892,678.5509942835524
641.6997190833513,643.7742126614243
659.9793717404646,647.2367350068384
630.5933616122469,720.8823741750507
617.2633376049434,680.9447381650212
646.7193656129659,727.6129751995069
657.9981669567778,630.154135253279
616.2785851696863,638.8344390496593
597.2780505137391,680.7234031186084
607.8000626997438,610.270456289379
601.0009807951302,671.7655416138438
591.4812040814265,693.1927861646667
618.7872450556036,639.5464985124453
649.1031428540558,651.205803199307
640.8974960511979,662.80891810642
639.7925192579493,643.7114756272982
615.5183389681348,654.403761348526
656.0772367728711,601.6726512954515
665.3821037899189,630.8848584620679
658.3585747818843,658.9994498452013
650.8357270767856,600.2042651998017
592.7505843938463,657.6182580702332
600.0007464376955,670.226137440427
660.3292296771234,669.5849862098005
601.5391570782806,656.5746723158923
627.8449816435785,622.1645253710981
613.0861737961013,596.8408862378412
650.318955743751,640.767545529325
655.8614349697087,627.209399824904
633.4671943697284,647.0581476168752
576.6748555241629,592.0648556855358
653.7206673868016,630.2293800000366
606.0494095534324,648.5329037313179
655.9544627824301,614.1971448428017
651.7332644874886,655.5104054386804
574.8913716276688,602.9726796079888
670.2903303414405,648.0864691686932
578.148609102633,622.552427828736
543.3523201958762,621.782313912669
581.3299075590235,649.9116518987095
626.0540091376879,655.6638401945551
581.0102709964184,622.768621561126
581.2000109278908,674.9253815088556
562.2731599778666,640.3841067115012
563.585634972257,617.6001970917765
610.8795235935623,645.2348678495503
577.9112323464722,703.9282799142177
545.3989045510249,692.036856213116
591.3654156196783,628.806747210581
550.7264179910537,679.1986341309125
637.5243323893098,642.7688639522665
566.3034511548356,692.2958986143854
618.1723162875122,625.3831652477838
589.4934918205136,682.5189352538954
505.9455823561492,639.1038059874853
531.2000321703616,698.7190965426801
566.6506667262237,647.1259738962985
545.9663406010801,646.6254681487485
526.3370360583237,720.6976725781772
528.0011968239173,722.0451310516803
597.00825257951,719.2774071758536
594.5528577326158,672.2447215890991
526.0773865838021,723.8671826564699
541.0802325276142,718.8787320201873
512.1884550203981,704.7951688804774
571.120464722301,645.6151501019204
533.456237696613,715.1017052080429
555.8991550763286,700.7955915839021
505.2149492124214,669.1796980713605
571.7876319401216,648.2343554949258
552.5215320168857,709.4566885146594
499.620196571443,705.8040846698692
580.3683725662381,696.3728805697747
494.3811807686572,662.2251404159219
562.6672423554762,720.7658645440249
540.8421457878885,659.9145907294264
517.4770794569607,647.0293886271569
547.294980146712,731.5150230748295
537.808696937518,680.353619577714
582.8950490345385,668.4466143315718
492.2374833301902,645.7167764257092
533.3729075906629,710.8639254593011
525.6637238781072,652.1320771747377
501.63335298709603,733.7610710025049
507.6396316632753,728.1491040621657
528.6122841038866,649.9754397720974
556.5533992629059,669.4479976151331
571.5444314006295,730.8085992152273
486.4581548866179,653.921192395955
500.8661947695718,656.0652613660022
497.64228233973677,647.077419323111
523.9843285240095,634.0945558120857
484.0034797043577,641.8371720695295
580.8153925035024,659.6155882496084
486.0896279273188,676.3348408919815
568.7019713636009,647.676044644687
578.6031444159777,637.2521974362884
490.911216088793,651.3805791715276
578.3374006120532,732.9227901036571
518.2776797018789,674.947093454162
497.5429159713688,715.7112816198052
564.9103519979599,647.4082795523301
471.5944127731656,687.7415105300025
559.7795785509265,626.1243612494281
496.9741232506152,616.8569656395355
469.9642644155678,666.3627043815264
491.46827508081515,683.9020838159299
479.7099059989588,682.2083817746701
530.8281935498017,627.0131975101004
507.25915253480696,647.0417279068382
502.5893805802595,628.1324498640522
504.0579956660626,665.6446776550608
538.9324783122939,684.5179148332377
524.5743927366801,698.3320396313694
507.51486142365405,639.0109397329289
538.6013265833355,672.5007855474826
509.90009167418503,654.1665403745408
536.6900736695851,649.7452175053796
529.800350749802,671.8325568990468
488.9503483350924,613.7132749110309
532.5119571072235,690.1976232703345
512.3506593056071,675.6046639730808
544.3706262582417,645.8020527894191
530.4598670270473,641.4269743151789
549.1932488792293,645.4955534630553
541.6611565740891,641.2502101362974
503.215973418192,592.3659420188824
465.8773953955253,641.7039983521645
549.3681783977565,597.1459879137442
560.1138200308498,611.8391151849753
540.241266236226,611.8947104932274
484.77474761440016,617.2400758110106
524.8032532295139,626.1717999031317
511.9377347705467,679.9970972588444
527.0111746810422,647.1590918668669
549.4027267914787,692.4390512494616
537.4416054021013,675.8638109392259
477.5494325099785,649.0086818655742
499.1015102382558,640.550992972923
541.6355528701107,642.3210948820195
466.0260681540253,705.790812761266
537.8262746184081,691.0836489275105
517.9270623003002,683.2058152715404
470.8140982303688,613.8232362287007
548.4005141580881,651.6192945159099
479.6542114859834,640.7696632549319
505.46672398429024,659.2470926037456
458.74701189516963,691.3499598847636
544.919803092819,668.7654893664414
532.1014642151607,647.7204329043578
526.3986110996275,705.8218514383117
457.3252756343137,680.6222831423182
481.7894184471795,704.9671107971221
505.3995369002843,665.7903014170831
537.9984320708462,632.5228790478677
525.0231141723866,719.759598640185
481.3540389049382,718.3216031593324
459.05070049594684,715.2484467281266
541.7867163920916,643.9547944621434
451.5883741301126,626.6253346223075
505.6432609290522,705.8418882406839
530.4832781209201,665.4294190591947
531.6792806866246,628.5824973902454
543.683231093519,696.2067266533294
529.4739483440708,680.812727054813
526.2011977230438,716.2531672870165
532.2696536740885,701.5932279080978
497.14885626393453,664.454958296262
525.1702087327986,680.7344192229581
571.1158315281655,650.2585956655083
538.3764969734503,648.381686492394
551.2444541391453,632.711821775729
571.3852646578823,718.3781351192079
497.80930284056706,634.4396808839438
564.9757737409361,668.2247700281765
561.4001761777519,665.9939950168013
563.7443589523288,668.295619671637
491.94899898979486,689.1742181887626
509.6443880766278,633.781969103336
568.2401466935094,659.7775785977115
522.4826517412665,665.9037994955223
545.5462579594806,657.7846021162427
618.9863360373168,671.7060240224407
548.285235958773,665.6553367128503
595.3300923224126,664.7071970549258
631.5473427414272,664.6231576347169
590.5599614890361,703.1976987937
620.2523108443231,674.2726928050035
581.739252642061,716.5638592796919
624.0183003321133,627.4074985133735
624.7950813207964,679.5172575808992
562.5677644893053,702.4834402002725
616.8374932381594,636.3137942297121
615.2528542787353,653.875490412162
593.1291043535755,635.4941759962157
569.8642606787828,651.5961850365702
561.1884588052183,707.6277946947808
575.4194007930674,715.9603558049831
547.3214353740294,610.346025284261
542.8356792413379,633.4757044576356
623.3542519949568,667.9157759744722
631.974246531908,637.6980242843739
584.6314066078141,661.0342449285329
620.9016413135625,614.161587575122
592.9778609045501,635.1876104928742
564.277800884649,629.236963034401
553.4657043381147,694.9263133748148
562.425435989522,697.039591885893
574.130938858229,645.2467967165002
628.0376452290807,634.8436124313508
593.038011533539,667.1192823061433
554.3330788498096,640.8873625212156
560.9554752795552,676.5871285974035
577.5633611236323,648.5928649066658
543.7173763014955,664.057673159773
531.9619754326728,666.3895795366699
597.0332207695396,649.9819865796374
543.4675876653627,599.1099205645545
551.6536999232452,638.7224020146774
518.4079188037008,695.2031512042229
508.05111037128415,637.8877426645013
563.8806908034383,648.987129502517
548.0059619061223,637.2270558593241
538.5603814786467,691.1067499631287
546.9743602746103,625.4113360898463
528.0512710122078,628.0463970385422
540.0183809509924,650.5401986947755
548.6173351908361,621.1369488622922
546.8236617121106,624.0239567850373
570.2844753885447,621.1585120327694
482.19432445162636,669.5725370840321
511.9431360624345,701.4772337893453
533.1359834878499,698.9172810240153
466.21739707485244,656.3663428256823
466.8870403170831,671.2811755623331
506.91964400535943,698.6073594164087
473.6490301451446,691.0074980459482
512.8391591462433,698.7147367217945
503.6206717022609,677.6583518165066
535.0068002920002,638.5077726682453
556.0879861605197,635.1110404414675
463.5492456131635,689.407351476607
487.23078480320015,627.3521766853346
550.066689391617,623.7090469392
556.9129733085188,636.7705111430041
553.7873326132479,615.4405214553873
546.9692400313392,675.1990623938173
518.6543904690794,633.614247747954
457.21928716273,703.5115660718988
514.2477136611732,694.6789835182606
460.9382645406997,670.4967205629146
447.3773356535967,674.4668323340863
472.6871613131299,684.9062593679537
528.6181618513111,708.6809403932642
537.1066748859874,667.515895564027
533.5658287625904,638.460732175561
475.94275361605594,653.594398545465
534.9071311837388,659.8098257414521
538.2718022490943,642.8455508013262
449.92797727164015,623.9062220387079
500.7448426442931,710.4181279012276
504.16172583471786,668.1984690953979
457.1515673767942,722.493692415766
502.3843040587584,646.9647681023187
475.0479383539983,720.8551899524574
520.7657556492455,684.575363192337
513.3626511498685,692.1215340467379
458.3553301048593,671.3596864079228
536.4189941411904,665.2532158459231
535.04878065108,689.9190354377761
490.66554342990634,674.6581401533276
477.8442361946219,648.8637097527076
497.6407717384106,676.9866911331944
542.2239089105703,702.1110962398099
513.3945814945275,637.5616358817895
545.2540423233545,716.0936571319729
520.3347376545922,658.5335825902614
520.4760549105984,699.3697061937831
533.2685269368008,642.4107066087961
547.2015181321947,686.6659085858942
476.45216400278696,698.0178875959804
507.1738338719365,701.9943032529103
497.1988654110543,647.6299488713646
487.3523279583261,662.291136501211
556.3752925088215,669.6669485137418
567.4586429315505,705.7344128267515
487.46530194674,678.4644943142325
528.7502276400016,684.8845140056161
543.3273454457601,645.4358261607758
556.561749286104,683.3747642159489
566.7342122262211,693.8035999856577
522.8055713765243,729.8610050573103
479.0881100657434,664.4263207327765
484.1932331208473,705.9150846397254
585.4179311372561,648.0615900259439
537.2101459626788,709.6834114974542
531.6529405289234,645.5569975294336
550.6436482929838,690.0481378916015
582.1492403513129,640.0296689502766
563.5551302013371,630.5588150545253
572.6030223860024,672.1224630198892
531.8314479721963,635.4783410304146
580.0622483547729,702.2083530189316
520.5555006593701,694.3849258979983
539.0160878345727,677.4668562564736
572.7114657699183,681.8321089201174
522.2485061464918,624.0997162039849
519.735996891849,670.9732292135325
516.6470213404447,624.2406987028409
557.5081451047445,659.1269868989766
523.7472866363854,661.5837693828067
564.3264243481373,604.9006336806384
572.5885100508167,662.7326103079654
564.1934565454329,681.0821141594067
567.8422412302529,655.1086818064508
567.1230952613449,623.2061269408221
500.8449867156917,684.041259552834
556.0751980511438,605.5982068632323
574.6033318531373,658.0267058033567
545.3144897201462,606.3420342939477
536.0552844850699,664.8329934120437
512.6607382828582,615.8045366224609
561.1134248580622,610.4486894562446
551.5723140234619,681.7780709361389
521.413443460192,609.208467787518
585.9750109701445,602.0161639768756
522.0667680225865,638.6373450698725
535.6224911446407,673.0008428624927
532.5928112196486,622.9956856087376
570.4627943797286,685.9469247625229
548.5233872096009,681.1993026063093
530.995453803445,638.7988479591658
493.0214292369735,671.8191493880296
532.5397814797769,612.5660868369888
531.5481336814339,665.9132933652373
555.6983010013215,630.5312804463078
559.2785807345767,630.1488997619945
518.412587863669,625.286103567321
536.5008810864464,632.3844277475448
519.0749080747524,601.3529511705672
560.503231269123,595.7671226998826
544.5177226719411,616.2974885415744
474.76283244712084,658.1124025981476
492.8657496124226,626.0574236758389
513.768461483561,663.7589063518597
538.9501942069166,610.6262506620126
492.4703435494198,623.2506134813683
498.5775975522431,599.0656199552109
508.59532524660193,601.5986374598664
511.251287605048,600.4487993600759
480.6141351411268,690.0501587844298
552.0421447128551,681.656755207895
508.50694207401676,624.0324763700802
544.9633729383233,662.2623473174979
491.1586126615391,691.8099193848271
479.41364964276454,671.4437219201538
544.1567596799973,602.0566922153515
544.8571719100462,664.0552631343924
517.6205161268292,692.4639302499895
471.50047537864174,647.2993084755346
540.1245345388287,618.3192613166269
563.7929831056117,678.1674157369984
536.3055028801675,690.4847899198794
483.9373825226688,706.7315769750302
561.524679778448,638.7704348388498
562.7685203473131,678.188560947459
553.6900573247751,621.8789899032801
500.8058450903618,624.556506223902
480.9147330166058,685.8909429530657
478.38954850023015,625.294273419738
535.9348223643314,626.1406389037561
521.7668771441865,645.1099827749716
554.0370327321419,682.798775645736
507.9111493700975,670.7894348687967
487.91401168522793,612.6483599456033
500.25691806996844,697.3946118732266
564.7739754155824,666.7441810689065
486.05430679474614,671.3576769913684
489.1839015687709,678.3540931320283
473.8262509971432,648.4248190917248
551.7136139722681,695.5291145073217
561.7941508748572,609.5370171069449
490.79395533571875,656.8191365609656
510.4246477652784,702.6565983723565
546.0750845181277,629.8333458950511
564.1270822946432,708.0965778275811
533.4205515860909,622.9944827832351
534.9904615199256,695.974247529252
471.80628928097894,647.5406314405835
489.0472432828392,643.7553482270324
515.1556045499954,611.4901325543298
543.0993852934234,628.6759149569159
531.7965802538538,629.8748099132326
548.4896772671912,658.9709132710003
549.5770825707876,683.5966975280937
489.44339286210527,644.6644508905091
463.3830470258434,656.9324927914756
477.4340095539556,601.648756065467
524.021538531035,664.6143337815171
494.2233823412789,662.9281903867834
527.4116833536922,601.9842426860308
462.07945421024345,609.7618761949491
464.2512764587954,609.0485126403452
463.6016749017634,639.0031565287192
479.4849501903728,623.0863060648816
480.4610698051252,647.3258395566094
499.66119919630603,623.4781525849488
530.5985869258448,646.1822340533834
522.0601822018363,575.5075585456643
513.3315816497712,599.5984376085967
504.20898114158837,607.4463492687036
451.8346465807858,604.2519622923828
546.1851621639057,649.2078696767486
512.3939492488147,583.0220308621006
514.350285036669,562.3592086867613
512.2362276638584,644.4621885479318
461.02992446982023,576.6690108588848
483.7510900140029,586.9819704434749
474.09382576846025,586.2198836861838
535.0162023785135,595.0053350402391
503.9794114121661,571.7312431428911
524.6463416125274,585.1434459445995
537.5690698114945,576.4994427275601
460.0316195758143,541.3361181825044
525.6528715094958,606.3370942041206
479.35994752257915,599.1020442158534
444.2321662871508,620.8011403499993
494.0041115085046,537.976823715663
495.3954869682564,555.8498001508243
469.8525045245215,605.7962752001135
531.4132613790725,545.7392845136746
512.4827153691795,527.865719416484
539.1559578058506,525.5701959168205
531.7771382132948,580.5064583267139
521.8346299423489,601.5034381266028
445.1643738862396,569.7629734654604
515.9530038983957,585.4301258483592
466.2942684439469,614.2717507468329
537.0313980476211,567.888975864121
546.4945566359899,567.2764482761108
549.549706420232,529.8284976208743
538.1549513654073,577.1604427190938
539.0829971294575,562.3631866874179
505.1995186027566,610.740701265021
523.608029762794,624.975191433091
518.7717396130523,572.0544732002184
514.3461714163553,607.3536200905048
545.5529187552365,571.5902013381518
553.8174011825317,612.9189372331239
502.49837117301274,584.6222608482442
469.16375401775576,555.1857826743926
550.7870256982161,587.1318227728326
537.7181556588048,526.3379685824559
493.02967117491096,567.7245552097734
549.6127253599514,619.0464362292623
496.580104595584,644.8251504655602
532.2120848245341,555.3912924862368
488.86420620448393,575.474146188443
528.0011626166911,608.5469015803154
537.0353012743602,604.3198387856563
510.0460146585301,557.1602649219652
501.0245726718011,591.6222961538223
554.9429874803482,626.6098781969754
580.9337879121734,611.8696235682316
576.1051693171087,626.9368132269834
495.0335853608756,573.3986115150519
516.4976330120286,639.2213716448953
580.3632112105788,582.8801205530817
554.3733535408799,620.0171887752047
495.98681683685174,556.9975180245294
576.8866981051599,568.7335311511555
545.9029843167867,645.5184495359678
519.276105310901,624.3192934518621
558.6612530125647,575.9278607672823
508.42172217642866,588.8894656658175
552.5251556537193,611.2223552370145
568.8207601481602,591.1636080975376
584.819569976244,625.5960186101893
588.9411761562558,601.0966889219361
597.1657291566585,636.7819692998972
573.1007531473475,592.7717681835413
512.9041629231265,578.2258848037984
548.3910883294926,621.6742507653039
574.9985447619578,636.9452956656153
567.1655435358475,651.4943493213186
515.8053443793726,595.1831399874254
517.3987860034996,609.1947151633003
507.88049223484694,614.9503839644553
580.8954724850325,583.2522559000612
531.5627974250332,631.727057337621
507.9159159000811,654.4929688079114
582.4868591965226,602.052315626201
517.3321935575129,639.4267395235822
493.10897415453803,616.4292346407595
536.7823626502125,631.3651478247929
522.6017764792113,654.1989000940995
530.7226691945905,669.6908490168632
489.4600191136451,626.8868940128182
548.7116147709721,665.9506717899012
493.7022949184656,591.4926214472023
526.6316393673213,626.2450352180435
553.3646304114643,594.5624679895766
501.54132270569204,645.0625571650896
471.0855725199817,598.9954356006621
509.1851572130975,606.614827484735
458.0741531111719,655.0171803466085
532.1657169436824,609.4366564788974
459.4499297568484,618.9671877140681
497.0316991452101,669.051446992779
531.2172757314997,635.6106059328971
499.9769085086974,606.1257629315725
523.4519634768999,625.1143845533858
511.60518512462005,666.3217751119707
480.8023798420289,636.9767698866356
538.3822413421631,666.2247002898746
489.0117827748604,614.6618335774174
496.4618234348577,607.4934385849791
466.3938629225429,637.4280259063534
457.78057345552,584.7685600328508
470.7357525456276,611.5471712045844
466.9460676007185,643.001759931258
495.73173258152644,641.2811397201774
543.068588539805,604.2109185260819
493.38491361671095,635.8448064547614
462.71729189925105,613.0162352127174
453.78330269339403,642.1016051706122
543.8956416837938,644.4511774976656
456.8165631934388,586.3680112130656
479.42881515781073,594.8076080689301
534.3842775877991,601.2080630187028
518.4307465288339,639.798836803086
451.6773665062939,658.1989551476901
462.3523878276606,623.756440116247
548.7517255908401,657.8502293749101
498.58011691539747,599.5987473180696
529.3761036997262,651.1258785865771
537.8164552418582,579.2325537504796
560.7681298888542,607.0115054394621
558.3393582115258,650.6581530213158
571.7440933028107,605.7312273682276
495.29348482599863,611.036986988595
552.1221786553922,561.2214442139745
495.2439163964093,597.0089291254776
557.8900873371128,651.8051284610353
511.1713484702704,565.7660000451988
500.5876466882593,619.2910738448768
513.0984573705373,639.9279196941611
515.69205885617,629.792529444484
517.7619182824612,629.6025041638043
526.8970740666115,565.9390751275071
578.8307590774289,628.5259003651865
621.3212440080758,597.3597387200579
583.6953759198204,615.1174405607863
573.5149162884675,597.6969294185549
579.915714855316,570.1328239391162
630.0610039065906,617.726909856314
551.9241992669905,579.056397330652
617.1833586215757,585.5878324578522
553.3563176405653,614.5386422608889
633.2204111769677,555.1381792076384
559.0557925676735,609.5751848517706
601.0632695742314,615.6277386105312
601.761785021034,610.8724395078717
578.5824861867156,550.5924042099969
543.0052311370301,561.9193623758508
586.7122446470274,590.9748760916312
698.0836268354509,596.2473005287058
652.3277699036952,523.0343445455742
617.8917197332383,567.8367678372362
659.4502217798342,603.5374631029852
689.6618942186552,513.4056948136281
679.2997016272565,582.585546625767
644.4442939308462,600.0115107393812
710.8244817155553,604.1800727314017
624.9964134732412,599.0207890509248
643.9972864492418,576.3580792296675
670.9011654088115,573.9999743888993
683.7863156493412,523.2640273885174
702.2931698542164,539.2186578259065
635.568827654603,522.7512642360932
687.9113917569205,541.6663392244596
698.1907219984643,522.2952943395036
730.7119050056376,540.4610764416973
676.4692669486808,525.1300074846681
688.707275024219,504.31230904045094
707.7102828738156,482.99970896880757
734.0413798094187,475.2395544961639
663.2058234724615,507.9496446594405
722.8198141500584,518.5821471750133
704.0942773175503,485.36419353258054
704.2762993989355,510.78711766668783
657.7927244518661,545.7136645940963
681.7589783344483,547.2875756380201
668.5996032646816,536.3785620943898
655.9064720226127,480.63109850938895
737.8518690908722,529.6995504257587
713.6390790528619,546.9942149746653
746.7698764203128,510.50022343343153
646.6751035626282,482.92945937371115
718.0914486587466,506.3001078333606
724.4683483783792,480.5229323239837
644.5119365963392,444.30460191189803
717.7420298447137,483.30385334789025
648.3636775484041,466.0422932995833
691.5831074361188,508.73626957335995
645.1967497478507,474.6632333336934
722.4906062697406,416.9922496896078
656.2496195411832,414.069832508781
665.8567540789257,441.0391964571948
696.9816966703403,420.22888000484033
691.7353113418462,426.25127632980957
683.5933924126601,495.1793983557098
741.2326685190438,480.1210908044535
669.9522936240214,473.33934355222993
626.9296622890884,442.4195455937956
652.9510571078841,423.0538575459622
639.2869444135002,407.1884737119362
653.3494021466893,456.9482432905566
710.6376314301442,390.5780430910847
688.5433589308717,452.19455674557173
712.8896203314683,384.2634781698796
652.6518464969897,390.9644410359414
665.3483171245554,435.7564728387469
681.5791767921908,412.54540198922507
622.83906197365,418.5675251045751
679.8480505192625,446.99118036767277
700.8492941185755,411.8780302990532
718.2656494592284,456.7057963390401
717.886552527144,468.51341604472174
707.5077084669472,373.070303582585
642.7189947543898,350.765651362285
652.5172440113215,398.9691185170072
640.5209472362145,376.6198243264236
688.060644548031,386.10771921839154
616.4779637940345,378.9849540415107
650.6698682879822,430.26631611756403
662.4205803072733,370.85947853524027
620.173039929972,362.2981300870655
688.5617687415298,384.6345393030687
680.3088761946078,366.96809351182907
651.4941902222428,399.7766723806998
642.4102795546806,380.8094849601441
673.5856530515978,431.31653969259963
680.0251736257784,427.25179301611286
680.6837982540467,396.9525939067619
606.1492194200462,366.89898514037554
647.8778339274244,388.3489861402542
669.147267792651,351.300796484423
610.6980840234222,380.9387293429654
577.3043377600945,420.35161156829724
662.5696022504974,370.5594052091312
601.573945888713,388.1910493983196
604.8884395163877,426.43685707288387
629.2679144622912,380.96959634771684
642.3641777466817,422.1617812018996
603.1335595710588,417.71094858781737
608.7091945341185,404.32390235141656
662.0930427557278,430.17815389225757
578.2387117734356,439.94948019595176
594.2465929374166,426.8639714534912
658.094637401379,399.2887006478286
635.6772296555903,367.0740582180752
620.0506956006266,397.8664902220055
659.0591134582859,389.8348974084129
636.5586092802755,429.7737122250391
651.3443910907922,424.80731134275555
617.3999186517577,404.67719244077557
596.4999981229977,394.31905657607155
583.3106401847738,405.6456578679688
571.81212414134,369.47210741495655
638.7475497867762,465.26633217887934
620.9908886417506,394.17596471042935
637.4062679398882,414.26723733344227
575.4205222527231,422.51437913952986
652.0288791663546,452.7666323996277
601.2964977807654,451.0382644621061
641.1705625987446,468.76371444445255
617.02658045231,425.58060836532354
595.4950428523274,406.72585033789795
575.7975556752876,407.9000001618768
654.0586090910463,415.36242809472566
610.978786596091,386.14401433784104
589.5547237325644,402.89457093131057
608.5116548564424,439.95799993051145
589.9185006490856,453.41313073400227
588.8600845095355,424.8615927023393
629.1106785651418,425.79665137238516
588.7501815649188,474.6744723946072
640.0619709885102,466.8211763783968
648.6503513114118,453.48216433404724
595.7688799105518,456.6183037873354
624.570490742302,386.63359676447277
598.3395688971872,404.69552895241503
672.59356059922,391.21568138116425
682.3999242867679,476.4285432950935
616.365597373258,437.9560342874694
664.4717172706651,402.16532218291053
658.111098506205,403.525108394204
616.0869680054682,398.80573789194295
659.4907969978744,424.97955357554207
614.4293142352076,430.6122666315457
610.0298150918879,412.8930027349124
649.033184473622,438.48974008645996
660.2145990637043,403.04144368321636
669.585743044023,429.39077957629166
688.8820008632595,446.3293626354812
692.1173252204088,420.24852250285255
618.465066723413,417.75387457820216
663.9351555675346,439.0644165298803
664.0689035751366,409.30275479734655
623.6740845207063,374.3936478214487
654.9855617394176,376.7733510764687
632.1353108389224,451.87080742016985
680.8703499301931,406.22208641590294
629.5901665804477,427.09875103820264
627.8570334758928,446.89954944747444
647.6262755914939,434.3154228742346
591.901502213637,388.3198685952786
613.4675247445293,366.19631391193366
629.6911721498237,390.21818368083376
644.1167881151854,423.4730907004842
663.8120597856692,401.4214084504786
666.4546971266059,401.4960742617866
614.5691653307334,390.97939704845516
623.1423366297499,378.0352277141861
601.6951794036315,408.2731388592442
549.9847826028833,392.31840959650515
631.5884360579441,419.16224742918945
543.8857786866456,400.95323875285067
587.1334958915393,400.6598746363678
627.0315288857514,335.5390717703584
569.0447027008164,393.7375785243028
615.0766537994649,332.74500440771556
636.7551763221363,366.1679821070553
626.6950002452706,356.04910500898853
546.7493118238991,368.725126185882
630.4366015117229,349.5423762436383
571.77695212855,390.4494855796746
563.6709826369722,404.31802161965373
586.1021852954171,357.80315554425755
600.326787934172,400.07782766244657
576.5763682774549,421.99855709710243
521.8900295659384,366.24623791325155
546.200088234303,392.1990935134288
551.3498612274243,442.7976205580862
574.4317078088794,432.38258697295737
497.57556930483224,398.3911923981262
529.1132590157229,361.8612272298117
576.6478091069935,391.328168321381
537.0085643239238,403.81629909786943
536.9452467005539,349.7613618107166
557.7988878764463,402.0774087800641
577.534509306645,387.7000670496632
538.5504573959712,426.7338224124358
547.1190614290622,418.5618260569911
520.9924763703027,413.36585005114347
571.799778258295,425.39732817631545
581.6013686746685,384.5839531616161
488.8706220512801,454.49196990220094
491.0287326145855,406.0611273888032
487.15749801926637,396.8383436614662
513.4103317642902,404.212838408532
522.7818863679439,462.0511930899005
501.262017885559,391.00420842637675
490.07675169722245,461.8668770884686
536.1253368697872,451.4447683477392
524.5153241939015,464.8070904785015
515.9389867302375,467.79884604035743
563.9313434234087,457.55365137124807
494.9793187957945,465.56602790816453
474.5463789040661,485.3674079948819
534.6068622462085,484.04360709883815
524.4097446705205,434.49293735903785
494.6365892024209,411.13131340063984
511.49959121062136,437.5346279128749
547.5127724319968,444.96876641498915
566.4818799931428,431.3947238845221
495.2025017615283,495.9648275253545
516.1899309505284,498.93877339646656
581.3877742462743,457.233311941377
570.3206492367794,432.49405663399546
582.8152865949314,493.009662173567
519.4214641506356,425.4561541922403
492.0100088520052,520.0689315124429
572.587454996158,516.13096667464
567.1667209926046,446.93285030658456
520.4146836707594,472.4159655913042
501.6489584743548,439.00887749725814
487.7962974643728,493.53888912006005
504.9419637740498,439.96824088858847
575.4413882112224,506.9149344942962
514.9431128628679,505.7569654809188
576.4148270693545,522.4898768966221
544.8006147092414,484.02893197865444
583.9238663768164,452.785560881232
561.6029196888669,530.5633945780181
527.4114620560694,484.3194670147058
561.9989567274272,484.32009255548473
593.8326979446656,510.46101114060156
511.48232364275407,448.35666368520174
515.009877727045,482.5035604744782
521.1756428128205,534.375145144729
550.1536542361746,531.2679441529289
503.44066224191334,469.9348353031908
576.781753743984,527.7423055495052
549.6611167036838,517.0913961200339
541.5399931228403,514.5725187163087
549.1254325629789,526.9019364775274
536.1996433384342,475.2359947102605
501.69444539538426,458.71640465739415
566.8489332383564,446.08014585590604
488.78894521009624,521.8454733851927
529.4631613613492,459.72921115563213
562.2669354452646,535.602526947256
552.6809220192106,477.3828206531314
522.5788806090405,537.2045652351594
538.1623405199734,464.4645210854338
490.09804979315123,493.46288668567325
494.6520966555791,517.6791246837066
531.4901386768496,529.3797676971935
575.1614339406412,445.25057562562614
569.0017620336642,461.4658099030043
518.49174185663,531.9739301240494
459.9327176855141,460.53822560559036
455.13194936672454,447.50592278215134
463.00941489725824,473.58265565937944
509.2397937070762,530.2273031138851
505.40049231795945,523.0835337678026
512.1425928245966,519.8816272725215
497.710154912045,497.5113058582434
469.49752266445915,475.404362379914
487.5814309767584,496.5934393180665
471.8505353701305,500.35016124552465
460.3771593085439,461.10691610026083
461.32837698425,480.01274839357944
508.332269124989,537.9128722429216
470.4749050738499,452.68866076175556
504.9825350269628,482.0675696549688
448.1869431744799,498.59957145899756
376.1633737797809,513.2322652233843
372.5745939113577,444.9731350502446
377.59190440288955,427.53167862334044
379.65517950207334,487.34702845838785
449.6931114186692,476.8017103542813
420.63213802350066,442.56100267383755
375.76782578254034,456.72259544983757
407.4450358719408,428.18206667884334
358.5623483762099,507.75477005703215
403.9077732434643,464.84750872422825
407.2613550979657,483.11460076047655
423.22471871462926,431.0983728567084
371.8578235970758,505.51856519473927
420.92244912849424,456.8577704246256
421.34107507077863,512.3036272252256
372.23490892002644,470.30101706393214
370.0724055262595,475.8256222856034
396.10132173062664,460.4991790501461
378.2613875737602,470.4561382264567
348.857028163555,410.6596951717452
328.6566411113667,457.7701938676506
331.58276161529983,505.54435791444496
404.40000522738933,472.07584238988807
384.318521485681,473.38430851921277
372.7890335967645,459.76164749277035
346.4843788332642,451.7319910062641
392.83536487620023,491.53624764699464
331.52952274235355,423.0850308231216
339.60202891569776,423.16557770199137
344.5286472346946,449.393107009971
420.0689423136996,411.49222060411586
342.63939581288605,497.54590286009955
374.78742548452453,520.118312178323
392.067769380809,482.4976896677216
419.5072284337876,489.8107975977669
420.243216319099,457.7089047172302
348.30329965187127,470.20504591579356
419.8280292807546,435.44337233163986
405.61571824883924,434.6156920251751
414.0603023823376,438.28566004800837
353.0975106483183,510.26797600006444
405.37365600804446,516.5660803537357
355.1418650640953,442.58416463413647
342.0236407332983,465.70831650820674
417.3354179090202,463.0373397802069
360.28732846103213,494.5270384248197
420.58000232414736,485.84410543765296
376.061884577303,496.00867991071857
401.5013426663435,493.98337220654366
431.3429649412124,493.2318606403197
431.50888623137183,529.3933230181333
421.6015484165,482.5781453611246
403.506234383827,512.7620614760663
350.63833996829294,483.3375619702184
412.1217489726474,462.8225189871506
371.6979316291298,520.5329756385781
413.85077802390487,482.8615053717952
337.09198117930924,492.096253618663
353.5170996614329,477.3593996901908
425.03883794327,541.3437036053541
338.7584072602519,498.7865465475832
417.41123012951846,536.0962546207263
401.52581385331894,535.6474069136448
373.4311709769557,497.65740755764176
359.7050133666372,576.0572387820762
397.8038987663346,558.1081514998885
356.697893460538,586.7668385753007
364.66567788201394,592.084755372652
341.91209984754516,589.5768332226498
402.63152168118916,584.0288009051941
313.176055792789,575.2671146196078
332.8909270996348,505.6880844035208
392.4176957096664,575.1307340483427
374.392140164652,493.6663423413187
354.65919888712773,518.9114950938198
408.74733493659465,589.1125652841757
341.5628011340841,509.80779225505546
313.1756449328375,495.73562793784555
406.4731202247138,586.6526404673662
308.94295771455893,531.3736985509929
259.736299262257,571.283880806703
278.88794173938106,585.5140289643722
299.61988153079346,532.5400112177807
259.8136400447908,526.4993031659031
252.7669820574795,567.3887143162283
323.744445134055,599.8415579413582
298.3826614190064,607.5339090686907
320.5445967159737,597.4557472612847
324.54931688796665,620.2850466947106
267.5427538568615,552.772141712875
270.4972831515187,622.9807039411329
345.06709130902834,603.1375306115723
299.2782673281783,582.6715679505846
282.7315853963764,575.8033615263328
318.1287520864467,608.993771049443
206.63735674872908,562.4281193327841
266.2440747734028,551.4634362418842
251.08975039715065,555.1418816869278
208.66656560492885,580.0938138842263
263.20591423574024,542.0649006217474
254.85278731394752,543.7938657865855
242.1233681629689,592.7667704062992
271.4641279383125,559.1203426035976
215.1611173223342,582.7786094668105
255.10801290933267,530.3702007120625
213.97510152007501,543.010732664335
249.87048731285097,586.0760605676982
243.4030248029392,596.0427587635555
287.1003862941419,604.1893390383719
262.49196707957196,560.2358532434966
232.0071477427918,584.8367577744381
213.53072671656312,578.1570891033341
284.93290404986715,521.3365626573585
278.39702118821174,574.3669016684701
228.70614771965938,599.1807365538436
261.0483616589887,536.5686642755704
233.26474661704057,520.173565525895
250.5073692786718,523.3822736623188
251.0836872005483,599.9939634954593
207.92565179914652,546.0046654808916
281.63039049996263,594.7176857623173
221.59781781577914,519.395013666705
276.72910201135494,590.1863827361442
236.27956453754163,567.0857160404006
264.2140727300129,523.8769618207673
202.32072543754686,606.4618148683318
229.8331509995981,512.5863624142204
268.3168074257487,549.2810875681838
255.81165073890492,546.8421172185242
209.412021141869,574.6818521995843
240.23724976198767,492.82807725890126
237.36534023204007,570.5618660064417
284.08829863737213,550.5345283371161
269.2544490571778,533.9418978626843
253.92140242199633,515.2273390963687
305.9012976582817,582.4920144676353
303.9011231994676,519.5685787777738
216.4088070498992,506.2943934943356
291.7539270175482,518.3822483053345
210.69731687647658,492.4296647289324
287.3876592278061,498.44406570477986
289.1731035694513,531.3942095246273
260.8554618997714,583.451815502092
306.7889907267083,530.2417488118529
260.7210024164502,532.3329110277524
274.3274889329753,526.5574805728897
285.51228132313577,583.8826691755656
286.5339378684507,584.9349729271314
210.93745924427282,500.0633872077602
305.42184537573235,568.7459747012476
228.66374293567188,550.0685639194594
294.58169094474795,569.7386485595317
236.39661165806086,510.2795554012449
264.6589265352463,572.5050022482139
241.78698684482882,555.9366403992398
223.3232175011343,574.0204787968881
210.76562174777064,535.1836157231883
252.23796509043666,536.797945910146
253.45120543161596,517.0437386755084
252.20452474757093,596.9880591445478
296.96711514173234,530.6925703745403
217.74493916327592,548.751026333706
216.8821032174605,546.7158658643716
228.32539159592466,596.1060050098554
227.04411759313658,575.1048781433612
301.1163011429429,545.6647258021371
304.14015808314673,577.2049749094616
214.43164569947908,535.4381314869154
293.3392302938488,580.0117848503679
258.13311938279145,558.0710958496097
289.00017072689013,569.0280937514895
278.63841532035366,544.196558443193
252.02018058276326,608.8246727586269
303.40289431226427,572.48683570459
268.81320968019963,575.972397715826
209.98440210733793,615.308418932987
201.99363539848048,618.6930135847372
234.2979409134003,602.9178464555657
257.75538669945666,552.4852929297984
242.75477429736935,591.8263416676922
251.7421673980835,628.0924019625186
296.6226978771617,572.31529004213
221.96523341274957,576.554960509224
248.00497430374486,568.1957396857532
204.0299422654518,643.0798486705437
281.2563426928455,625.5868692771897
257.62984822925904,567.0471804773252
247.2505927581285,618.9452620355719
215.798750595257,578.8521472826424
200.31759488043724,605.9315087157194
243.665812956695,595.1802199664503
193.05444138589456,613.919641779549
249.88511621365998,622.1193901235793
254.33970455647167,598.6328690159193
227.9627816475949,623.2465839723471
247.60154205188573,576.3322112864423
223.53004769905507,617.8088789830231
211.9950252250218,644.8785955492967
197.6226420593506,662.850995853737
256.33028106931994,633.3600921512312
197.47604060154427,609.7347364766606
215.26509470947929,661.1058107887573
265.4582081460036,601.5423095756267
245.89685410200258,669.2717541109221
269.704591013083,665.5197932025089
270.984026193986,600.3435647963861
221.48850140609468,620.6200148107816
250.77289250398474,643.9062510481378
235.9829750782889,595.1796461100554
226.76248493177087,654.2078033507814
266.36143471931587,594.34388797724
209.321149345079,677.4268417842158
205.8594392972935,621.0040938729279
174.96106970062485,632.5114000568318
252.63248588870607,673.2350019731974
175.01312362920822,645.0635977099851
227.38099172690755,606.1663944436863
204.0612922274927,637.9622560134146
191.18700048142506,600.6567037223177
179.06415464784695,668.0202194710679
226.26370470609797,658.2604228972048
221.53034137017607,674.3620709541557
208.69684366383643,654.7149091452844
262.7552560647569,658.2189997315671
217.26832776409597,678.6775320399206
246.31999539856787,682.1017394174276
265.8281317117116,650.1032050159254
205.34231366108096,653.9660868784345
199.53177525153603,647.5524835510917
222.05257462230685,617.6027377748171
174.2253408976822,682.8927944423519
184.33613183110413,655.3370631363214
240.4291843816223,693.961616310514
183.9166447055142,614.8500452373922
195.9642794856625,661.9769986309059
269.0586555596271,646.3362227434864
199.6833805459524,627.6424515295025
239.33818385345768,611.2771720964392
200.48680439921068,617.0248918752529
236.37132304482077,617.0795152314673
215.90654555625974,605.9207180204963
202.1954319421958,618.564536229753
274.0604987069357,591.3091868907076
210.1581346630448,643.0711657301346
241.77310474673988,660.8390218971842
282.9434474045968,622.8710096152095
195.0629576816882,606.8212826714076
287.7209380714923,596.0239660533514
270.97746879924546,608.7223855311313
189.94297295871303,589.1150371095632
282.45340194089385,644.1316346268459
208.24318345378103,625.543590240749
203.66644412318175,672.8274087848556
220.60863396568226,634.0222555565744
250.57845064531944,629.9595521832583
260.26831707441244,570.1371992084246
304.5529662572412,554.573169872362
308.7986465216118,612.3689451317168
316.7741866994893,558.2619737716881
324.6117841270289,600.7026817549588
292.69070674841953,587.2215969310257
300.10915200082536,564.8020628493199
318.8461565409375,641.1574617498968
299.13855385849064,643.087483753569
316.19434775226557,554.4760264056507
270.0717640737614,602.2404699036397
344.1754191289291,638.5471368510324
275.9510308089476,630.45389919453
287.77367848839134,551.6228210387083
304.96123348174643,636.2111144159956
327.79054218938205,608.9127722908465
464.7278423664362,552.7132307977771
389.99653793503467,586.1187768780045
428.53714637698897,526.918343526184
411.98758549785435,503.1675909651955
424.72674917014155,518.1136851585268
461.10797487192735,565.7635722680947
430.9283391599209,512.3494992815989
386.33276939673925,502.64755465972405
453.94635106722353,565.5235483492248
420.3773760900896,543.6993893346748
420.53784701895216,579.3853001027625
408.87098216799706,524.7587299359974
432.77919094164685,503.62317149463814
433.0793357240325,513.9474754948097
388.7054098506619,507.7836059079518
419.3611285025993,547.9496698243204
502.1468539820597,516.8347096273358
508.22713472115237,503.67528128092295
451.4629171559879,547.2696189577969
482.7411527959076,504.63534208966945
515.676176362035,547.9768965049104
525.6255867080529,472.931854994586
484.9083147069997,560.5768660002964
518.0754403864878,505.3014999470638
515.6828083950741,551.4649968068453
543.7718069753548,506.8075767002751
461.01240047603727,501.1801657439893
545.5503998501508,487.9190171006245
514.5454713605197,555.1111235149026
499.7907685529371,525.9573560711801
501.7002544460626,482.6701602994778
516.0525876701781,495.1299172737866
510.24831483569943,474.7174433158006
466.98514526436713,480.96243055538685
493.942182145506,526.1038643822716
502.7555843034846,505.53585933332096
475.2596747887849,467.0063961476146
529.6761915552238,475.63585341826246
538.3996731268355,493.69865865070307
555.5408546657911,451.2395987849959
506.41083617255595,455.43788320517797
495.2391930189341,530.8524054383184
546.6033297265255,495.5096563212017
494.1481230217858,464.7030573558627
527.755930099486,482.2699889127073
519.4511185754151,469.84406235901145
502.94550240192103,486.9600878019089
504.65076821030993,546.1003350220262
503.7511874105465,511.2307481235729
489.38897665519505,523.4871758336269
522.7692013084513,488.39447190450693
481.060399886484,513.838545093982
558.5929192884067,469.7790390953489
549.6731373673377,518.759623366447
553.5481358005786,451.4406057660442
525.1539065906961,490.30076701527383
537.8778041906487,530.3079898740147
550.5949990841677,516.2626106073483
525.2284218512342,475.3947579639949
507.03665128443805,507.1085833615082
510.543882165034,477.29768151050973
571.6014293242015,438.4567232596124
570.5771372728012,467.09366182620505
528.117412317132,526.9719102303544
510.3694662703471,505.0423377020636
550.9345949559629,463.7208384831683
521.6869575320306,413.63986920680605
561.6036161978493,442.92980189346036
514.0405554979944,417.6586012304359
547.085312851388,433.5189070951246
561.8890563254856,422.179107868379
540.5905199977628,476.5531205389635
536.9197620625737,501.89950757260857
511.2821420833521,492.82117303693354
601.0742067163421,486.18664890172516
593.5092353447604,432.8045568220277
572.6902028272015,428.90707653333845
538.2974478831338,463.4715705751328
605.1125647277371,436.7281677990289
589.2948092078474,474.63394055807146
573.3591585435918,452.19717970150435
587.1571649642715,404.3355227296016
654.4438744613789,437.1127584642416
573.7936322736207,403.15296207503405
604.2309086644781,447.2718265141834
648.645047846646,404.41238824112196
652.2883820753785,475.3491854843225
617.9031586917602,442.4904297622361
587.4715704721618,474.709100841131
604.1044986113629,379.64100098354936
576.3048405125454,407.72529966148204
643.5249792563554,385.86692475051905
589.7071262332449,434.12874706768133
649.608967026746,434.82685338745205
620.7245456747572,389.8477875113039
611.3089969567512,451.0855981659379
725.9124929504585,390.74839490244557
735.6610628704807,441.8821463798034
708.235533299814,358.06894119505967
748.1494524360274,399.145886746968
682.7278838474421,412.09643801434527
735.4228943951299,441.61501702112366
741.3224672513488,432.450034445444
691.7544303045884,410.1663517114923
692.6758827861644,412.87717195528205
702.1991450147314,412.09234806824355
702.2363673815879,435.6837470420873
655.4824614279757,348.10978011002874
739.5836162402377,391.34424198604006
716.1827723193487,381.2858985019705
709.9750322688428,398.90302959702984
658.4908657294985,416.3864281679546
808.9704979214167,426.2063445078513
756.7624227281605,417.46156853880973
827.5627922381974,342.02381336093265
787.9940580650741,402.03854355382305
811.9483326473762,371.5504331225979
758.7439974361491,354.99145172617534
817.3699336009676,437.04051722184516
823.5854728275292,413.8477804700764
836.2244498297615,374.171502481523
785.6965974479535,404.69453094692756
743.5112352781038,387.88122001396977
778.2595479194763,425.06011504785994
808.5616170788754,405.5389910534047
834.6371090360215,358.0817284224768
787.3328920701348,430.5913092675929
782.793098167709,376.5337085639251
838.7901048426187,392.6950756188687
870.2271759501411,391.2538125977767
868.2887343766806,431.1072658722065
881.9250959744711,357.36123938163274
810.6483173154255,368.1508932982196
794.4215618127602,414.22503223387645
802.0824902040176,364.6341573277091
866.0828216948923,408.1855925889434
816.4368939991078,403.54721914553284
851.4080910345854,414.57569219464233
887.7482189935542,421.5630492018724
835.1282475149445,368.2175247386394
831.6489041235001,381.7343321967927
798.7152590561158,350.9004007749187
864.1273224296227,382.10019567008254
842.2847753628363,421.72718549327044
920.1897176135918,355.03621152985386
921.9120322710057,368.7787332018548
935.5722647637058,392.74743675476196
861.0020761557018,352.38538339158765
928.6052148431347,396.42439053315985
942.0982134597651,349.6377186836503
884.8819565512581,403.32420169473295
942.716950104084,407.11464817060534
853.9708171401481,387.6090123823263
888.9861599330067,402.0732768327837
859.9747721205064,346.2426227657467
878.9150872946705,364.21583460720564
908.0008853542025,352.2764180352151
876.8716142444075,372.47940396715137
949.1008073442151,436.71423796336734
951.8729551709077,435.7139583117052
947.183990180734,425.5489675565737
985.3774908866725,429.0210259371303
934.9084127207998,389.15877863946264
934.1714950833581,357.49728652619416
954.8161708970326,337.7242378246547
935.4505050807088,336.71450991030315
925.1137514349838,413.1155939092124
943.9565096307152,350.19892735133135
985.3707890470379,424.51719138303724
949.7362129620609,421.1398998183978
998.5502843445331,400.46610324764936
931.0287166763568,381.54932509998906
917.9184521238474,412.1511311051141
932.2887579879618,387.76871661501593
941.2715516537626,406.64980794267836
955.1152092660633,389.9797127745549
987.4214414523524,329.0424072260327
1040.226277067937,336.31937553910075
961.2508557125147,386.1490624321171
1038.4974561768806,406.6840720632398
1020.1553371181529,328.5684297285987
1026.6971017593537,389.6695930124043
956.3096400663145,389.0369828655665
1000.0013070588162,376.72825811477844
1026.281783590459,386.4369091044474
1031.4703153664898,347.600591827485
953.6272734186831,411.9526554291881
952.4261858520931,412.96151540990235
976.503901552487,404.81432113999915
977.086955289569,381.4814431010765
1000.0364173429178,356.99275232223664
1044.3745404567053,352.69795610607963
1009.684261619974,368.7151456967232
1017.4185171652788,392.7036086226758
976.2530383778876,339.28126277580463
981.2772814029386,373.40397223189836
952.8998071704315,401.16732219891384
1011.7320819923216,339.5910761117641
986.3600229139267,385.3693179193263
1009.9730202280535,378.90945775635555
978.3679610231521,326.61921409532954
964.5680148581306,374.6435134913537
961.288566426515,316.01223294587027
1022.2790317868553,326.55533896307725
966.1906377265436,398.5166537345588
1021.9898623594287,325.85126870320966
1033.593313151056,385.61307086813844
1044.6471710812657,374.36631859115516
1015.4362442392465,327.95910753079295
1027.3592597633158,304.7053784610907
968.602219828434,379.1905194978754
983.4877435278521,368.49164781393864
1029.0425735086628,300.3232283590571
1026.035130927639,332.1641402320468
996.8706679308834,292.17502199459767
944.8523473145686,351.3501252307378
1030.4048212605217,288.85959752865756
977.2831035330554,318.2722416538915
977.2302488717797,293.3677325458222
1025.9209286703444,292.5688233274095
959.8940685680236,324.030895251237
998.1583893039989,304.8003801454756
940.8675880196313,327.69931022106624
1026.7352376702036,306.57674489650896
981.0886938363226,273.30675634276207
974.6879977942903,308.8508980831203
949.3717310420686,320.0801592076672
926.7714150191681,278.34003871405326
1000.107986548617,346.08719080876625
1019.9068881166369,344.92854735058825
921.0770814346262,352.39769188818
1009.2939577215794,315.0047227747532
990.0609189147636,297.35737267115564
983.6998188614035,324.8688258890113
927.6001023006926,320.8332729599271
960.6974127309286,334.8340464707823
980.4834713049589,346.7269228135203
974.9004457894865,331.3715266649642
982.0516823497593,327.2806994981087
987.3800981913703,315.6570620472413
976.783777751288,250.5179386779161
954.2531833213798,300.09379468940574
940.3180540609496,329.1869370290266
964.9146878667253,308.70311811304754
930.2026969125328,284.3110998798594
951.8450145417728,343.8045586003551
972.2696190770912,311.09479442462725
913.4080592660246,268.33008860334905
985.017723278571,328.6399860202922
973.6598808748226,271.6418581044274
915.8791555274508,327.18532837817696
997.3665911045841,334.9483793963536
928.0611500408872,261.89126432807706
986.7556232525219,264.77888817556317
947.9612093022014,330.21369371934054
976.8262194646342,266.72488620008227
1006.5366021270863,323.46064319182074
953.1323436092588,332.2730450039918
1011.8768286487947,327.9577593963201
1009.8613056182853,307.57417146666376
1024.4990532720308,310.40865110363006
1036.5006817470644,260.05978594048776
969.70412779759,329.954524067874
943.9579407809629,272.67399237766733
997.7817352407308,312.3147092019671
1016.1373326845855,315.89323782982336
955.4876502242797,319.8597522805748
953.1495957460838,249.38366138254497
950.2583106687923,322.6455127223577
961.2164221233029,286.64732236054806
1011.1100915472912,317.7638603060134
945.949286189924,289.4503754209569
995.0022467603693,229.4132086333757
1060.933777531635,289.151973359018
1064.1983413985272,296.7968909095766
1009.4918890359178,323.93772059979506
1005.8365847254536,312.6606884255925
991.415903472787,307.3855421074592
1083.0981184277512,242.28283250960754
1057.1405523768642,298.26333253758355
1016.9446656070007,249.48258411016712
1058.8831367410817,286.44798433262525
1001.7480721962675,271.2391068082524
1009.1194295159727,230.58283084214352
998.6268655740034,296.6762773253977
1066.257703310952,309.3694312999403
1000.4919421736486,252.3607344209801
1024.6543977094839,280.2948943459818
1044.7763710936688,253.09481597654445
1034.0725734244713,270.21363732354155
1075.592094415316,298.66533357403154
1085.8416477961634,279.69245561882684
1063.285350937582,293.1362041976723
1057.6635634510071,324.9814655001916
1008.9368082861513,257.3326768984859
1018.9218558155244,247.2265231018703
999.706840650877,324.6560989229295
1027.4026734565832,240.85485904164284
1028.903604011993,325.06132853636757
1012.8400100378578,236.97454246416243
1021.5125015950606,277.45560088881234
1016.3252441240753,252.03170198221997
1010.8522380818002,249.26563606419117
1023.2566867188741,296.5679454862643
996.6799080942266,292.549344247377
1062.4762589016416,324.84763560196546
997.308332733161,260.3978339435999
1040.5970304689688,242.63957694009108
1015.3305500398794,315.7108142325228
1087.9057837662046,242.9582083620836
1031.0834308637027,255.7774466766564
1058.548409304801,287.63593175806255
1061.3261816653476,295.7717048384359
997.614635113305,250.39222380514673
1078.1237324287333,250.211631165506
1053.5605308224033,250.231475625702
1011.1791524172972,277.97381779124794
1007.5342156940119,280.83220323677494
996.2529771508085,292.5556292225658
1082.0426531637472,243.42356789451645
1018.7815334417967,225.40229032968182
1045.2627185554488,282.73845218734573
1014.339055509239,286.3816085863444
999.7001957626414,281.31428423481736
1059.6501493850942,232.22639537435902
1012.4346326010002,280.4423157492514
988.7156498330445,264.7404207742301
1027.4671082572195,276.6810249122077
1005.7853333292085,312.17859541971615
1010.9696014770303,264.35641392481983
1052.5819481715698,231.30633160036518
1055.0318143951438,295.1860923687322
995.9556700429997,318.78858063786976
1034.467875685585,312.7563407274469
1042.1193826455517,280.1418264130569
1055.7485405912525,318.9627339233271
1055.7315939329494,237.36794369936405
964.2622973875347,263.10163466484494
1004.6610073443753,229.87791582391597
992.1315091295303,304.519547581942
1029.3930096278768,215.750759999766
971.5516049266306,266.07612892584024
1034.7879383804168,284.79328945854877
1047.825644514739,311.7088875385538
1051.3363327520417,287.90265240136443
1041.3830066998978,225.97854074598632
970.8495670701025,221.07261362034956
1044.8957227242881,257.8246359650782
1033.3863002942987,237.39971803414693
996.266134540101,289.9118530160464
1056.0708262370938,263.7309403071966
1054.4880385822664,224.11239398808306
1022.0328512358682,257.15712061205085
998.698000044903,303.7677941231839
1056.9691513420112,271.8821813814994
1003.8821883425951,246.25325793705542
1005.0352881706729,276.66832944312864
994.2525631749412,301.8179596387981
983.2198108808229,300.69319027257296
1015.4362282596906,294.3816794774985
977.9048872988417,290.8132034923278
1033.8265121792879,278.0005924690896
976.2641346619151,285.811762053219
1032.3056917817835,276.8392335893546
1033.183144232351,310.27477216232637
972.2452804907522,268.4314955787195
1040.0208697994885,305.67000954494785
1060.1538534952351,285.1041744339248
1006.0104618457029,280.4532399789926
1040.6732245353248,319.9294025116833
1060.8025568078565,267.3293675624868
1066.3763221452018,345.0710614046509
984.1607107337798,355.1142388050099
1027.3902939289026,304.3415195709255
1012.4727965189232,289.1593603226601
1023.9881216095747,336.84273278555503
1000.6012685440894,287.76462555614575
1017.2259655211643,323.52960934530273
1023.2270072284315,296.62579680166164
1077.8804877844104,338.16599552208163
1064.000778751475,290.7310566759534
1017.7270556713852,350.5452062860703
997.944959426356,351.66601277540406
1057.0191146630177,304.0289219065616
1076.518376966445,359.1968080373209
1125.4496854159636,298.37882160530194
1074.3186655986426,304.6711197358122
1113.3211353186364,315.1229194374359
1055.4626463316458,297.15372564059595
1119.6183256825227,307.56875064320667
1049.4866855237942,326.4459777796611
1063.2098929358094,292.1462885807624
1124.8621469045816,344.5109818251481
1110.3771404570466,360.92892501125897
1099.1716660710774,320.0051332947066
1119.1597346551923,332.5034621592132
1047.8673967309148,299.28293214680474
1061.967412585815,364.2258565359783
1114.3401594892655,311.95282590710286
1054.132947283794,276.6454397251165
1127.0841793373447,267.097963054341
1103.3551532122792,288.1285347875098
1142.5036420438246,274.3817323661289
1091.1207437141584,307.7427934658849
1079.9907637389545,271.8165808496628
1116.3193177010648,336.687313426157
1143.5730681481982,352.8959198085339
1127.4230107693825,297.28627839660004
1120.5082978099492,317.4440854898505
1157.8550581334875,297.1211972160968
1104.5130012928266,295.9536708443935
1138.919264156385,297.5375120860519
1170.5624977675684,350.9487563396733
1172.9210404062442,336.9120071586382
1146.1883342223316,311.39203061852004
1159.0096681971745,362.9693642239273
1149.7239878850573,310.1573469864023
1143.0631549403788,300.7947828134637
1080.0773651418629,272.0597718754014
1115.357085977821,334.9224768659356
1171.1318908677656,269.80834741606066
1131.3976796627364,274.9545015506838
1142.7191620704891,316.46002613127905
1157.1674911121722,258.9076466896645
1102.606262426741,301.77882188589274
1122.658772545021,261.0133561283237
1101.1914707630651,287.43930413223154
1125.9622994879467,266.32431791487005
1099.3954935053066,256.27846286648304
1095.0786052575486,287.45197993491223
1150.4291354181603,256.48797251794963
1164.6454284958709,300.3214273504596
1071.3733140363972,220.59720273652087
1133.3900524742887,254.32243800665182
1095.9028506314355,298.9172225359624
1136.2867521881305,272.06759021583025
1057.7619964840112,231.38709462443657
1075.8853941360578,207.57339827543177
1137.3414013318643,257.00661759807963
1077.750110787784,220.6198908335282
1073.1370289598296,262.3975453924443
1087.8138760786162,272.55948086658844
1074.5494078113531,281.7875745269352
1082.7564032088155,222.25693690697832
1099.5943346997522,229.8301924056349
1081.9811320671442,257.8239736526936
1138.3668103895143,229.63155493024595
1045.9737501451973,222.63954106056013
1045.8219050364291,201.0253940781321
1079.9619920634107,234.2249750149912
1035.0775249297137,252.95466422418338
1024.4964151287754,229.47008036667836
1105.69578640748,245.06718186902452
1032.5757917984565,249.85037544106802
1091.3095838338952,291.4365685895341
1032.0617587799325,262.8033039522756
1090.1516705339309,251.13709441442015
1049.7708204988312,225.83506091171304
1092.4306534211687,206.2106276951217
1108.9767721438693,265.92661977919573
1055.1061853641502,253.5843370700204
1110.5405210187114,241.39241002184792
1056.6279927851824,198.14764140387325
1021.320133267235,291.25140143281067
1087.0250197807686,237.95734175321718
1041.1225857456202,287.18184433244795
1054.7688537725987,260.6269443084964
1021.3951708994873,280.24791546277504
1042.829089366457,291.2465834155957
1080.2868071328774,275.4347766666644
1089.237789615772,224.26074091717848
1059.0805926143007,241.4680574649864
1109.6047508549234,275.02126716051777
1031.164643003619,237.29610407935297
1092.672862638062,292.31249306043037
1104.9513990038042,252.8717889503713
1088.3928269695343,218.7415855696783
1018.6444876750106,275.4854151022157
1094.0087123695992,293.1234216622054
1024.898237678962,234.3458156574027
1117.7854246697307,294.24730042494906
1099.8724196724822,267.7272297201283
1102.4301763207582,233.45861690196847
1111.0362028103434,300.0718437546064
1037.0059523483947,290.70077840180363
1037.547834267346,303.7966554269226
1078.3335015960179,264.46594947681535
1030.461605030541,281.00532964330455
1065.5693005645185,276.0316319888085
1031.4347488088529,298.0502355250173
1106.9819712412318,239.93923618704622
1113.5231057020135,306.50514639375405
1050.6346787016225,295.40797315234556
1108.5804748236217,248.43210787120603
1084.4997778628617,291.35477618564613
1077.4247902534994,224.0050264355025
1111.8974508642277,272.9300041935045
1025.1640688393202,278.81439368871986
1048.7317938597703,252.8070472544058
1038.5515405604754,229.87547130148982
1041.394662239298,311.9838116156783
1026.8651138543132,259.7423537920284
1076.9089137024298,280.58797403915344
1074.983762353612,303.31663136080124
1042.8445957409108,255.64017668204139
1117.417314686228,258.0355028459079
1093.7780790381569,239.75679184693172
1024.916440084979,271.44389025551766
1093.423631260279,269.6416540612368
1122.5412173661427,253.95492297641556
1104.149193117287,263.24921413155636
1084.276009255101,294.215394228679
1051.6001473011338,278.31888440103785
1085.754627470386,218.46071362870342
1085.7982944431294,259.63326093069486
1032.3692555216508,223.92107545433535
1034.9740965628532,243.96902724098098
1027.5110510772122,253.91495802996508
1052.1707297736004,306.49612454640453
1082.8982212101691,217.17923155616865
1057.6106053768776,288.3164097459405
1061.6047397555997,264.0922796963028
1101.8684146683138,221.31571142537226
1063.5335687678628,213.69437646590458
1064.7717259123551,303.19571803223243
1118.910697121616,290.55419777060274
1120.1484693358684,271.17784928511674
1110.7949587639598,251.3724109942589
1034.7281821362826,252.32050607607948
1095.7653306219875,223.46817026701046
1098.2934753954364,202.02846729934214
1006.4720588506781,271.7877734055333
1034.7466943603633,249.16067531020514
1053.0288123476007,260.3167369668291
1103.7224423804687,277.03900256244594
1047.7769445343308,286.89189841453606
1025.8040154927555,209.69065513263732
1059.5976056117618,238.88998303615432
1063.2955819911472,246.68395271257964
1084.9671191114771,216.936420775788
1069.5855253591944,227.68672070518932
1101.5258611938689,222.5347028492513
1059.0451389157681,217.84499375870735
1060.5250012841755,292.1459421366566
1038.6872883589135,270.85157262902965
1067.9998920540604,275.90015479531286
984.8077254353058,225.0703767166221
1037.0980597054881,233.84933967276083
1009.3770582370851,250.15081729840668
1014.3358634795171,226.60556068054152
981.34957370966,233.08232048044084
1062.5215993369852,297.65672132424316
1062.2010769585263,271.04716780881574
999.7742690425416,221.1434919685393
978.4103902510154,280.1646827235393
1065.7762754423873,243.45362322072836
1012.9261308293086,293.01220699876353
1063.8139276997492,263.20732674878457
1011.8217810634138,298.1649739278697
1013.1102056158122,262.8658665995059
1000.2961813512037,297.42303233794405
1014.1317419617953,299.3513918873267
1038.3455731875833,324.6607976401427
1027.0650073469094,259.1336945542863
1033.2789063334299,300.4012829137332
988.9686000186044,299.54669874778097
972.932766166445,316.8926776683336
980.9819267871019,307.7160628570635
1030.67541584573,241.84514969038048
991.1476051109156,305.06999934690697
1007.1044732169969,288.885813923535
1064.4262727926625,337.21893910332574
1046.3746050550653,280.8373495022102
984.7402781006633,243.81256413776936
1017.3967457545087,257.7665056312732
1025.8119778695443,304.6550627324925
1064.4360426328544,263.67985709987926
1004.0580304671286,254.69044043184604
1023.8539070086007,318.87862312740936
1069.7910241070515,300.2074512846365
992.2752214767187,251.13108876967144
997.9134634727706,251.42245988891898
1068.0454293612117,274.32050709501846
1025.3371093174358,265.2998452935155
1031.8432649924139,277.334191031847
991.7438651314105,258.325762799869
990.555154288855,298.2746812764003
1017.3466962863329,271.6395673421974
975.3209897161033,271.5341035066709
1058.0574943134409,344.7615773331092
1027.8055197265724,339.37011792343253
992.3227972986102,268.17417927085086
1070.1812050321503,282.2732587109028
1061.5501411683836,312.82607341877116
994.3098249821405,302.4689459066006
996.1371394404949,278.7370906875609
1043.6981777024519,299.2533664200338
1019.2645799622549,269.72222192831714
992.2966170026714,252.37555305501485
1030.6718294931497,329.3315507981172
1083.6340532232416,258.33756552576585
994.2029571929621,276.6498892855725
1043.4445493888525,299.39153780597405
1081.4982567016398,267.31802096411707
1046.1299923816862,310.22650560519025
1016.2959346579735,294.32281021571873
1016.2409441748073,270.43167944760563
1073.7268039680434,269.3364337374422
1091.6896321302295,249.22208066016168
1074.3654535594321,294.6806150768417
999.2224505994304,292.5057378520577
1068.7562295754908,270.3131137119891
1061.6667022457202,266.4783676890855
1018.2088394451615,232.53424635711136
1067.0479770380405,292.5133306004295
1059.4473817051203,281.08679252523325
1037.2129825148513,291.3115655632978
1035.3414653934847,301.56994950058424
999.4622890560262,267.19582442422467
1021.1371346272933,222.30179161992572
1072.7768850184973,262.64931486739374
1035.0084999037588,288.42430813956315
1075.7148585889088,281.75626440058454
1055.9719508770772,264.0387747708351
1054.030535078928,271.100282472357
1071.979801935953,238.4074177435317
1008.5159475355896,209.41255874267944
1011.5751185296821,197.4570630713213
995.871329920947,232.1641270670959
1014.6853857881388,279.04301426407443
998.2944162309116,237.81857555674142
1042.7037106257583,277.90757671067007
993.7537573294924,256.28122721624123
1078.75924241956,229.9699909413019
1018.3567003771346,250.050889190082
1059.5932788719138,290.9016881432178
1063.279578170747,255.7899994666427
1059.0369592546958,281.94853241216543
1008.5313212047259,289.8419612421528
1069.3264092908255,210.25764830499506
988.8673970079622,253.04420815341973
1083.1146603700936,278.2232151342582
1084.9474531338108,222.123395574666
1046.2767004900604,223.24631820375973
1060.104630759072,286.2521419209881
1023.0587347864586,221.71784092571778
1035.3413815850365,245.07913927860017
993.7243084409596,200.08467622191696
1001.8255007675212,253.22824938829626
1011.1136824876306,225.22156752619023
1013.4175963547195,255.83599744553993
1058.6257233704644,246.09224333532944
1054.8788318631844,236.95694941549453
1065.0845976314126,214.36457243170702
999.37219575504,276.3846650199822
1050.4433118572672,203.43495010427594
1067.9524609511018,242.21300392052592
1044.4936207282688,268.7482015917085
1034.4364165132379,239.4139939018894
1026.452920975358,242.63723625059592
1010.9092940339916,325.78128835155513
1002.7341144303593,325.15753804736784
1062.1827615841246,284.7719428418546
996.9377749425075,233.99913319618045
1023.173309702342,320.5809607351639
1033.1312743291383,254.18962754345145
1028.532266808396,251.117696581271
1046.3252182523165,307.9234048346866
1058.4057177998607,310.4541510048076
1020.9291820860681,308.28469427349177
1012.5323127847274,275.8598117509431
1070.7271278398212,249.0500490511646
1038.820695247899,286.0302077525532
1023.6698818379537,311.2999426477686
1051.724178570275,332.9126717238255
992.253876358483,339.3485864057019
1077.467660677357,353.9672385026506
1065.121087621018,309.3375420041692
997.1003268261047,302.17897501019235
1056.8115871143525,333.504881386355
983.996361942265,327.2250532049205
1075.4948695028147,332.0098854708476
1016.9416519445846,260.0298422261909
983.3353586692493,329.4461727984716
1065.3254539599393,317.7545103283831
1050.8810377648622,340.7279629432594
1057.998984935199,318.5408127308146
1036.591467995674,314.2674278150771
1025.5927713424599,270.56263105156404
1039.4057747930478,300.39598230598006
989.5594694671743,280.0022267282799
998.4600094743313,281.35102998548547
1037.1340977149068,348.6422613903919
1020.7643189623828,341.2366973171795
1032.96324170972,327.54832870618753
1037.7564234100469,313.50747803835037
1065.3532247801713,262.80021643320754
1039.146685802999,317.39247814589726
1011.2703929023709,343.61636686849903
969.306069170053,352.3456678770101
1055.5834351391222,323.14917678927225
1064.2946876936542,284.5261517127112
1059.2099050706354,274.0734403366753
1023.5599699599528,327.4197810514683
1045.327900931763,285.69196313390637
1059.293867869023,264.0419029177129
971.0780378078546,278.21086621936007
1010.058106124603,344.68076421073005
1036.016619884417,339.3467824091146
1009.8340792573688,249.2591966314041
1011.8718748367246,304.2171094876322
1012.0319422748271,331.58685584925536
1046.8845140686178,340.48053159874127
1059.3533026404436,271.6733054106169
987.3970230480971,322.61537140939146
1029.5706653826198,337.66796079183007
981.322715830304,255.62384233455495
989.0236386433633,287.248420299571
1009.4770188951412,338.9742758293751
970.691337908531,323.6540328139356
1041.217967268618,263.83791660600474
1063.7198295039018,259.49700936631154
1039.330377571432,268.74484378495157
1020.9305769120161,243.56011362358882
1041.6500517748477,315.6522489328101
976.6858772188983,255.33373989835573
1024.602685809013,246.7181259125993
1055.5607329287186,314.45048448205375
1010.4477378163881,273.77381300089456
1021.2318781846293,262.6033795911964
1002.2993032409836,254.5389080716174
1060.9045102525197,326.8637115735736
990.2008473767213,242.17613305408034
1013.1075799483617,317.6868968251251
1025.439897830143,253.02650810961399
1034.7344669229726,279.7287498123013
996.1255327459141,300.63004448618824
976.6324925963008,267.59999142640896
1013.6927521366467,271.1760264799146
987.8667042119486,321.71396517270995
1031.827948410031,241.41008202353686
1061.262617121758,310.1825586568174
1050.1916254331843,330.9380985461766
1021.6582737902353,270.025167144655
987.6417784403254,271.5816962933299
976.9299370913512,249.04656229088442
977.2420857684422,329.8241787013796
1058.4835013410025,318.7958032761374
1010.9513658654727,312.2923817251163
1034.1363546216937,285.1990037582602
967.1416597966827,322.7669552618035
983.9698954145824,319.3289926278702
1043.6097686749006,279.9894295270634
969.777318553954,267.93997152645204
962.6818920385125,255.86753298310794
1002.7262211903587,309.86188268760526
1056.6026271934631,337.95512532528676
1030.353852202964,283.1568397311224
988.3322217618154,260.73145489986166
1042.761228431899,347.4257670233065
986.0212506266869,343.181843121828
1015.0007645700107,275.8416350108983
1021.6712398230721,270.8785456912431
975.2616750424094,261.7382215650738
1034.2229982333756,253.3133154854657
1038.1824582532024,313.97286795670277
1037.4836048840727,280.68128765360404
1004.5824646538838,292.6685638983188
1030.6124002024503,301.91246512270374
981.7202768674834,354.4959172912457
1050.9181756855683,351.9325468240564
989.7160677233966,301.4808463497338
1020.3142197734027,320.618622236378
1010.4653632464344,290.6519198059258
1018.736049565715,330.3297807604847
966.9736166031663,352.6375771014797
986.2883119853064,318.1301287976133
1031.4576012334733,260.45767215325736
974.6516242786572,343.81295668193656
966.9330888298404,273.9102888577774
1024.3514661535185,356.00905083078015
969.1780031508574,260.48353994475764
971.2614602761861,348.91746857708694
1027.0887112572436,279.6093368005666
1031.5383162907358,347.5673773204366
1046.171671677027,285.43575702175417
988.3471527069505,317.99716311488913
1060.146073167026,314.58290480092273
985.781080458267,311.9286731660782
1073.2999725944342,329.3846202285079
979.4753905113162,304.9937157796275
1030.0964528535712,278.39401285083346
988.5202345223998,284.610312784666
1024.8792852057343,308.81485999765584
1069.3621458407572,344.3456942120132
1021.4523565189065,253.57733455609082
1036.5549385798056,265.9830324279895
978.1077680193422,339.48215478737916
1013.9684547510842,269.08763689338514
1017.962053936747,258.6302473984874
1072.2028082125073,310.1893567130737
1005.4783065136235,261.7797068762554
1078.0473504136144,258.7717526370529
1072.0279347973274,292.9790009194638
986.320929420312,298.77927118753485
1003.9141080954437,229.27171284547654
1029.7598456842431,271.7350295461998
1084.5987363311672,265.4786758836107
990.5973992868845,275.22234202443644
1064.0430789075995,250.0475618681004
1034.9721248035069,301.268988645628
1049.0859736350794,248.59045206008466
1047.018174359796,313.27635335287187
1024.1473005086127,281.3383838701945
1054.3137606318874,237.92393273425634
1071.6541195277566,285.5976723352772
1018.7944263909079,297.34570320384756
998.0017961600049,282.13577458616294
1006.7214219848631,253.96979999848025
1000.8094734719806,279.2432909904513
1007.1388735048605,270.28263416137094
1056.5998892546318,217.36492716875026
1003.5223719233785,240.7199356877671
1017.2885344913144,244.14891849120147
1002.0155296525975,270.20369767915815
990.1722385642506,263.768926783364
1037.4959564022213,292.1550975429408
1004.7057122588759,244.47412506298298
1002.773353107927,301.8189299868853
1053.5800330596458,274.0852312819107
1083.873200468627,291.5045165445151
985.3521580220391,251.21178035633028
1021.0278177056467,240.7363286256458
1028.5491494487283,243.40332512837105
1045.8152373306655,268.1360726052105
1076.817758861093,241.83865972578593
1017.190371936248,279.2343336739127
1039.5254278836903,255.00941071240783
1025.3677511237192,297.31677978498215
1080.2097087960522,240.4626009531926
1028.1925154613878,248.82647436661054
1077.0785976785776,221.3080287107598
1018.8481078844968,250.94670369760578
1009.4424631641807,223.80612634867862
1031.927925383026,289.0437132307034
1071.2189728827411,227.0191628043761
1002.1781978236337,282.3912523949598
1023.7947167012807,261.89129741823155
1002.9875010244696,317.1397697739836
1021.9574825167887,261.61693483243636
1020.5965096238738,289.3605148654038
997.0257556276698,298.260692228671
1015.5370376301713,306.31884057716906
992.2050631578727,276.53350120738787
1059.4909032417654,316.3544690238223
1005.9431930151362,277.3713430726724
1074.3238036162556,281.64760168811904
1036.993788128527,291.71583285103577
1020.7712972492714,254.47873474519506
1053.1269781535193,317.7580949295992
1068.9164074507003,317.58934603300804
1060.506899105497,244.80412909980967
1021.9510606320029,269.9626539485488
999.5133172456783,255.60022194561205
1061.3697910115118,238.1232787559664
990.2844530365614,238.2388714344936
1020.2168222501616,311.24167185031195
1045.7126536300195,288.73285543493705
1056.4423486103433,247.5999612510335
1062.9352385708141,323.7780726902645
992.0920778388493,268.5281609757433
1043.8777424960106,323.8069571117068
1052.5512824731675,278.50970296169714
1068.849423605145,245.51523901968758
1008.268703362008,283.057021947556
1021.5136727763669,306.8253696790246
1075.106542520229,326.78703171456874
1078.6551397009193,272.6594219586883
1012.9682932674888,262.61791796338014
1012.2433873386055,261.7047830185886
1071.5738433327597,238.15096163120444
1075.0620929481427,315.27010857807613
1077.2274636495854,278.8595734572567
1032.1513238213304,249.6076740039999
1088.100451439012,264.0466503658871
1024.6334129385436,264.3411785505525
1052.728724280258,298.7457489137952
1023.6439326589445,315.8719655608141
1030.1681477883278,258.53209176219013
1086.683101728805,312.3274537204603
1089.851645087681,320.14052419727585
1015.3722656277304,318.3111873958277
1020.4508989806005,224.0404562528378
1054.830402002143,304.69424700979135
1077.8396804092115,244.81996748902694
1026.593615026712,278.10961192682106
1061.5529749110026,218.88177598746523
1077.6310809434713,272.5460997139436
1036.8194962805455,292.43515324923504
1035.1193539657543,207.47342281342367
1074.820753821753,283.6615666229643
1045.333964806485,221.09707327752298
1089.8952677679329,221.89524797036822
1026.431025407153,206.08667131048426
1055.964287325042,247.0505287494758
1017.8125573773852,260.2357323246212
1048.1669870910093,219.81586936049646
996.1705003834387,234.95084870412043
1031.4582038526264,250.73134723032916
1076.146220799139,266.2062992106929
1032.31953691906,205.11527527464236
1006.3193798014684,239.18818930122217
1019.0863292751083,229.13860353304784
1070.2579060365242,294.4618922634903
992.7619160247214,202.88689041056995
985.1161724622715,267.7285010505901
1062.0966529478515,291.0976434140978
988.7550755847556,264.66754301487435
1043.0938366324203,287.9817569977838
1047.6552103543697,206.31585147864774
1060.850056472746,206.3761729091995
982.420840239046,234.8378537194344
1059.0024772668978,243.83454250222763
1035.873473576725,229.342374995747
1078.5527105073068,250.2484250768652
1078.3301250768259,270.56545741818616
1033.0949705222001,274.54638893725064
1001.5379547060575,226.91865161018873
1050.2518190130377,227.81126948649353
982.8976105907394,301.7314950326089
978.7666433750687,309.4663050976244
1054.5108220972718,275.32837599517006
984.8060720220049,234.97563673440942
1025.8036320158378,305.729808437574
1042.1347672709176,265.04670208768835
1058.51669774547,288.95290503774896
1022.458051415148,221.83394129149835
1028.13240719704,251.92680097155502
1057.0466449805774,299.0288155743354
1063.0864904479547,295.6099872918184
1060.200880851684,304.7488381433484
979.9536487234903,312.0430200152739
1033.34744869383,305.09225586662285
1041.5735971574854,287.8668233315514
1036.5276507724611,309.86932659168133
959.275582064504,288.7255087745063
997.3086388046052,348.8683429991363
954.0286133424137,270.84071692173757
1014.4566003165809,339.1478490531058
998.7900216497372,349.538021654934
1016.2469415994178,300.6533422006062
977.4068421939771,300.1818083312094
1021.130651283351,277.5222978667981
959.6842410559856,260.9594647808759
1025.8179243282902,310.04081971069775
967.9257410520589,347.0793074221299
996.073147447991,345.4402469353982
957.1171129902851,271.8421837510092
981.4437512494644,317.87336272592506
987.2634269295722,295.83943943702445
1021.8154585774008,319.3503876410942
1010.2186118013439,327.66760447789085
1026.9817473822914,314.6701933404297
1021.9273254353909,285.29530363199177
964.023202528697,346.73727610418956
1022.6745391694537,315.9398846543209
996.4484643769803,327.38327956020123
1020.3705722126753,286.96269202669293
990.3615789434414,349.16581898595393
979.0773257996701,326.05245264837015
1016.9963832022985,310.2482152767245
959.6372414770121,366.9651985407549
1001.8057918045955,313.8065642711985
973.9050296374858,336.1804186337521
979.9868280075144,276.3469145783337
986.3650944440484,349.3820209467315
949.2183085759068,352.6768620340275
1004.92406885779,320.56804744768476
1018.1674907335228,351.3485753874822
986.3077995299031,290.3680839667441
996.0947989278317,315.5273184267414
945.1254395684205,277.53838511933407
980.6630235825133,323.2829892831865
972.6303207226429,329.8054720943892
966.3772303463597,355.4830973667139
969.4731704417804,300.676387137174
993.2651657119189,288.0286595020308
1008.318209356888,365.6642321213992
985.0000344505763,356.643169229082
957.4597292214604,330.3315222656604
974.2127454235829,335.359188828454
943.0855147293234,266.9506919253628
901.7427968030438,313.7342942586355
907.8474479102118,300.3749503971051
913.1818798976155,307.0660399741104
943.7457085117928,342.3045546757388
874.9550073700899,263.7359135095692
884.4331426396043,308.2287527255303
961.3840774431422,279.93819939624666
933.7221217922422,291.97267229721956
884.4923559645506,310.00504545580867
943.9518037096248,337.3731484501472
915.730018169995,289.6695196321907
896.1158605849331,351.25024857361285
946.8531475906184,337.56218100693303
962.8655287358574,319.6643743886757
951.6204016098403,356.87731331436237
962.4916288625903,326.2135063262756
830.908390896013,341.59769243065006
859.8927815601098,267.7391915982075
834.858320040066,293.12231959452487
817.9237647725629,260.29135786712646
805.6677675611867,311.5981876067501
812.3272025055484,333.3252034034049
821.8304023979657,255.99087091669682
871.8894011938868,284.23264611360526
801.4869528672075,274.3175445822439
863.3049705179662,326.5232609261213
849.8015207387871,268.5554217132079
795.1663208482698,288.3917981753663
881.4695464587113,292.9216765217125
867.3581203311584,294.0673630724317
833.6430852408596,275.62025115424154
859.3476395057573,324.32938183201776
800.0564019824801,295.75299627993957
810.6737453591481,348.9515207748743
816.4856558962542,275.0135579409153
745.8984887089739,319.9719304172003
763.8804618086333,329.30609940839867
831.5357431759176,304.6609733427633
819.3605129749244,356.94503543655304
801.568918218829,339.6218647305348
784.655908517343,335.45087347131397
790.2476455135743,349.9115379515091
777.7567475136624,294.52790490101364
788.3144944977699,336.9487532505035
742.8114785329708,284.2815046477594
759.1881698309513,266.05586240885725
771.365533038702,330.01410485794236
742.7016569026952,356.3567545228352
741.2862014953677,363.94865406837766
753.8219304885865,379.04176322711396
773.0581887202661,369.2992697615702
771.4344758453751,310.60454764263875
712.4678030954586,390.79562694528744
723.460895876947,346.06869492702384
728.0973487763863,397.5647422127604
796.9735578599546,362.6659942818893
797.3755748727345,392.5742983931483
779.1898645758274,379.08566388637723
738.4982172911979,385.57524866537767
759.1916343778086,356.1424171529683
762.5941924993181,370.54204659874836
783.3779672295029,331.60947487954286
728.7647013173888,345.79491345796896
796.3212798696966,369.8671139343154
743.5981344085906,372.05825564327534
695.9307673781665,407.1949224099956
725.6487086622318,425.77974303143776
711.283673159608,426.81537605175464
721.3705053559243,415.14685316779685
709.7081023119018,375.0010423728612
678.7528238146544,395.50783532390903
684.2011413358738,429.5342097362062
737.9612820781451,339.2434370265508
760.2920133812358,409.5923233607157
706.0019420225185,359.1460861013917
689.022746144393,391.6650821907024
743.3156964288926,417.00338147987696
661.6557161277844,337.89599182155774
708.7148105409752,351.56827041514435
679.5054503783618,357.83584041352105
709.4328163079496,425.9812276959789
714.5446537608531,447.7281276466315
631.2666363211605,403.9775422150303
721.0545733408694,355.9391422806463
671.3402907036747,429.61865672686685
628.1586881245197,372.69617130016655
703.3179849410469,439.9945030573928
661.1329508639525,379.02451291571236
666.2721527813669,436.17424775038825
654.7504335879545,365.5997838376172
636.3182812120268,422.89225945252565
712.4914821697412,449.1005414037632
695.420038904602,415.470638728293
637.9474062372254,424.2257720235982
676.5947453595884,421.3880662972723
638.2634831808684,395.15432194853514
664.4967383997503,361.4536927982884
610.2002663996743,442.095440540204
602.229530981998,394.3197373287337
668.4437112106539,403.4448630345221
682.0811401861679,382.9245182979377
654.2940717363936,449.8946418055294
623.0292961258499,407.8964258428776
658.1300913659271,439.46314028709264
693.3153505491133,422.8504173911185
645.6819372887519,414.20860529525817
616.1044097033105,377.2693980673649
608.0396568248553,426.2618652829354
607.4919865043291,429.23426859160384
693.7740410041258,435.079982875513
684.3914123822345,432.137382455033
684.6702450821358,358.5642467796731
650.1896806218728,414.15947627840666
618.2276047172489,467.05777305577715
648.6100853633792,447.4642774792933
629.4342431684261,445.4359790417142
630.4392189077548,453.2401816855404
578.981381776339,395.396925318251
644.5094594488958,379.435564887241
607.6564499095573,443.6426488830663
578.9252089182737,397.1793803897258
634.8712887133149,459.19885332343256
582.9383895249393,383.9819310647125
646.813264252298,430.19021527498705
641.9695202226947,462.8086171603077
556.1573326590429,458.7784635444542
636.9717005734338,435.00534480159064
587.2929357396466,445.5794153218789
551.7515609739163,460.7271488664213
503.0037861908843,407.58698146741096
521.347764993201,431.5472963897662
578.2683574848031,478.64412344539994
520.6204120102418,403.16750411689986
566.7035683641709,442.90529091847304
545.0139688174681,419.8838725913763
542.3663881509602,495.1289234769899
582.2614562296296,447.27496539091334
505.71999704720076,465.38438052810756
498.61173886819364,479.9919076048296
583.1673847537196,425.0094624682651
560.7903752458423,429.6702120680661
553.8369491963226,442.7280847885218
584.0500003994476,424.8086152395992
591.1054503787177,427.85627323009356
532.2867954092686,427.9104563301289
488.3689840868555,418.29712419223887
468.63675270130744,487.4723708433857
455.9527146775385,441.7045992531726
470.8200904046127,446.97681551740664
464.04357580052556,492.02460540510555
450.6502646348907,433.11843539137817
518.2514444963359,439.0390106376043
456.88244009227793,465.3980598453261
546.8431360634579,395.93505759459265
517.4104919699881,395.576633318909
461.52481122739823,458.490758802411
541.4626994248757,438.8448085216354
451.7159227137434,441.0374296918857
468.59276921164053,425.0997828752468
531.9090007413623,427.19921252392396
505.9960884856004,460.8920940257737
515.5478337265963,467.51771675274665
535.8811967676031,477.4094097136321
490.5455834900614,388.50094817089763
553.8117062097633,396.9192505854238
500.89706122054184,476.7489083088846
521.0727277569011,418.4835061021299
486.61200141344295,398.62499219638187
476.3505312748471,447.3320175974859
497.1854433902009,435.2303180106202
506.14018902195994,474.61648350140786
558.7249392606602,386.8364112507986
475.124709854796,393.15534573389357
516.6526488164017,459.3502091110822
542.5674780797272,447.92409132115444
542.9251511530016,384.8740436898842
583.9940897501039,414.5966702962566
548.5713558171458,405.25971831333544
573.243846348034,358.35058082947035
618.3086551133295,378.3664499234411
591.7505859064089,404.42212866983886
563.7626765878888,370.05939777094227
632.8591965635828,369.62666051338425
582.8524468525445,381.7948892244588
599.2583044795875,361.4319581139315
583.6264339852339,421.4210174350334
588.23112532192,365.9052082442033
628.5943635276292,399.4230514171303
637.552608367722,373.7000603159885
549.6576878313524,373.20267150022846
582.3583904765395,410.1518377318331
595.4505148637411,417.8088866801562
724.427580554012,323.30664192567315
654.9424118458406,384.8563739972744
702.9362098588367,376.13382200114853
656.5528944858737,363.30491201882637
721.4063944632543,355.9644498266499
652.4638955165128,323.390616929521
670.8466595062091,402.0452444321636
643.8647225549191,340.15113693310536
713.6054192369722,396.72565223148746
658.6260761507442,349.32243100165977
716.1997411375132,397.80804287037995
706.1782232934156,409.95774125490505
688.6000109122868,362.2195189580698
689.4707586852008,344.34424924721293
643.6958957200899,344.01613640399586
696.4834293773868,410.00736773631587
826.8163266865131,370.99178920809624
750.8142375367568,356.44821979204073
821.7568864004554,371.28520711624526
805.3256209969529,322.18317516569846
810.6512051546586,371.94537175388183
817.7900707877776,320.4453302409811
797.9830162593541,351.3845285479328
828.6159237550218,335.1721039126147
775.16483553949,353.2241107049889
771.5368417989056,367.0529895543279
806.3710841784807,315.73069955299485
813.7841111759493,318.523236663085
762.702532184468,355.92819433465644
809.0995652331645,349.3930775890084
765.8399995895448,293.14088992503287
828.1791710609061,365.77617357058205
895.764234779722,292.61743195753104
849.7477371955404,367.8072049609482
904.4180401316844,301.5860088498363
863.0439301040901,357.5164399058077
857.5631548879232,363.5865283548162
880.0826760427813,335.733271320632
897.1423896125293,308.7458605319673
870.9596883959088,377.4851181985629
844.8898337991267,370.37588952675605
865.1427120205152,328.96167261113925
923.7547421646384,283.25225667695673
869.024723701946,319.36613644372653
930.2996983417088,359.9840581504842
854.9158066661438,328.40987251168497
928.2850795907774,289.34127132078027
840.2147361662688,335.68999450004463
930.3025351307512,314.8784878385107
882.7621269310141,283.5285708661761
955.341439968666,301.82071096832465
907.8533100881767,286.03487259212767
937.7489573151285,322.72678803737955
950.914422351246,344.98577545617775
940.1827833540601,377.9458330073737
918.9683353776826,345.1493217230327
967.2276618244764,302.38728402189366
889.0781410868133,322.5431256851392
950.6634776122194,317.34277120664194
937.3760320800803,374.3302316699759
928.6853137570245,345.75150064428226
879.2440736149366,370.8825963263756
921.5601744073457,308.83924707481225
900.2808139309145,316.70368443445454
978.1394595746557,329.9880629917311
883.9667583404882,370.3558049202068
940.7011443098345,324.7755857259246
968.7296544835438,297.9065530050646
978.5711758328819,333.66249479010963
895.8513004882859,367.6432298416692
889.1742201020496,292.64012408600985
905.9243186088834,306.63472709796997
893.6557737536458,341.0794223070336
954.110995631353,371.69530899289043
928.0061231871856,342.61203144132753
929.4024478907852,284.5508815901951
973.977558978712,315.6809063422983
926.9201207843583,357.76742042275316
904.8873026393771,330.7161116143199
888.3168823884301,366.9089721057971
940.2399918008389,283.577103352029
965.2885045554315,328.96046327646883
939.0676262384072,274.0035562081018
940.775540847508,315.05919752116165
919.9602573896419,275.5083604784503
925.1000749372134,340.7515798843644
968.505830340646,324.1791733672066
906.9012841818942,275.05831251071623
925.4127478461472,358.1671989971032
940.2269438942236,349.15955525437204
965.7066770529202,355.93515539146904
964.3498024861525,285.86161820916845
998.3298772449874,305.32094751281613
995.0278946304595,342.1833830038057
974.6574116726556,281.0131217359924
978.4989971036352,305.7176133654442
977.8510710037973,319.7096227622954
970.4962035512036,286.48961237671756
1028.6342360628862,286.77143103157914
1010.4235560548649,307.3854851573082
941.3299745150556,290.56485407900647
939.388415189313,300.2766384028299
1030.7019011483012,331.22467042439524
1031.8878158431494,289.5713346594918
1015.2180110021492,325.55395618483533
1022.583530209014,315.69743472604506
997.6231690898152,343.3556772440438
1002.0437288927063,313.20640384915566
976.7910764531294,303.97020035435435
1030.7526243039615,322.3790438376096
1023.6490220289384,329.54316262163144
1000.1305424678555,271.384062979827
1021.6194607561275,294.8306931745917
962.6486500857479,293.70406039803436
980.9023281316154,284.7950574454478
976.9453532875355,240.96002616875566
975.1819314697644,257.63424070945456
1022.4594914504383,284.0544014239662
981.0402085548315,289.4196123694862
962.352765255882,326.06770558074203
968.2882320120132,319.8248151332363
1059.6098664850845,264.7342576917143
1019.2584448710036,255.90105161274747
980.6674455596037,302.81192646691386
982.5649919274313,293.4278709363877
973.8988929570935,249.46401364155085
1018.0285829920008,275.52333532877697
1038.743721542684,281.4628108714663
1043.5341493036954,237.3737927224525
1058.2351203151027,241.95192284637216
978.0934897272567,310.126640065595
1059.4177660277785,278.37030204794326
979.8634086911999,270.8452632949904
1052.5849926877956,257.6705876695804
1055.351255780774,264.41186636548343
1014.0082662530391,280.86398316276393
975.8206955743075,241.6961598555946
1009.7184673038765,248.92498411702383
1000.4561123045049,229.62666248811837
1024.3555971251485,250.27472984665496
1036.4186967745802,304.8245113450048
981.991678764972,314.8840293790865
983.686114854715,275.67407606086516
1069.6570115168618,269.2195293037672
1023.2243450398781,271.4471746687452
968.6663775344915,289.91852988102573
1046.1809453055735,303.0312030114744
996.7723157330729,215.455078118098
1059.7444831175371,211.00510069776357
1050.3248814297508,303.79718133352884
1051.0999002014084,210.52711918925212
978.592759358371,225.16227126411843
1040.837986673051,219.7011630888721
1021.9975610619731,302.1292039013163
1016.6130326198403,291.8794092565622
1007.6627981038021,239.30037193044788
1035.939510213412,280.02994454693277
992.5127911227011,220.79632640475327
1011.2977421443805,294.2672328974654
1008.6109627302135,290.21625543354463
1009.3706487274801,239.75124741272944
1009.427372535668,264.02110133981984
954.4970515159152,257.27736685462634
1024.6837196552967,216.01986175979275
966.2632230418844,260.1641152011061
1014.9600671899143,302.02970264720756
980.5824267103303,232.06930595120406
936.7509404797688,293.66427097872423
947.741552482411,276.87975147207874
984.9940920901756,227.3608271618014
942.1728913428776,287.29124217554227
965.5487660094428,304.377017497507
958.7381502863443,295.6503393528493
1033.5766292099925,262.66872334869635
986.2914317636264,297.01237700868126
989.0400606593591,217.10322106310764
926.8194968295121,320.1830533766845
922.7086841356814,304.79559793446003
932.9548169709165,326.18826144757463
943.8896830003517,268.58888588638246
953.83471542338,338.18644869335026
908.9497911318954,291.9193883222022
966.9884163829422,357.0062316808835
937.894954161792,276.98220439822427
936.6396561009583,343.8764928504623
889.880535443621,283.75943677073724
914.4333701241997,269.7921580929572
922.3137813049307,322.04244909010924
910.8891738573841,342.3414839250162
932.7181502336007,314.9840345552981
946.3489131638837,272.9798649411868
962.7272382481108,311.05688399558466
887.5759824845155,380.6550903694072
860.6227183877118,334.26194006377403
869.8563764867641,354.60130432674487
832.0594180146369,337.2943791363939
883.8945698246896,385.1889447238582
853.4678374387584,357.236682084205
915.065037204086,357.86661163250295
912.6663661419396,386.2041099809706
860.0489750855512,395.37648287934104
828.3819472860887,320.04311809969465
852.1708393844795,404.11889925067896
852.3213089961547,314.4958450639854
879.7864445020226,405.6044511493517
912.6143876735014,353.7284592647494
874.560706633274,339.45841830685106
897.3297988484695,357.4857676460364
812.2061192328017,436.36614125796217
899.6144871407053,407.8224404771478
805.2836576627728,345.128126291248
899.8390129328156,421.6690719767166
816.3592639764765,376.23629881628824
838.9513730186243,420.9313736309421
896.1892772625824,428.5420035729631
897.7395233115483,413.1305701748854
861.5427248517086,378.0699888977513
834.8262141016301,395.6444438931316
807.9781010391647,399.8182391311142
835.5793963709245,354.74114961120864
828.1774446656693,350.26026958915975
889.9122278363458,373.2612949945437
843.5616834093452,373.7926533025017
854.0588853241651,377.38837162523106
871.0897149041452,421.586581002904
901.0267661664806,454.07786735916176
927.1469993362,380.6809755620809
844.2379045946739,445.4633678759289
897.6373940732898,433.07046274303286
834.240387231858,394.4403652296918
907.2846088873536,400.6715742531756
832.3569355764313,413.0126939183567
915.9164702094821,449.9962690038538
912.4124488190927,473.46135436454216
900.436566077896,463.19025937431246
893.1659775234987,454.9435538044336
910.2331269121205,398.7799994650751
918.7490634096658,465.2520527867835
891.2936471955425,450.9110483877308
928.7189664973226,465.48199089368325
905.6814981035875,505.29929809308265
895.9835391954629,509.65617853645375
889.9013847882236,458.3345363649823
858.420674376683,454.8065486498849
895.6891257743245,487.0647155288911
874.9510703277067,491.97992337870005
918.5111807672429,454.2963554079042
843.610650032974,421.20917250720566
895.182929688752,499.56666660060426
857.7077859467564,496.58078593098713
903.1794242596836,457.70926241509363
863.4229719753965,458.2080020383287
911.2291232358708,462.0843910305019
896.485528227313,438.21852375504767
933.7112102940997,447.41751561781473
909.0360426805901,433.7924173321605
917.819683831035,431.87919492304275
905.6617503709273,457.5446594039749
888.319167385974,497.4030192112476
837.8800749574154,444.7930405691035
842.4229765341796,445.06426069561707
874.1493951777417,436.76303834865126
893.962454264826,492.4184111689991
843.4908098085061,508.06290877232857
867.9773746134545,432.24509057812975
851.5229252716409,519.4156386258327
892.8170987258079,445.7072871991728
858.4241512145135,468.10394003203083
873.2294733542628,449.89346138195634
872.3933625938347,510.7399782399493
925.9999316124097,473.0529347489274
853.6604815624535,499.8814726488776
840.9140738045621,492.2378149716396
895.7317394380252,479.7009894914753
844.4631820853027,450.9922513288194
840.3084097120882,514.4443086678382
860.6894614913191,471.9599623556555
842.6036120209138,467.19459487897353
843.4070150831369,467.6137698476819
881.8796722365704,498.0801015274893
872.2213757273315,481.38796250200505
932.4432599004253,469.10534479014547
930.2250623837876,476.8494683313826
932.2776006982907,525.3188532768395
906.9660667073246,465.5817874207833
887.9749868859593,448.2749211891869
915.2603066939305,462.12357764602115
852.1052986020255,481.54599839841853
878.6263251311666,574.9462150299753
858.6858050445163,507.78843734524224
867.7812294942668,504.5242519254036
907.3433989477807,575.5542898241928
841.9044256458106,490.6480666608442
855.8728993340732,498.0147397800527
924.1000365921824,552.6945335120157
850.2554164447663,577.819494373086
921.2518109891677,559.4985902883968
858.1315099635295,541.4082597093924
925.5867895847571,575.6846692584277
903.2308331711505,532.9517947912241
916.935748335333,575.8804564298753
887.4079739663733,548.2888100531541
921.2293673743985,568.5103613657603
894.5399412366324,512.2795704151275
916.4343512724416,583.9300173915103
910.0725058062634,583.5516821048545
852.8438320729152,542.7808658373477
881.8776734754175,541.7753528009833
911.0612574707411,558.7354630936763
897.6009726247198,548.2363605102869
819.1900226701621,531.105740683513
904.3251378489315,530.7065425929894
911.3295088996932,504.7175973767711
891.8736216717647,534.0315524135773
838.8146539151927,567.9363124085617
831.2725921723971,541.8551287242183
850.8999927476434,564.2557908281849
898.7273427609297,567.0499720722707
843.3962591737942,567.080325727002
899.9218942111021,579.8448646327739
833.9080549925842,528.5314335858702
885.5528309405768,531.7661577437007
898.732936610805,570.0671828144511
833.7130722574526,506.41982412492155
839.2164219999273,591.7720825854717
825.0549839153412,553.1320478348722
899.9934300515797,574.0864563942109
865.0665104896733,597.9670420523224
873.5443913292048,510.6452754548983
878.1446192417541,522.8624275563109
861.1553658160769,545.4094552086885
807.7499828032819,552.81914203573
896.4411107627062,589.2237065032689
849.1525814430559,523.0394279580241
802.2055506649556,596.539820324444
877.7327652394183,570.3220998524367
888.6585934488463,585.6979662195388
827.468296223102,573.8450749544658
888.9314345504124,553.275254726745
917.9504473084345,613.6901819012121
904.7847185866208,611.591229241256
884.152688799375,522.4820840415173
915.7147495114424,543.9948861891238
855.9286225669445,573.3491464307222
826.8286828447165,598.0966747380655
824.0637435769423,552.4013575008213
832.7988706185577,571.847345071844
872.786406148337,567.2763787493195
871.1937953440523,612.1530571541796
823.89306661776,576.9380144112429
896.3543906885799,520.4292462715653
912.0410771408427,537.9360627191838
885.5082692400199,551.3819516501875
950.6437539626576,632.4192205879855
886.4037971519248,595.1998967831204
862.2051232122814,628.9158163840106
895.4885746690151,614.8856713457569
890.9675322788916,623.1381308903362
897.2730972585156,636.9743299926197
881.348936250635,558.7707668372524
896.665587354497,583.7320053882609
904.0488059143034,622.5279321752822
871.7454987619599,624.0255027361994
925.464597787361,595.6194457026925
885.8362208792342,621.3555454076184
862.6618962458891,629.8277209773473
945.1046574862556,552.3472939371354
858.6824865871745,549.606134264228
905.6900581417933,647.5726795184137
922.9674309948011,604.0715143418765
974.3257202468164,577.0045984243517
898.0300099931709,644.4533738678389
891.616771072391,595.4618890054988
948.6261276573968,593.5687949685785
934.4836026351205,581.1891361277765
895.0140330705268,645.5832530554858
944.7228402632776,563.1281430241356
965.8388126246737,639.9743438877181
903.7894955679799,644.1068458317197
945.8240079285886,650.2323305112378
984.2531899765526,583.7279296329522
985.4283767070559,602.9006286570452
981.3686195393067,635.4294845968682
924.0826890692986,615.8369672998986
894.8156009166695,559.1480768488111
985.2156690006607,579.5499724124899
928.4330569015792,585.7525697780382
891.2201787272239,572.0621953880053
987.8449722423823,578.1451485007871
926.3176783588468,617.3280922607165
977.9443299828654,558.8457123560593
979.6071669030382,610.5912716655132
937.6863135418596,572.8088541894404
964.0056582732934,625.3722009173429
907.7538030428108,607.6723257317534
905.0547718309517,632.0159070229146
942.741137643366,572.7721048914459
889.5787476659187,654.1456268123361
985.4768289418006,563.6965023337742
915.8441559194231,616.9155251070758
959.4908350828796,598.3353263476484
925.1808844023891,627.4924857794842
961.4921397052171,592.3046824371191
889.8060909747187,549.383407395559
920.0404203398032,566.8376283069917
945.2799588790339,563.8805966673342
960.3363034754386,556.8844295483075
938.6960907704241,609.7352025660068
873.4053627515062,609.7854008440855
918.2426999030436,559.3855212583952
966.0392712872003,590.1058226395819
953.7438056864258,547.5299017631005
882.2229831357605,596.6273510740489
954.3281029389126,630.6760694841377
957.0068886506477,595.8865507796961
948.1061641224192,608.8517553392102
870.5163615532482,590.1247498267343
899.242657391456,559.6825879815735
880.0402775941824,501.0740567380775
883.5586288166917,526.19316862652
930.970936392534,582.114729487922
938.7356619534401,585.9901350705735
858.0646743826132,514.0731204753442
854.3161878208691,537.910509089594
919.9188979819437,534.6291760779193
858.194592766582,567.8351951816134
852.9098650663311,538.7894961319734
847.1471861821959,582.6481148323907
891.5329237822741,550.0183861276629
911.3061485363494,547.9254331736882
858.1929336761137,566.7546033493638
935.0945337084603,520.8759616724021
889.3441927803364,527.8115275410852
890.7157546728173,512.084434179492
931.8547474870969,577.7588655094667
921.9669718406724,587.3858377505491
912.2279781915532,583.3338529309622
916.113851339939,586.3829258911917
943.5027279217915,586.7362734742127
866.8784114746159,517.3846248053724
889.1167282792993,491.69841826957486
866.1740261670091,524.0243186847292
878.8886649254435,499.23861596867516
897.0997723306956,585.6640027625443
923.6424080735998,583.3083368285679
941.0652711875913,514.7947410423018
876.8743659116943,565.5097883683314
854.4620646068809,488.50413673888187
885.2078497393532,545.6013956585372
871.4342359610781,577.4161608709359
895.8619641261402,527.6698925227334
880.4122710010262,497.7609435795215
861.1031528410981,520.8387932471534
878.6016186815801,539.8049551471474
864.5986401840677,531.8043970359389
869.4713386280358,551.4019120196983
846.1495735338615,537.4311967372881
884.7545041578513,569.6331489460762
932.6281564450578,582.7022013445832
900.0094693557865,490.40152349259296
860.7317108542175,532.5640873252656
927.4136560983259,566.3694969890025
889.9109552414612,574.8995463307049
873.9264612961455,549.8967210169542
933.8818206481014,503.8940591467201
896.011472645143,560.9357842479361
905.191346700675,485.27492717985285
952.8621988284027,540.0826297256032
881.6141682992243,536.3813640175404
933.7430728658169,566.0634822400539
892.9101818923261,533.2735479715778
892.2278509672002,543.1583859004136
921.8659363709114,488.08364674082515
876.5493649758191,507.7358364384238
884.1175932226374,561.3464854879131
957.8946613182941,554.2011070724495
927.4833860609122,538.3847794101545
901.4470386299059,571.335434042775
951.0822180769192,515.0901303509668
906.1085339821726,514.5045882740329
973.9046789273494,479.4911379353292
964.0967644207357,569.3784852613596
978.8582605775398,491.05903202150864
883.0053135753847,554.5385764467999
965.3466035183762,541.2161754328231
960.4059955631297,523.2545940957675
962.3405986670222,563.8716211985192
891.1549880087912,513.8319971977483
909.0772369745052,563.9027001078499
969.2007870361683,558.2377157944138
909.3690178336855,484.3748144844345
886.3591608274047,525.6022861210647
916.1841745503508,501.97660151759703
914.2462496296627,562.8597445836359
946.6726718715197,508.61262892694435
938.6099728880488,543.5260506481744
981.5886889173959,532.2073894493658
904.4362592775551,511.93614800990457
934.8962095362729,462.18098966112206
886.8276264118575,483.6853856563796
955.1398733010044,531.9398125954
920.1416747947579,529.1942221483458
903.8970018861362,521.9649324917717
978.4591793855797,554.7018219424324
944.6786544704564,544.4376108970489
956.6354214998048,475.7614651847533
907.0180090209831,523.0605622094861
979.5429640928329,558.3042361442053
913.439052960369,528.7549077240401
948.51262985434,477.23994910645376
924.9888072452779,491.93739632823224
912.6323765825082,548.4139909993763
948.444793101923,497.81212815801075
875.6722782780669,484.5262363137418
957.1339644164137,439.00428542259306
882.6461395875327,522.509497171217
942.4328729077154,484.2510292472366
943.2231500408866,510.1672408193357
892.1525355392661,446.7867314148424
896.2450536760877,504.0113762237399
881.7957294150955,451.19703433813334
942.3735003888459,452.6135564496955
954.7809730887875,491.56568773766423
905.1987178889303,466.8196257175157
931.7531337966973,528.9414353630211
900.2401901317074,496.3837784693193
917.6247632108282,499.8235550564719
871.3052000387245,512.3608333663844
881.076942471271,489.1753161743218
932.3119974853225,502.82940638929347
916.1091553639819,534.827748957341
854.6525668741072,498.122219550472
934.0591211612551,505.276126309591
882.142727838507,525.955087960614
929.8312015736784,486.5370260674355
922.0232217586847,499.5695901576596
929.1554864948263,534.904968661649
882.9106439825968,479.00589191402895
929.2825322205554,457.6034603643142
902.0463271077538,436.6532966832194
859.1698468154441,478.61503990138795
881.9560414618005,448.8124715285693
866.467566725303,448.5129354728746
945.2403668674732,502.0090340334464
927.8419562779445,458.2736190123949
852.7436445552048,501.6896167255803
872.3014264743146,482.84319420956126
906.4034220665342,510.6604933162853
853.6738845857527,511.0377376669452
886.3755998482249,480.0452875174775
901.4815793915491,536.0732346075076
924.922936814764,530.5181392519269
889.1865370542008,531.6049877751451
887.7006433275242,483.12488728490547
865.1444200740835,518.3121591389079
904.3172609563334,478.0425217067599
837.9552998867094,498.0248544729626
908.3698978126906,548.6739836952789
928.4744396647179,480.5655128915089
916.0522095009683,507.2989400198029
885.5919359497516,532.6117247564198
905.5285532040771,515.1320267528104
897.0457549470809,522.95023180627
855.066077722018,521.6773319369426
879.1780878189003,480.41344782002466
907.5328108385357,492.4952673405739
905.0191793422857,530.7308980066425
845.8928591613252,565.0695838492157
841.1225483927903,501.46806708139445
921.3563846644428,559.3888358675299
835.9652423451256,562.2651099355351
869.3904267263536,499.1419905150369
892.333650571453,555.6732847508556
921.36143236235,532.9234649658096
866.9911953014613,480.7909453598503
887.433386884936,494.0475058481731
875.3171569404666,540.317289977919
930.0334260311888,536.8466571625482
891.0465060113246,528.399307253719
858.9364404895837,562.260546692771
872.3324000336352,554.2099740235454
907.5485537522865,525.2197605813684
942.0723542772299,603.7622556866995
949.8672789448199,545.9779187588812
896.6115471169101,511.78125269527493
883.8149560226849,505.84091564771387
892.2033457849468,525.6730417278085
904.6219171450259,588.1150629987859
882.7851178775995,510.2087710019229
876.498795127349,531.2302447865757
875.5483490831344,537.2687574510405
863.3920565824905,536.3185722121747
954.51524730351,582.2263752139659
901.4714372177489,516.0935240380109
957.7405883159861,564.588583870718
902.959047832323,600.5504287564875
973.3026496528491,566.9048354990954
931.5516454853959,538.100155576522
963.7896916392688,578.615841908232
973.178173776338,538.1566711695913
951.2896410081174,580.6313551886137
961.9392391675024,576.5514414650121
944.8240999181246,573.1433110278577
951.6249447918888,592.5260940532282
904.7115353325057,597.5808083325301
946.9162892048348,587.2874853265105
932.9951496775227,560.3487107572727
900.4654283585934,586.2415557030284
940.6543384668701,564.8270373602944
889.3728595392837,572.9002416950761
968.1041123445239,569.7401928208941
952.5032602437344,593.1179122274191
909.6965563763673,507.7435445450726
958.6620482907774,522.5329101150039
939.7900296189829,592.537151918963
912.5419158177098,552.6523445944385
883.0899948299697,576.2992460473789
950.6477454455529,584.5939915361089
894.0835222772727,574.05248452421
943.0917174926724,579.6986574772023
912.7876296764159,536.3776308089895
885.2653875354425,515.251088895665
892.220777932195,519.7376942467489
938.5085473884077,592.4007759633996
889.3458958153623,490.1060462573921
942.0294742352979,536.8270329110971
916.8494381518663,532.7818302704903
881.9991065822486,477.5161151766338
897.9090632931672,516.7556695318672
930.6043343218824,556.9100623098971
912.2088804143835,465.63261131936076
881.4412001339582,546.5894033308257
913.073120745342,490.966283191725
944.326195618336,489.64226525552345
854.9577850562757,481.07003735964156
863.2786810507997,533.9642010835023
921.1619959309796,513.5890767136455
915.4527371270924,521.9571234555992
902.8912589740495,515.6640404996106
913.337776968139,492.02621415541535
926.2331150592505,434.1840226826982
858.6812136592497,493.5525515906128
883.9701022169297,497.43663289930186
860.30366883989,509.30776187792185
871.4726483141865,474.3944874082955
837.5221092521144,432.8181488585925
874.7124719126332,444.6598712187083
898.4619838151433,484.23549489072514
872.8029305957907,513.9487508788715
875.3346024796058,443.33648888699867
911.7646750975754,514.7768424436746
883.0728848170578,487.58438636534186
856.0247613935728,525.0579574073611
917.8491864926827,449.949660624165
871.3242475034776,471.714225499556
894.6651028817671,530.1524314086153
863.4618465761057,442.6308356223675
883.5069601728035,531.5632042177148
924.7085663582881,511.26465179196714
843.0356119541907,498.990475378562
921.8553218754272,484.76498139267096
868.466910558191,452.64360854930356
842.2859981278303,508.83544066164336
906.5339195421541,538.8236691075672
900.4914729114198,447.82499517156793
905.4964310938669,510.91739136978805
883.3019322370278,459.8660670933913
859.0278398608394,514.3810071547908
847.0711490327919,482.13011091151867
858.1317351283205,499.0468435074986
848.6206058015623,536.5743870386219
844.4121095518069,473.61037611092746
919.0629392286055,569.5491532602595
848.346613984952,572.6260513330948
849.8465872476638,512.5878648742628
931.6466778142734,506.3520792572483
861.6455693337803,567.6263334947556
928.2487258858109,570.7805057498691
861.4473731724278,515.2212890081605
927.4529562499957,495.2494000149026
914.1534886439035,501.93092776969473
840.1941834039608,551.8488076264173
932.7032994147655,567.9498274951344
902.2691991566816,551.6111218894929
856.2738549983097,479.7012941483504
937.3695911360487,552.8046012471852
902.6844654682427,559.8154704756919
840.8188524281793,563.8332460489783
929.8518535665426,539.1518731661906
891.4350065228052,500.1141632268054
861.9560349747726,583.1461859092246
927.2924984673159,521.1713358642056
900.8589590117411,498.0294102203719
893.5620626767547,563.6518534796778
880.9047446848111,570.3719620696232
930.7447397833561,575.1875965454142
940.0142318219428,542.0904570379138
933.129293256931,585.2012310290027
877.3048403581889,527.9761551283275
880.0726974225761,553.1749481237083
907.0907354108432,545.7792013658996
914.7337188409148,545.4226477811466
941.969115542097,576.5973528632126
906.0681782189661,550.392950419656
887.4659789306796,547.6667738102018
942.5994974840619,587.2874821739512
945.8560298508745,535.5370027148474
920.8553001919668,577.48617754329
885.1731165237857,491.6989769735842
909.6037781406748,503.26232324255454
878.1351330993022,538.7881394792946
947.9165402247625,564.9423970997155
884.334998310781,587.3778351301252
851.6508864005579,509.1199412652011
921.3613109096276,537.0102492150313
853.5872980015447,507.81949075858427
919.2196673935861,514.0327652761565
880.0218228652938,557.2794071845278
897.5544664513874,496.0315885780435
898.9564428559775,502.1584400639755
928.1072684885489,520.0106242556224
938.4775745648477,471.0955665223549
870.3682521200492,479.7468917980714
925.9451523984555,489.74086204709005
891.105098847499,516.0330616737563
896.2485236926614,538.77161935517
874.808568206203,466.03944057440464
889.5692771066113,475.84262849961567
935.3297986330281,508.2389110172712
892.623312248435,515.7522837618831
893.3885977954404,552.9802983702966
866.8061586760342,484.288302910882
886.8812801452488,499.38528669253236
913.0483973371553,540.7590874399264
841.4981833058605,523.7209214639515
843.1112258647319,548.73247223371
842.308963258375,513.0466443430215
880.3693124760146,433.03114430062425
824.4130583897278,509.1914577079065
884.8693556097146,480.2860086721546
908.7934678504141,492.11826622650375
865.1629902447822,486.79974747808825
856.5006248986468,465.0811251770291
906.7401606076065,431.4629493144866
891.6748365379099,440.15884276537497
815.1722528391554,499.01977445626665
849.2899307128263,439.7581756618483
897.9057310424517,445.4978784043778
849.7631715152297,425.39985858842556
832.5157278173898,502.1410933730497
866.7559563812108,495.9742427318072
881.7273361254237,524.4437837898558
803.9241282297794,472.4883889824762
823.3711009179266,515.7666894186875
869.8356343662002,429.603802624517
838.1897771216334,458.30543534957866
869.7560066779571,484.00644743976886
864.6790163444205,464.6612391282447
807.0441543206106,498.82410344795704
818.4643498849445,463.0470089164831
806.005308325177,456.99011854413055
808.6333322782014,432.03152996399035
806.2947995073644,449.1744077131094
815.6067913145329,519.8740897647018
882.6478830163428,463.5838172548194
840.4094911680521,509.71840939583586
818.1625771854569,517.7668062780363
787.3102350136573,435.49839260064266
832.4038534273458,490.07195846407166
781.539003410772,505.3921197181537
856.930078744035,516.8590560537738
843.9584939943071,464.4528511885644
792.2358899995352,498.8289815054354
828.4191860360424,517.2416979340153
847.0364433390497,456.00967277480055
869.145583669984,512.9457394429832
836.5148030982003,531.4796209486628
860.6723918966493,491.432951789452
839.6570024856806,529.1948394733095
785.6405872855402,438.8924881466987
876.0409973341897,475.9811057299972
838.3330107254552,471.45028734741504
781.0560094294326,523.5046637150417
823.7194077767446,478.55948244071135
827.7578036959075,465.8872614315459
839.6017814934955,473.15146244288945
871.4719443525503,451.73469540413015
814.547068520584,450.3225976471186
844.4643489433971,547.0634535737731
862.7030876198561,512.323324094142
887.586338899901,518.9213805637578
854.6280448777211,502.1916862674176
855.2862937900738,466.3595201234749
874.4477153164112,521.5548129550198
804.6196654389489,537.3836750254271
805.5148509641994,509.4774719567046
880.2509640564691,482.56638985889686
886.8109565188752,534.3838966979866
798.1627657533342,517.2551680178069
878.3562673544526,504.2536924118092
870.2725327605442,511.2084076822118
861.9527275378816,532.4174588619076
827.0939257201437,537.7223790493335
890.4376047110197,477.7187782696429
896.1712342044865,513.2013074647028
859.042334565003,555.2417398925061
840.4873422177549,490.9770745217132
893.4951500663267,548.1610303411304
917.2663952765574,487.7068124830441
885.4974633127579,546.4056701948555
897.5912932476945,487.3293655026344
888.0080264445171,559.2597370854313
863.8568255906076,495.50436259395985
830.1025779462602,485.0471787770536
883.3709789906923,489.8588222790226
871.4893837282191,559.495669359098
828.8429063176752,535.7412857932504
909.6466984694553,554.9562312695224
845.7917627894547,502.14914192630954
880.7190490657096,581.0873479470639
825.0610397559016,554.2509483758239
844.3276728851596,565.3160859804696
857.0139408873758,539.4491771200666
836.7646900632119,525.4101013250391
902.07988924645,582.4079634838657
870.5707623575923,578.3894506587807
918.5010773200829,569.2492388734307
864.0091552728478,582.5534434798823
873.8828235680597,500.4943521218689
911.6915109318611,572.8618627216401
835.1157287054955,546.7340453046519
883.7042076503947,530.0364617562527
900.3619338706727,520.4053128924778
848.1816457634997,541.7924891842803
892.233580065662,519.8354402900529
892.4593177817446,522.4775421384423
865.6605555752492,539.3802191749996
858.0172005647856,570.0930028605956
862.9763244069043,552.718616430987
841.4703972145438,567.5972031981242
845.4324291758974,570.9086576595022
886.8836430793986,562.2756725251484
895.4112098981959,523.8458886908181
889.6479615550795,588.7748385454878
817.413773921788,596.0974440564754
912.1557242120937,514.6831445993404
823.0917533142203,537.2243690282078
897.8801024487344,586.2812061711103
897.2231310933604,514.6950560845871
875.4831504686114,518.7003353219018
867.573596042894,595.9199376960127
860.2117319959235,537.3153165885938
880.0237660075543,560.826824697255
860.8694210752208,541.9260335959127
889.4659477185996,563.3949335457966
900.2776708835102,548.5706035941329
885.8130209787635,564.6601908235273
862.8769940094419,535.0159351166855
814.2262818198982,600.8237404721673
876.2137637640717,527.2539557688058
811.5485703175945,562.5961987180972
816.9797442339384,519.1945192335531
853.8961314526955,579.6423989944307
902.7695149314329,553.7514597837574
881.3250365055515,518.6330369301616
864.9771809303176,589.3735227460575
840.962013760592,611.3441958469213
857.051623678713,561.593923238059
864.0278553641316,543.4665119265619
853.4527793776886,541.9058178031275
880.4962367593205,570.8552127624969
869.7258789198451,607.2131021914945
837.7903456890417,547.1172426007075
881.4004269974639,568.3775008220416
869.892808004559,555.8543389688791
882.6040722631129,584.5731930327582
838.2701362205103,515.4542456422504
876.125104185313,580.0330371459487
841.8864578186688,592.2454492387774
841.6559268258197,599.0702841534481
909.5188503333129,523.3164372242146
917.8275073122387,529.5044739970651
853.9476273217196,590.3724760014271
886.5969302084466,546.1369573980716
881.713997986125,609.24429769113
942.9260946192211,580.553095462655
844.5633059018534,553.6687499322405
937.6797766332975,613.2187071440757
912.079463373196,596.4905949796779
913.9465380700507,543.061477878283
900.0087533268068,571.0432993943344
848.4876344602883,523.1306725181709
939.1334460642012,608.5932373260041
941.2801754252682,568.5783734276253
912.3089896946065,584.0340508947622
903.0348870608032,616.7388267331439
895.3322159525497,608.6917188982181
914.5552663531337,546.5566621956091
966.7049799722566,578.0882389948129
975.6739160936405,615.8332028495857
983.575075690346,607.540123399276
907.7354321027728,582.190303279905
903.768758390742,605.4354840921989
973.4943511026546,606.7966385586815
968.1186650632208,572.1984777922074
930.2074994412785,526.5972764853174
991.6260410924685,533.7312036856421
905.4159396467418,523.4141182865101
936.075197026267,562.5412775989815
939.2841482624576,587.003491614715
990.5030918143732,534.5059972921156
976.9439126458069,543.1702235948595
940.500376601868,547.5670013187076
942.3450547500923,546.9680759065008
1007.6346788749047,527.0116880449993
996.6246830559045,531.9653202790417
944.1778698486161,545.9596365239369
947.3625353907453,602.3119471208239
936.2755492583046,527.6275944013208
954.0299303320685,616.8691750111348
968.3658492034363,566.1836112065579
1006.3137238197409,534.4314773124952
1006.8390355936998,568.6863835346329
998.8933554895498,612.0559937147666
1021.6211434836416,536.5344863270692
941.5776692384793,621.7454125218039
1024.2924637857973,569.642703817542
927.9234403967802,550.9814795260478
971.7657718292587,594.1401376862273
988.7186714387234,598.743486218555
946.0611483901641,560.0057052076745
971.2722046318755,634.4732632937887
1004.319840038876,572.1891699605827
1021.7002410203804,609.8772557755665
945.3051675120566,617.6491485469063
955.0602905983608,560.7226133761203
1006.8984024251814,552.1662935482818
1034.324276924164,621.0454838771944
975.7635337207469,633.6055457147916
992.4348637776562,620.9161293039767
1036.4724521987775,612.9823959896189
972.1493526686859,589.501017662608
946.8760458007254,608.8927067660118
1033.4805905060668,598.826357083686
1010.2100406042225,636.8585987788248
1037.2547357189962,625.9610494479402
1031.6161158058178,612.9170832962403
971.7781920469527,575.8763285005099
1001.7947073094697,616.8317749908051
1007.0512488494597,643.2701518776072
966.4851205082932,653.2832689950817
969.0843363488398,611.3320969090372
1015.026885452277,610.2708753888065
1033.4217441136761,565.9982500089505
1011.7734056900803,631.2531058707519
974.3112006251579,579.5735589110932
998.9935434231874,651.5803171005776
1004.246705315708,605.9997383165336
1017.2695107700126,655.1872437961749
972.4013365786192,578.8462590744534
966.4592245447842,590.1694019621639
1015.5163027306494,605.2263454619412
950.9473935467516,651.3668874042596
955.7059021199819,572.7039145109667
961.6679253715082,577.6532411811589
1019.8116812388904,627.1299880559835
990.169053095245,595.1324965692393
1026.836648687368,586.8111966949837
951.8699885771937,648.6059417681627
963.0487188496388,604.0526694978328
1033.4490606331906,570.0615122614554
1030.503123072106,574.4881315429573
968.9850212943036,584.9933160566202
997.2888927438274,583.2287402023281
949.9480655873886,577.0145946572129
959.4465820308363,620.9041397099965
955.2419017679847,562.0066384319839
1014.9429112198013,647.0258076398085
952.1217712164942,578.2464936669468
975.2902458777706,616.8038864726627
966.4546055017404,647.4220844429391
1015.6889182904504,564.9149527571756
1019.5580515723505,652.5705363080009
983.7899446795759,573.4541159318794
1030.8785649102824,636.3305201320508
948.2500360251022,656.669599297726
935.737477749254,638.223689677483
937.4544628943571,655.7355070619983
984.1460490877606,575.9163757964174
953.3233934307866,575.2375474378313
1005.9163253042162,654.6940726953684
1023.0151393130673,624.927625988221
964.4309663881277,638.3786721532537
997.2856769249803,593.5906259307666
919.4466104744088,609.0924968977208
909.5285763441734,590.059846148055
924.9233893523591,571.6721943350876
986.3680834136472,553.7243222111871
914.938699162571,564.8412168477478
956.2765303593549,621.9674765879236
940.8384293359883,566.4560218613237
929.2012814633367,577.1159312103607
955.7803778785127,633.9753039143394
908.4324804044079,550.0753291848863
997.868260371674,555.3783327328729
929.4920786657757,591.4216033901702
1002.9285199344155,603.1149307447619
921.6297665251125,568.4591754879613
914.0148473674158,544.600959665401
937.2280054010844,620.858854927063
908.9873368027943,632.6510622453527
942.9299357320582,587.2948618402593
899.0706927603194,600.1793325347544
928.5247694923698,591.6409522764286
907.0134701593014,555.3014698799243
931.0407047462259,543.3321795289081
969.6068653886272,605.9102326656904
947.1196939151579,585.3474012830761
967.3843817353545,579.3640121072565
916.2554827332314,536.714211532566
920.6539968481874,601.5387473713023
891.7434887055765,582.6210003588147
896.6375446209452,569.1469448545033
953.5565570297354,611.10196217082
954.8256249144669,545.986542102958
957.9864192529998,597.4961847112443
964.6110894776958,626.7388300191907
965.4338166671874,608.8284483091718
973.2172413996038,551.3861119971341
920.4598275118159,554.7657842293513
953.5047727289083,552.7190496316332
955.3909883317464,550.5325123474399
979.5527990286508,576.4250958038122
942.7834359259995,543.8543830969387
945.7111843695492,608.0562926448739
972.6101390612821,562.3456359775695
979.7977805629395,607.7077243268333
944.4840675355185,594.1788282387799
937.7260153528159,621.9893803847161
973.9585461374255,540.1803898114526
947.6048479755364,638.7146548366459
972.6783176657202,612.7313239150076
977.6668767185683,611.2484687671321
946.1665279453879,609.4726626142537
973.1882122213656,635.007728400711
988.5471337103564,548.607972612431
984.5891169873354,577.4373642831688
966.5635287934942,605.5573805309709
970.3615568035937,615.987939814693
994.0270777537884,641.6059104344698
923.784325196592,625.0006810903718
1013.1917012613821,593.3932892878325
933.8686226825585,641.0374761697793
986.2273258697891,564.0136797172347
942.4591609029984,637.511892137527
1004.4706535358432,639.3611527662304
944.964437073958,594.1179372487348
1000.5173423190613,585.9108018410666
1003.5535126615869,618.6221334100478
994.4523656576853,621.9890887570681
1001.1854825722805,600.4421364034297
951.790472005632,569.8204017431683
953.3146784280658,560.3717248550523
974.1141764585248,613.8430023627283
967.3068848727661,575.5128863903029
1033.9527400974866,610.5126530301321
949.7700403174333,637.9887709826381
1030.8369477963563,551.8685717110554
955.0319079782992,591.1586559869444
1031.8275316353665,564.5028249553858
960.1835496735274,586.1422058261031
971.0196374342312,571.0276006480245
970.8766014143583,574.4385505731939
1004.8945063718,639.5837555984316
961.2827321003904,562.5835713671519
1007.4543332512349,582.5947271606369
1006.7541651956271,614.0019137294984
1003.4928362705643,550.4940960363659
975.2828101175107,600.0885993748544
957.3117941927501,584.3962129971485
949.0368737162413,556.4252675815367
969.6409284613112,614.7714409125558
993.5169870027676,607.0414553081647
1009.4443608511478,550.2055239979962
922.3682535699957,640.6656499855875
929.5276170386842,570.3690102097659
960.0520219057755,607.5463147642711
970.8997149520757,640.0224764334179
931.9116150016645,601.4587413918692
953.9043272515754,559.9360147691591
1003.532683526964,543.0229401271642
925.4926707105857,546.8416485056241
1001.484519528162,577.3175339936442
924.4865132608214,579.4909839521731
970.779884025337,573.2807531042563
978.3699203691118,602.9510112630696
959.9008581832021,599.40399153472
960.621785465741,560.7759099545452
981.5122226744058,593.7415234731789
1007.7679549982341,544.4261728300422
959.8578637647873,586.223737426785
954.1633666031759,593.367487799652
966.6124247431477,543.6138208601415
948.0861706932637,551.2430307534885
949.1390970982018,533.0291431430508
964.2054286911923,590.1628855405598
936.1420205155936,586.1757174461767
999.9338556335894,557.1156562997251
1007.3801027994352,542.5270088863479
925.1617723114095,519.0013916412718
998.7180912704034,535.3751108281364
935.0059680791795,556.2682110628284
971.6316336468358,544.3717862374986
975.0275357526045,511.9925993567533
929.9532407179532,519.2498604661557
997.8450720674838,549.5992394449692
962.2701354949654,532.3740997385604
921.747484264593,556.890160541677
974.815642115631,561.3975838868396
987.3381149421144,526.8315712675309
1019.1530536829862,537.3197910327101
965.0058207699811,529.1931482107659
967.6193446782124,516.5527302568578
963.5876234723194,531.1399882365329
937.7120889665609,478.9882216322131
1025.1544364176648,545.686245432448
977.8950440323996,563.4766802055458
1010.8437386786271,540.332179473637
977.4576954396426,522.1596871284777
938.7543624179053,532.1832400908883
953.3272614807178,517.6567826855339
1006.2041436683578,493.063030856279
941.6411012536861,545.0068825383673
929.5685838226409,519.3731666980241
944.9419338222955,542.4239975175867
989.0641896863051,537.6355412160334
969.4578919381149,540.8009452994468
995.3653394254778,559.8134623600741
980.6040055777711,504.8795206460146
1018.8225617059153,494.8913470215829
985.9706950223645,516.0199572040561
984.9473553407211,562.4508155784667
1032.7230425575249,501.0254125360325
939.1582993961896,492.30676684416795
1032.9882966264179,517.3369907506
977.8152918399769,483.1632032916385
1027.8295508000983,499.173492045002
1032.5270624874247,526.5850719639284
1014.8465017559996,535.9614185489575
1029.9498464866535,544.1090620736832
992.7966443842885,558.5697112715994
942.7166011250255,576.8164094687214
1021.9043402382209,495.5697325485465
1002.138696563691,485.525740105736
976.5307425611716,497.59078765906224
961.4803812799703,567.843874842425
979.3697886477734,543.2471914681768
963.9753299331255,500.3306981016234
1011.7272368879928,582.4070176401416
970.2643068429095,535.4901578957996
1004.2377142761861,523.3208098868141
986.7450102451841,550.2576417680941
1017.1360232475378,577.0468818062897
947.1491853249029,520.9024259207177
1011.255539461108,502.9033593218827
954.970890641041,547.8370942269642
1004.7153576800423,550.1405332211564
941.456530680957,526.6502846228991
965.3044658364147,517.455720640055
958.7713176495027,584.215926008621
1017.3026318315741,548.6725867175344
972.8277450974732,575.9337635776934
978.9920914493821,531.868299782679
989.5988196292374,520.0665615281798
1002.5024789722762,577.6414597018705
956.464993012185,600.4975110298805
982.4648010478221,558.766513205151
1007.2005380082059,593.7227019367128
1022.525983551838,536.2914951980093
999.9345494106869,550.7456199431101
935.6373440382941,562.6415542512434
950.8110048087268,510.46093024787183
1017.6056648458086,601.3179243834661
952.589769637448,566.4416694221203
996.7222027286684,592.1974254254396
905.9572737462431,598.6356877572388
905.5387250026631,559.2177396835903
988.1241799313575,557.3344706830818
945.9114451177013,610.9690061475832
934.4684172426734,590.6734002588703
956.5410599328951,601.849765863014
936.1254789781287,607.2867658552707
938.3715208954144,577.395171600249
940.7037151289941,641.5096677684638
914.8439146639926,645.6860490510032
903.2248622939248,561.8948676838085
920.8627107997153,558.3538996294375
988.5381949468764,618.7927513740623
969.2131248210994,598.9063860225432
916.6876239738094,554.8171689259914
918.2944896919311,668.4313369564502
872.7364058461083,632.0989177984318
889.0347593108164,651.7193896459022
893.3475509303421,595.9598746045813
915.7401205868089,655.1699956257382
866.9591381563511,620.9314636393422
866.096582532371,692.4344934958406
880.0873372124735,643.8213718750764
911.3523568667235,644.7207671703841
888.4555394358995,597.6659766376306
887.399448909594,685.3565694954528
950.3905311325277,648.1814351488761
909.0203147102977,600.5273181171087
934.3230414099368,656.8561006237687
908.1099948805238,603.8425100390218
865.3076122603932,643.8990577668519
906.8857414428996,686.904901874702
891.1693540202216,661.0160436346777
918.9841397045165,645.4583317522709
834.475707593547,691.8946015356519
870.9066398916472,664.9215394289897
915.6615986709963,691.5929369142863
898.4753197739522,639.1253760125719
871.3048773083991,660.7924239705694
829.0954220460383,677.4547706987332
866.0795960480557,694.2262247263332
837.2102523189234,658.1193045582382
865.8982941181355,660.4346544214011
846.7859532600663,682.6578029528608
887.3253014026697,698.1200926604663
845.3154280779565,636.8106066139326
829.3339938537841,643.4477976960957
832.9522022784345,689.8647568164837
807.8396845012297,660.7186738566495
818.942384741504,675.7102358303786
824.0186853010699,686.704136584929
840.7426756489974,683.221847993351
806.2011335386735,680.3685785090283
852.1115071509458,749.1884448826938
809.7267744729232,727.6685565985745
870.9765157082081,721.259847679549
801.2359333956413,706.6831430308174
857.1997335277432,707.8128466108923
822.7867207012989,712.1656250252325
844.3805597883614,739.4153665681188
844.4531659646515,704.363196901883
882.8330408141879,689.3522742985373
853.2828029775362,700.9022520359531
767.804683360737,693.32377992105
761.9497064851968,720.0564336363873
805.107396153738,682.1391165046491
807.1342680584046,726.5970493220061
779.2764620528785,717.4133068168966
831.2865237499989,763.5006738473556
796.8241635027405,730.9645829941795
827.7599699830758,698.249494860699
758.6493323575326,698.7299759438823
780.105985149996,697.4209239257556
803.925685491462,672.7933199090158
782.1371737077505,722.7973615052092
819.1112594297806,762.4721523058246
829.4169904633249,753.2731046354711
808.4809647456698,699.1344884969697
757.2768513853932,757.8187322696922
733.7407900400694,689.5843950442693
775.2379120735684,759.7698235534616
739.272456066878,715.1863955040036
717.8713073946741,723.6467141800554
744.353256642234,751.3937308212777
743.3822173335633,774.2991076573958
697.2929968600273,689.0912352325778
742.4951264395587,753.8061963803925
701.5708502339525,744.9115226042992
742.144062425542,782.2917267570404
786.4769399464717,742.712930702636
762.8022463314471,709.2867135433069
726.0721415071763,769.7211062484446
721.0755639293405,758.1968650502865
746.6965651994127,741.3452326608937
759.0064641109807,688.0328036288552
753.0254088578669,788.4713440535546
748.8566518055896,769.1669015239385
687.6091560473844,753.3713118924611
704.3370817495115,772.7025493926834
739.0844157283875,761.1948029682769
708.0631217934472,768.0853181035995
746.6929987355495,767.4827360992398
737.370732954575,698.1063803500801
744.7517964956082,711.8342133288696
718.2031063212846,693.6170012829285
743.0332769102516,759.3058391634523
683.365334284889,769.7996706500147
658.0917866234304,771.9253582209906
708.5667890056716,731.2705413074689
670.4991042072946,757.6528215590791
680.5037773851941,737.3538825357475
694.8472554912969,720.5018290175913
728.7461795227712,728.5911176512839
662.6505437712148,750.4520604359665
722.0480610489678,743.6435030650138
743.8972330301422,735.5727779482935
703.9137714503925,752.6215516670633
725.082898070393,742.5169763901275
685.7978430384005,693.4201696800748
711.0513958038015,789.1551735648586
738.3945401093602,752.9289489438601
742.0141177841751,698.2480493482713
660.8445579164023,737.1828982014888
700.2132233459523,775.8860737759042
648.6741903742501,724.434490710386
742.7745270025847,785.4217957373769
719.3223127256795,696.5927936451632
750.321706954723,704.7426363165679
720.0385570328515,754.5901681021637
688.6355794677912,716.8740910592539
760.7979403783527,712.4325111475512
712.2112135160528,785.7428710039646
740.9723431443168,725.1183310437688
724.7359169702704,753.0390217757089
779.5468204581896,709.7160858450791
689.6773252025538,749.4916954842575
783.2384298404361,711.4817129007065
771.0274556119745,751.859281149154
754.2374251515832,775.9554636563954
773.9296485005326,716.6216917824473
753.9250834709154,723.6948197983672
771.512056963184,723.6764038131577
691.2084233920357,790.4728240128677
720.4774227592851,720.1007736616897
795.49442390423,770.1306167582479
779.7171692229304,766.9811302352892
763.8054218685086,739.6804228953001
747.6585444193178,776.1604424722717
700.8775403760661,718.9973515896792
773.991859770714,743.3915070241053
724.0872329283403,786.9124456937944
791.2729673354063,771.0691202644458
747.7715544090196,789.2379682840542
708.3059399000423,713.5520627273265
791.1304231224451,748.9466339102456
716.6163831845922,796.6043101798062
714.9913592066868,706.0098910859583
727.2058672621665,754.5714757522891
732.7331232734828,798.2652778690986
739.477782224275,791.5770421969168
747.0886364022296,737.16487411535
678.3539706424046,718.165991311785
727.0216596429841,771.8735604699494
710.8204903129249,735.6268903629482
720.7118754818446,806.3051652495454
694.3122089467203,737.7489975098464
750.0477183821793,790.9391739568108
689.1700336132659,775.9021759167173
698.912400919269,718.9831500975052
737.7566074709852,713.8142731645945
660.08033659287,757.509090241154
656.7160147707775,723.3782754559604
679.6733544919834,759.6929398829836
694.2749811595324,797.0564200378806
718.6045505263331,718.2756272398685
619.5594852836056,746.4062684354359
619.1088000465447,726.1382729600383
581.4658496841297,763.8158828837686
637.310157363836,758.2153596459383
581.1928178872647,713.120794081965
643.2230442598907,791.3920411371702
661.5326279315477,748.8804201199673
632.9472118655358,726.0431103249201
587.5896917495211,779.4026147765761
618.0130619824901,750.5915296238884
638.0956124144758,763.0177792899472
602.9170362910112,720.8788100698688
631.852077783162,723.6211181842305
609.7169739256192,793.0485036400312
609.2714094463428,797.447800792183
608.0241164475989,745.2236988402012
538.7785227397866,740.864727293588
531.253671946258,759.557468610889
517.2170834889043,718.2835982529549
517.7339140095326,727.4613672138458
500.78338077741165,707.0562112127332
532.7943584657226,702.6927449020047
498.772567740624,693.0441079926347
494.6842494941138,739.6467117084226
551.3329149209178,749.3949762736631
566.289425899074,699.7451247514807
546.9433111802687,764.5351490957462
534.2371004920514,727.8087616371594
551.3136400753731,718.9562675338732
541.5510445622357,686.349758461118
564.6518578723441,722.2028803113079
505.789302814587,716.0754577747828
537.76553236071,720.715980004343
542.1565725537641,677.1987324249974
512.4706459196506,754.1928220442148
568.9185008314232,681.1128205655934
562.869771433443,755.2804544879417
511.78389716333015,742.154441757234
499.1646708079999,758.1533552790511
527.3738764725265,759.8441210331416
538.8516438595901,676.4877071422106
534.827875890602,670.4066176950312
549.7967650794774,704.1215395473777
524.5341935389512,720.5837225925657
483.24211399108594,675.3938576038867
545.1868753003114,757.9948632026111
560.7367868687314,695.4680003885884
497.9899943973138,754.3487566905497
529.0198977701867,715.7444755466295
513.8610713426693,651.945182089219
506.717303052117,692.9435852415054
513.8542637523096,745.3365625990666
523.3706094622047,676.59567568896
541.7686609436665,659.3038330906634
553.1213552006229,723.4181344521678
508.056600093908,719.2302767283641
526.7636747860017,694.355242687426
551.442087412138,722.8515602073517
572.1558635974097,652.3605536089624
494.4496137079057,673.5159804590304
506.07436538803665,658.0400104357079
550.7464451296173,685.8598964868797
586.8790175063514,687.7985859596549
566.2109312348485,697.3943668975479
564.5761230003574,642.7035735035184
546.8220283405402,671.843226489102
583.876943020936,696.172257966056
530.3269012361716,724.7329741172985
556.1669051814631,687.0752475800952
605.2607903943492,680.6485840724815
516.4313154611406,657.9892847846619
527.9865184229947,676.9691671520917
566.9126424073323,681.1351937460521
533.1517459411122,699.6425519509769
591.2753462472785,717.4122082933186
549.5979031306259,721.7495689619483
542.4484171052931,643.8864230773527
553.0187896886104,726.0243044779182
537.2981299841977,654.9095412717319
576.2115669757925,659.5553136374562
593.6064746727733,638.2854521258682
556.461590747589,630.2707902538086
565.6710413689709,627.9032258722821
556.6685387045458,718.1073059188068
533.2510824131875,696.6863929915165
547.8016810185852,651.709457429543
545.3035901976077,622.6342752051805
547.3215744040498,652.9360321628124
609.8386904871655,642.631991051469
551.6885091346256,636.3742594450771
567.1665147802873,711.9778123440738
548.0994254785725,649.0947949622093
603.9828232773615,660.3439369983631
524.5337041795326,659.8278419602335
541.3262930234611,651.5778294306444
580.1447456083729,639.4426825834207
547.7986005399147,700.2480692567356
525.4801896134495,686.8743671258305
532.6222458337984,711.677616233618
504.32464515545263,642.4876213369415
530.523100360069,693.3102266935107
536.5859169764524,646.9516060529392
597.9538455740031,648.6581673775922
506.68956711064834,679.8958833677411
514.7998825499922,679.5444161852919
552.5432019694114,664.69593756331
586.2763370407043,685.3776454577678
533.3461482265628,665.84971366284
554.661426534503,673.6842914438512
561.9735886835077,655.209507158344
597.6563871162433,647.959134150547
545.1770081319278,721.7400552492525
509.8243451849857,756.7735744779156
570.1514585987667,658.6362849516141
500.7276103063789,726.9220709733147
551.3142807123278,717.4760686917853
564.3859251557682,678.1769247461945
493.9701804546489,711.4366526681818
513.0310843329291,699.6996760514321
530.5813723148543,737.2625090945294
516.3902015289002,691.9368621678299
489.9186079630161,670.5396076252904
509.294293934484,731.4370994045948
486.73611107363945,745.7039185895087
476.80872126961805,668.3520538784911
545.4633771718638,736.3039461322928
500.0988341328222,689.0708686991974
550.3180628509166,707.6056410517717
532.8731942561458,728.2311746907053
456.3186995686468,676.6512386583188
547.0973021519648,703.508325004093
525.0754381966129,737.2766817969116
505.20673370716617,725.5069025039486
487.8282333687886,758.0964573676029
463.14630097996337,765.6210703592591
488.5184682577792,693.7947836305398
475.76849097667775,694.5641033146997
502.2935650939256,742.3427169147841
473.745579846854,724.5518260200531
455.19719731178304,713.5479850335782
454.95431351779195,714.2670745028554
510.04198606969504,722.0039832091867
516.2343572414536,711.0324750910285
461.79932322428107,700.2034463670616
448.47332067225017,726.1877335754845
514.826818400879,733.4193822058351
523.262277305149,740.2469608227211
511.2832256018162,694.9724746843928
506.63360354680583,726.2947546025806
488.2017955329592,686.3449729674398
532.1573795206039,763.7254285877568
452.9180324116059,744.9127456905823
516.3862405359959,681.0520897256406
487.28093024886005,671.8052181512538
448.34970919198554,668.9018395187721
539.9565637104488,703.7817844673914
483.10947436642016,747.9410605778418
536.5466067456524,750.9019837453038
528.1045504671873,706.1036902009733
504.685176955196,761.7982646350374
528.1006086132331,744.2241017729539
491.1338859094931,747.8059097729472
482.8472943541286,755.8408859353164
480.87324410142554,729.9306254073172
473.1620450293284,717.7888674425866
454.9438790008737,683.0279532771439
473.53261570696617,752.9327177116994
461.9125423944805,734.3132198606565
443.46268995405615,714.482450159843
471.1439433376945,677.8187487518707
537.9543292154099,735.1882652465983
475.35518763814935,751.1396401000277
512.6737635307273,727.386944624209
523.9298654166475,710.2588820365231
496.8804114711521,696.6464856805582
472.85624094025536,662.1899400137521
510.7879575227657,657.1414436844483
517.9775198120658,714.1059035727594
453.8478503137774,647.8591363087517
451.76718716491166,645.4913108650095
522.22978752045,680.9165858340118
442.6833528266082,714.1963402184208
523.3666430881647,642.3424947745317
477.75942132289515,726.4626162385473
514.4613819857617,709.2957988673347
471.86961092575484,717.261143809996
471.22728975500684,705.0740246724281
464.08610527353375,687.9487474542045
452.15974969414026,688.2208710864676
447.99008101824745,647.1529619840321
490.36873710675883,709.1089556952707
450.4176667248673,656.5464839241512
456.90865660333793,695.1866014452017
510.854603200475,663.9543762137572
446.57596230801124,690.7175131409672
444.8645969354552,673.8944643690088
517.0443196235457,663.2390813581095
533.8692535192611,733.7968367753718
514.1149560296759,689.5259149893672
464.51020077420003,683.1043270153675
515.9825781338673,711.4318005401145
469.12884949275195,721.7243786367222
439.50491733064825,672.0753875705143
457.8450734120535,733.268528151102
533.9296380208593,685.4770328127618
522.4859157311414,709.2856214509513
505.1006328837276,683.1111310553381
472.5142466138777,638.2007216051072
467.51109186264625,708.1922289347835
446.44306108116245,719.6373797707034
481.28950382485544,651.5336949264163
454.7642391368314,656.9865856530198
512.6699944245955,695.6974353552908
424.64779808063935,708.3704631380651
422.8178419260502,733.4697929858958
514.2727869369292,739.5978270184386
465.13897225088266,658.0386718455421
458.3092605100135,651.7568038961025
424.0392065300896,707.6602870209254
438.90663863896924,692.8929131050598
475.4801412108643,712.7741973285488
485.22378831799153,709.7503332069865
427.2609438780666,676.1147669013142
444.1414969908692,696.360035685987
478.2800316437832,762.4556907721733
490.4741543229807,748.3989313239803
467.8411463644731,689.2387277594615
496.2842888679852,759.851884875606
413.33653286654015,762.9270751673293
413.8029348546295,719.6980714495559
408.86180124187666,723.7595655276051
439.334554545091,705.1673472396349
420.4427712708001,672.5482242268814
459.4927443092013,712.2684577436253
446.451379201354,726.9613077694912
475.1837421804965,700.6616635771271
411.9016808965396,707.0200183971328
427.78601581903035,665.36111249852
445.4794564743935,761.7784771942709
446.912938792344,685.9857053431938
476.1828084832705,691.0160672133145
406.57935088835757,696.4664780443422
461.10402060939685,709.6825278000626
399.0178390302503,685.1622212359938
397.5367647382723,747.9213723224075
410.79027227223287,743.9962858206812
453.59111629946744,674.2718343484748
406.1030428368114,742.9273394225786
463.7849766810341,737.3904274190566
413.60096632545753,721.290881511785
480.3198016536421,688.3651003259693
417.3147984678384,680.1420907683367
491.67105655094804,765.4873356303672
409.40855414035565,703.1457941723539
467.2021636416511,768.1282338095266
440.1690763311892,764.6632829407909
408.0558600216805,778.6636736136317
443.05043478821034,764.5595645786577
392.1830523835142,694.5064929510935
420.46884649430257,743.8093764655987
403.66263581952103,687.6292965254021
478.7195412889156,694.5310476185163
447.2167696802074,696.4633210668937
467.3337317989585,704.2180874589909
466.1350360057822,775.5716469980991
422.92963118244194,745.0682463755082
445.8732010734297,693.2474442300761
456.99300518764153,687.415219787907
473.73323227869344,734.1020361068446
388.75668543467,706.7910895931902
456.3961839938266,779.0397613901957
450.04814823712,687.2403252945155
445.7716158921279,695.6515170918362
451.4162239006415,691.8131676639437
470.14008660714086,703.8395624046079
393.9924719957933,732.4505263861045
386.3672869615127,702.8554851211836
452.6586762462078,773.9196479378425
390.03702278334254,720.4093581450155
404.1163559893722,756.5603949720149
456.3704327088318,735.4089846899469
465.1012273514589,744.3816610653599
440.2013912235002,682.1692872369304
437.7383919802101,723.1783102380427
446.5723850444731,760.3651077948239
384.6142907336767,740.5474194454035
391.28929746115773,711.3785057548074
427.6519927249735,692.360916140442
454.6087421393258,722.6350890830115
461.22484764498915,755.2901085505443
439.2367816911727,711.9083653272661
454.54984391227674,758.2331649218996
437.9477819994266,703.6056761157025
389.8713002375546,708.5767981176066
403.52430405941016,673.5166755162339
377.1280568286219,755.419391730922
439.23336964158887,705.6531210638748
404.4795236882526,702.3313324598176
420.4641009690749,708.5627304845151
456.3184811928717,698.9262288503952
440.42345744638317,660.6129808908105
407.7187895296074,736.2757308991961
462.720385844774,667.575342834298
445.8877997786114,739.7011100230319
411.35864922447286,632.9557003477355
388.46013367258684,650.7313889610818
422.3860607602267,626.3800224922899
434.79439170538507,717.567806177101
393.56177059156204,682.1821361555664
417.51452050917635,702.3042979165335
348.3089288485245,640.5141632456325
391.2696153196902,662.6139590083428
379.20816469568615,704.8544450424968
374.0650954536333,690.5414755569974
385.61503845240094,682.7279225366077
420.9306925438473,717.3152626728431
443.40835389319125,718.5527860331391
432.5293527475537,711.3048046326223
384.8744337868355,702.3784698092406
387.80829207113635,681.8925256251222
347.0571454057942,699.242329063124
384.3308665230714,660.8863426579187
399.51125359641543,678.621338376827
411.9767767519896,657.4057652057201
371.1406989556348,691.1795299873613
389.7528145005151,651.4486040012457
400.2731809312788,636.9721259985731
385.6758634511738,677.1004282057061
360.3571437867451,626.1856729856247
372.0999429331391,696.6834774936411
417.77479683015275,666.6663338863469
384.07513537795376,664.453563915101
431.6968254184838,679.867950599442
436.071067346071,614.7563643677165
359.3187459198854,675.4279504408478
417.6038887152923,673.1810422691856
461.8223861531028,641.6221257712332
384.49376134110656,656.3973935666988
372.2359733774143,705.6484186524541
417.8253072623626,653.8628877901407
415.20392337027897,727.707685197182
400.6683027498228,700.6113257534689
400.998678406536,640.5068709246356
383.8951094878149,719.8252634907666
391.9902252247964,720.2543770341636
430.33379706891833,679.159411360583
450.7902528712118,707.2793435173004
421.9100639910314,661.8440324299637
463.3999683842666,663.6834006104466
451.2914363883271,636.4264373927954
394.8425406662022,724.614667932034
371.31846779410427,639.3875529978172
462.60516947387475,665.0521178510626
465.9860177307667,646.9197229445756
445.88914998999405,691.2197241787609
444.9313824923429,682.2526668619762
465.92952705856055,695.0174143846576
459.71203294702053,733.2499614525266
426.2166178409748,713.267007017561
437.6857820321672,677.4527714989588
425.9812185096128,696.2782534534213
497.8303092279653,662.9455912520771
491.30331539812335,724.4023275973307
428.0752978995172,732.7767895888111
481.4143591777682,722.7227364133926
509.9139820020537,647.8350718139241
518.5707133302288,717.3269743598188
453.55207789406353,664.8495322601804
538.4182451194305,733.8308927860825
461.0604194184324,716.5748582901285
486.2648486235746,675.7656964900852
451.8395457711477,732.7866482591114
510.3597928977042,699.9783838179083
481.48063152903944,691.714410810015
489.01300858394643,730.8729739592808
537.8725263925573,662.0893485825605
453.66788867898924,689.2710196203528
512.8933012172855,686.1622452746791
480.0595819563183,686.4069217646503
512.7317321684981,711.739702038121
458.176693305058,696.4543053998947
516.3925379775003,693.3663268035384
459.6364169405824,724.4872155766224
548.0145989331961,655.6394808648449
516.7405649466178,640.1594404340182
457.4093908004535,723.2064581965271
452.96321975701267,736.3735780775817
457.00371643664903,736.7030346056868
510.2699183153453,729.317595456969
500.9599349199878,667.1611547196878
546.4438426543551,705.6631305648996
507.862838389257,638.756191595543
524.4737290992697,709.4775151871047
478.52556803066574,654.1675454606218
467.92203799062077,666.362332975894
510.5738287880662,667.0310506473509
518.6164875964745,688.8664783083076
512.283069919648,667.796714730317
510.8425451809436,708.7137957469374
475.42740297732274,720.3393029628163
524.820738697652,623.1887962151424
484.13935406309486,717.3411773027041
492.66286421777005,712.9828701570741
498.0171812356148,715.802917700034
534.6625215122418,712.3593709112366
481.67355659905365,710.4798840148881
481.0834098583821,633.340494629746
462.9455507845471,648.7480196151079
459.5918328584738,661.4123552777497
484.81222156914544,630.806223184039
480.8147414985129,721.8855628400539
483.0172957620752,628.1649416826441
507.73537158284,646.7866304511093
515.1764493770506,693.3547707300297
466.85908538233235,672.648120214675
474.7641187077542,627.3927071703181
484.6895118248858,647.0056488662359
472.41759166709664,701.2111010876348
463.0074744097484,640.1042928591946
471.10639898743455,649.8508022340208
482.3567732295253,630.5347685744133
435.90685971415314,632.0448888008392
498.3477759275923,655.0661773559823
530.5488919060438,629.5199409754397
436.2157022060322,642.6082182160646
474.8973922951262,691.9323674463448
475.8482084157305,627.3404086265105
435.34875035916514,666.7348389017022
442.7295973162901,610.2053859967458
448.62359066068615,642.636025176099
476.14098193826186,664.627768448409
433.34197561666474,697.4159725035
451.50849124006214,685.0698740391501
501.1052384270499,687.1895364156946
458.9789894833519,614.7756342197112
495.5871276163849,631.9665038445669
496.6785559758811,680.0485304183785
522.9571186308858,630.5313159578476
486.3604205936074,699.8087276042384
493.46905151618483,618.0360298244531
460.92053244645956,677.8647674989462
498.59749598775306,621.0180132024474
481.98262340499025,699.2365578859273
524.9420818227769,655.330073984774
480.01908072409367,634.2142173398338
464.34439358106175,683.9212613656636
505.7583810726915,617.5958365006003
431.9096206704882,648.2171350593255
568.3703675272226,652.296913396647
546.4665475072283,685.0063455244701
552.1614551478639,702.0815879454091
560.8839136589175,689.7627018339687
556.6670928216383,637.381914131084
569.1525630703577,664.0658459527756
537.7834875890957,614.2974672445256
527.8377875929905,623.6090145153324
532.1488082699691,627.7897185328043
487.40794089951123,657.8489758633064
546.7408527240977,613.7730699191394
481.92665636153686,710.6915223279004
541.457679298351,664.5075500851112
518.8399619667211,660.4215370178079
496.92220746727753,653.8980436370829
560.8610939919959,678.4136200091061
601.5815500707918,638.6628574193679
536.2084873148733,671.6115706351976
534.4964699024927,624.1542670668148
532.0771383332484,667.0540813868497
596.5208849663961,651.3997117666296
613.8264081432012,654.9111635129756
628.2718641868499,689.833671101771
572.822695312086,700.7266267710667
562.7554346152215,713.7708612633869
606.9608960663537,624.1868620085319
573.9660623209659,695.1997148204823
614.0992788580884,655.7546396741067
623.3492391145215,662.3229624248439
594.5869879430869,699.246421319312
558.8484011056947,623.4359617071854
598.731590004528,638.5348228871909
539.4426151379599,687.2430461832723
582.8163158968209,622.5224753568571
560.9905300190906,706.3263405258948
541.95368121941,677.8318846360786
580.0011702793379,658.1107384617569
539.2979355720794,656.6635804968912
567.2135387848155,619.7915649904262
554.6227711059029,702.9349236978894
543.062741873062,651.1238538801655
538.2141848655837,653.6022273386583
554.5918447547435,713.9230627807872
601.7215019266655,662.0103843077209
588.6025416988475,639.6555133956797
538.7756574511023,674.1502465365899
571.9801964590018,681.3511771033009
540.7027691464999,656.1850323065819
543.6856164669725,688.0665745227581
543.5399011216036,684.3660374151436
593.7476721401047,686.4475113800135
565.6988085283128,640.3745126597635
517.694924723005,656.2691309046302
555.6703309730091,687.3822774555938
502.03789068383657,612.5686992787689
539.6977228383844,631.7183575738532
513.3709093964857,684.9033608814703
577.0481003898203,647.5068547707499
556.1034720202499,658.3513843034301
566.3791119236448,655.946722605385
544.7308139905277,620.3131843326298
539.317524781004,622.9305414349333
577.6256507449971,648.8293350091561
512.1371514601948,683.1854289303695
517.965580695052,677.5188696550397
507.0836821940187,657.3214180211634
539.2279447661647,628.1622099745791
498.19843218809956,590.5854167710427
498.1938860598566,614.4928395750313
507.85758969083975,682.086856543524
493.9819292317711,678.9398824410696
478.704830538491,615.221539279286
475.1057575194089,591.4610491308802
517.7813253441042,682.9475066364517
506.9834390199468,647.3049819112792
466.2935150870475,686.3881455310362
461.6601775106839,644.6975244644533
497.1924158101205,619.1613878402994
455.12768730734786,608.9174412102481
516.3394567979133,634.7524304264846
475.0259673891159,679.1001523734396
444.74857086387794,608.9841472558945
490.6049701474236,657.8874075418863
455.7584413015069,653.6727889343229
458.359761321049,583.206092267484
533.816976049203,626.3288845743732
507.79735906797447,657.9751257020366
524.2325178115203,647.9449624888096
500.87118550188626,613.2366333102968
454.9896859805457,628.0288125325218
527.2604196823116,656.1604631742365
523.2920917707138,671.6587014494673
483.87612917072227,622.9131588307523
440.0639235019279,662.1805413195817
480.83258329423205,589.8687465908849
474.67195993365175,663.4262571241748
503.28833468407754,666.1406442463116
530.4560252473921,619.1077549894462
536.0698390082871,651.3355202195548
447.36929510024004,640.9193729304292
538.2638749287264,618.426501641679
445.20659034651896,601.7775415313391
504.96536393064116,607.1799498887774
538.4259441228244,646.2534874408907
441.2564077472305,586.4756044864682
454.9398823688659,616.086109781538
445.2983164046368,661.5709518731151
511.1033671894386,671.4780019422797
478.4284753537516,661.889339249068
513.589698759473,597.0977037941793
444.08796481803597,582.2305759516664
521.5020189524867,624.5463932865171
535.2252424855391,563.3799433002908
535.0974869435837,644.7605105953539
556.5923313839064,652.9976228500877
544.9287261593829,630.1162374455733
523.7795582981421,650.7181106904291
465.9933052219613,624.6164827212174
497.37821558107777,656.9478301809972
512.9785791917161,599.5544735582512
465.0608338309084,581.8476757874097
518.5387992153492,636.836252370646
508.87304544573897,659.2535816614511
502.54247628264415,648.4340278729777
485.32883612605224,633.6838511517292
546.1440951103403,650.3458954699767
535.0386329665731,627.0961061853255
469.7791017968068,589.3441699965936
558.1163445190566,632.9118441857775
523.6228904260071,646.1807918552931
485.08116141991195,620.8411321764808
505.0203246387629,649.9034738099858
490.0278932074384,600.1938415410325
561.7750240703399,594.7178504854322
548.4682363825175,651.02260906481
536.0800809633267,624.4981035329454
570.8781677635177,568.7284303191201
507.2328471146405,572.9480569306475
527.0271140755203,613.1027019229258
502.26183631814774,569.2012124381683
535.4571526357216,586.2552566193615
477.26248360687157,570.796589291077
484.98830282290515,640.8503489065074
510.6799272293273,621.8638738274254
488.38309177264523,611.8556092722351
546.0986928055521,639.6315448093306
561.0854619121428,593.4599555199761
549.6646371308749,639.3272177977008
498.02080413487204,652.4399716225681
478.2809081902886,647.167222304143
543.6354803127874,568.4666011733723
487.4461658896876,651.565513087098
480.9317009416205,613.4505772133022
545.5679005506651,622.7409114380376
554.5668195394917,579.1142032214399
515.8510646831261,627.549013715699
502.91194097704647,603.7563087908078
545.2248934035745,597.1628746809255
476.14844818884575,600.4999470825762
470.0123887438531,569.3894507614061
298.492179929191,259.93624912689927
277.25938315270395,314.4152348392457
329.20342082188427,305.2987778995051
298.5847302467216,254.11279472063592
299.5788862222691,253.34173478792408
283.3596338731272,227.97144693539522
326.24820834293894,226.7889434652324
345.05374379792494,307.31348588075764
314.6718275394265,316.3665449649772
262.210002285247,295.39435499363594
293.6270321863024,264.12357781454006
253.11014275464044,287.8641937720888
289.08663426641493,221.75969335889553
348.4938883306358,219.0823957103015
315.0549418997666,276.09426457810355
251.04893931752272,274.292265288415
254.79492283636404,313.2072756843929
295.4980317942489,285.26802578992647
268.903106240858,258.9093208300217
274.05767513338924,222.42956523808488
273.3717321615082,279.5339974948009
363.4128699702175,294.0330169534202
272.1395790423865,303.8585853090857
290.0131902711412,252.14179229968374
338.0419624837072,306.60258866981167
291.7381127417679,295.631903968204
264.42265423962215,240.57197096136827
326.69640108549197,226.63716189698744
350.55603731030766,215.6756766412396
342.4160904495246,215.09275285358632
336.59352652794087,291.16202597022266
311.5853526725367,253.88852555438342
279.050662760795,235.3464430914415
315.14956274851704,280.42412579314885
349.9291908650603,213.07533751772624
385.0532309076872,288.3715524452032
403.6731585978823,218.1277745620815
354.80620210789874,268.6482275857071
395.80340184893794,287.47746742872243
335.58654409384314,221.94055582149855
382.5565537853755,202.39684466912698
354.99607155178415,279.16531632835733
390.79016030630146,213.39153238432067
399.48600359631564,277.83587225785857
400.9612288756034,288.1359482829004
344.86291676030004,194.3675519969974
348.7246204592407,259.899629005784
385.2094672404641,275.4619170649831
356.3398405927183,248.178111480467
387.35455907619445,193.7722027076282
413.9040585750706,216.9293354812125
404.7444639630352,257.85351042285265
401.4920007047173,224.42190969307464
357.3813655769219,233.72374472304932
363.75448884632203,266.76444223243175
330.13983572180456,254.64613188898494
363.12416719999715,283.42502297085053
319.75330891668494,273.0701339275227
321.5122471440385,194.626318151462
392.7742590901416,210.07993072126652
369.5984996644911,205.67070535569883
347.6749072932698,213.0964928645082
404.1684968248986,207.6966420043073
336.74241173739483,194.4741123277792
364.557011064644,220.9979080716276
377.56100990509685,234.0245684857322
323.9235792305409,238.1177647339634
312.3652261363988,279.55582837166315
358.0133851315126,224.4459503262679
298.0592518212423,214.49822381824103
359.26538227958866,271.527425179003
341.94830769606006,280.2176651008767
304.45202730219046,265.9071204834744
367.47836327824126,294.1888386245022
332.93386541032703,283.357461213369
341.01853298182135,232.88628050991252
329.140963669182,246.7898077002689
386.1648805783702,226.10030424732307
303.9549587446581,292.2215040050555
354.00972224728037,296.51699006710265
317.99109424642944,209.6256687993506
291.5325463284936,277.7793657210348
273.0418453513013,321.298362790372
242.2528077788067,278.7382393428276
332.2355391102399,314.1177064474969
332.19962749561864,285.9747176902433
309.9723091423583,304.8897293011394
236.17996708385465,293.3211104220255
304.1128032222124,336.2889928888291
247.51327169046408,260.5313675704551
271.91543669377586,257.9544376369246
255.2032908645096,269.8477637729796
305.69132764083724,257.79034656813525
238.60122205827213,259.1202396489954
288.6291381814015,256.1831910899848
314.84551559220114,339.05546404589774
308.2651727383599,259.95462343931575
268.74420557951487,308.6005932525561
294.2242794479513,344.6036522717902
231.41171017825587,298.886380537332
264.6290003836032,286.8667389451547
207.12192467532535,292.02137927286776
203.59346669385053,312.73524389529325
280.2300478541252,287.6551586414176
240.38486734561675,273.1031631184819
293.044923221593,300.68378606223365
282.06278600855273,346.6197546625974
247.88440674526794,328.29297094447577
265.9821034582191,274.7281031348499
286.5532367029182,327.9879726503718
256.2710771062732,312.34464847487345
300.80279206209445,350.6349513141034
293.2122191484036,263.6293876446747
252.32300357990857,251.71099737409494
235.73062544543538,269.27929740088626
279.3198240398625,315.1127185903945
228.0003062430899,325.1118449973442
254.67204944714973,281.69278284422103
297.8457191250679,255.37848376921642
223.28816958336546,298.2986037546775
260.05803700633135,256.58817515655676
211.4764948544505,306.5816503431188
296.8235463184393,278.3320447787455
258.9641859058364,237.0204533884313
293.3532803646191,260.9825081305293
271.2418715770967,282.96358885731604
231.08322692388975,238.9218398705088
254.7097398878909,266.85352567864663
246.4801890679774,229.23637350831814
248.8093430686356,196.66542991633807
243.30809532283664,274.4281919063387
250.99550733126463,216.34992774366503
248.99643890849018,187.27883424853644
219.01396138121365,231.31472148534868
291.39368961923753,261.00249139391195
267.03184356064133,240.82700776732477
243.00630244296667,265.870708844014
283.2066865030218,189.22633751439827
241.83954509488035,210.37517107983913
273.7554712628905,198.20016078620958
217.75623034679694,195.1021674028886
243.9015189321739,272.6166683451946
270.42629308688475,264.2350047188375
214.7821581486189,261.00756254655164
256.27480299088415,193.59591153907638
222.30094301685162,265.84795451235374
237.87212784635108,260.5175618200043
258.9584256569541,262.20303897350016
205.68411723356684,226.0047092068174
282.7071713687877,174.93296172252138
216.18342308441137,219.7400228897443
269.005395541271,251.9794952253533
260.53501926046243,229.8955100744916
285.2488990203257,183.14851667974665
269.66947144092273,194.64897467078362
236.78140475702477,250.47762382404028
277.85923336677854,238.27645301136823
224.20994465516165,205.47078602122116
216.49790501104036,195.3656828369502
231.50572773953706,176.7485849557649
233.35254896397663,174.2545440759822
240.4647215066449,182.90464095919137
230.077999038764,198.49234130677803
231.3484289430527,169.3581252176113
245.57492739329834,191.82840518638187
245.9234807769841,176.8512693607717
233.12694599656007,198.54660795440267
260.23682895363953,220.27268632590528
285.23925102737513,228.0928611675107
236.4341944879873,244.13769161196447
228.15774982511616,218.0979765061952
296.92902933452586,254.62633570586763
269.0200992477364,225.80379123390824
231.60871394031105,189.74153918829117
206.0380161441183,245.26306161403562
296.7811478147456,199.45839077734252
251.75893561496179,227.236655150161
231.8744136106955,223.6682139080388
236.1669464120031,228.8990312088248
248.26966217179648,161.62714303425383
313.6486335526108,210.5025777945142
238.70639296129804,227.1742398411577
315.97616809391434,220.59161600628514
309.4723516421733,241.0060152006219
228.48073183370337,184.25483991129957
238.23492932627835,187.69201609249114
303.7211159755627,167.12133871485753
260.224980369235,202.6468966783706
267.7647591699218,173.57269222187534
283.13339373234965,194.66520038088458
308.74828274519245,217.79153766505564
310.5871069136037,220.8198321640882
279.3583226023407,170.4193975097609
259.36156325558386,205.09355683696148
285.8642984851576,175.39231669570347
274.3463762615092,198.52394510567723
272.90754740023976,211.95436679505104
334.05495318476767,172.24476186385942
332.62849608042205,214.22836811109582
249.1032999089831,221.81215970303884
250.22515104341053,261.6926349288464
332.9277386499995,182.20792411813846
282.9900066678782,242.74214208351043
258.99639457909706,207.65227667459774
346.799743802425,180.47649330196487
330.49603930621186,199.50118580378813
330.1277450766677,240.79098466081595
295.8326342238953,164.5336922083249
289.05226652080415,241.61808535264115
308.77227007715965,249.67084461948014
316.3207136630285,267.52988752966337
279.9712104449656,198.78342062349165
282.11364408759306,244.2516118866482
291.7383929914048,239.4609160683217
323.1696996122631,256.97768194627133
291.7555626134479,217.2038293729359
354.73733262563115,285.48718684097463
289.35215891584005,220.491345064254
300.58780378803624,214.27654681968826
304.4334858589083,224.70800244470783
342.2332869586451,234.34368597760925
313.7266791064025,264.348203639708
311.98855657217206,248.03491018293542
344.00436141424996,192.08177779070814
318.8533000309973,228.71049412693245
297.9178161990757,246.29617338908506
382.52570897472896,259.0902345358412
326.64612139174193,311.7660287497588
372.2552725931422,313.14902948120323
331.7661269095747,319.0589721659379
314.0579951164097,228.91341639067844
377.02233151743474,311.1947741494557
330.01338121378245,239.94678958138064
291.62321988941903,272.6551882290854
290.0001444343808,303.2212705758435
354.59987069057087,257.43917527094663
348.61185975728404,258.21916837842576
323.0032620565984,245.06635426548078
297.1916314920102,252.4940250876221
380.13159282073116,228.22212745314494
300.6490014787541,295.97821725749463
329.45151044718,306.6163682377701
308.16183397549787,324.6481182419504
285.11822618198653,263.3475009553072
296.4422747204837,302.2638152645433
290.66566081925043,264.87697041594316
334.2842707899309,334.2860047251928
355.44520304745294,291.54017369585534
312.8833293398218,320.06056297731965
345.9207962226008,316.73315345388903
325.7714710660511,265.24632668220994
352.16926703264204,335.3522014935797
302.9856831497371,266.58996764497283
341.55281923387804,251.5187429989594
272.24390043298393,249.65227365894293
365.8226069379413,291.98363902050505
325.29540809772453,261.4981160341428
239.41401448987503,236.2777139710046
306.75179517812154,240.3793529019992
295.5852880657776,275.83522030829647
293.3466710471489,306.6705547911713
294.65204958608666,307.7278200822261
301.63626110783804,298.5547475597347
292.4073769448919,290.00115890900986
308.3306092899521,291.6018339228006
293.7512078694627,251.27833163708667
240.71588724563955,291.3493717414097
270.12274152455456,278.2883924214654
253.91490192729452,267.0429279998101
307.59839627530795,312.15707167468963
271.09722453574557,258.95160239811275
258.68397216827935,324.96130057343134
253.9733497586261,241.44872303795464
241.73132587332574,243.57259664613576
306.4573508238707,245.72979792699022
286.6654952763451,283.9235630616914
238.67731839799967,272.18571706546663
296.7955365840453,300.3546684493291
242.77072929257793,320.7532863276719
311.1427579328197,305.22345176096803
253.13176287121473,272.9376700031037
313.93636404500353,288.4215437416616
308.186473703425,251.93985963612067
301.0495194370444,301.15882513495205
317.78254417504064,300.28699154442404
302.01372223171677,243.01672630981363
290.4277248994705,283.04853417045933
281.572441274376,226.9486020827805
256.54189973813544,244.9605172857037
252.20466007136847,297.5431342183394
295.86579309338515,212.75952701531642
293.08379362806977,252.3596114651075
276.8753096181201,210.41768397535716
268.67671367819844,239.75091103503814
324.4819637184757,224.36137425034752
257.7825458943912,207.4899701517096
296.0487366236006,292.72320665635056
316.6501850808494,236.03539582245463
313.15879455863535,209.67506538323468
286.7051755375138,287.3911996836338
256.4206990188436,241.34573410608562
237.27653259862592,280.96551573675083
294.4850758700486,292.62960277912947
230.86630338492387,246.03660507538854
266.5452317859158,279.9213374099427
250.68889909457357,214.69365201114567
312.6230096423749,253.72923409205345
335.4483509507002,294.33549520470694
318.32089754739434,253.34536965983244
285.30286672841726,210.23255121156745
346.6710135041376,244.8039447829788
338.99123723991323,237.30031015347305
296.726672811335,254.67347499192135
294.13449816184647,229.30429420597844
264.2680888755603,223.6196202226982
276.2792312635356,238.42789105839364
346.35147152637455,268.0598224534633
268.2758355652449,211.98308204315714
277.2902475356707,233.973595287383
308.0246494988192,291.07892347178836
318.98139859877153,220.3637808495564
365.72269155675247,240.695974504062
377.07962994506715,244.3249979557082
375.72310617309233,299.49724951406745
326.51341947046353,232.49367655302518
382.5627267023917,289.11300676002253
366.6455348382017,295.1350033186104
302.9215935201262,296.76892885554446
352.2471374742568,257.1646510656461
370.98990867119034,299.8610787119625
372.4750972112403,292.9115429314277
300.39826213179174,231.10445140804836
302.1400533588361,232.91347169899285
384.1444664774074,252.14082234178477
370.0546261931844,261.816773372796
351.41124592169064,225.18753901159104
320.12785420080877,259.6180856567684
415.9643363755433,291.6892017946684
418.6727562594692,228.20241306594707
432.3908867701104,226.30653900496768
434.34251782858655,281.563463615433
454.90606745613184,235.6975438827958
442.65427638450274,242.1882212365536
499.0774173285321,241.4933628229039
421.9727469762274,249.14007271533134
480.61476264108626,272.1945597777237
437.23644603808197,262.5207554550276
463.73397054534837,257.7692908098916
474.96736153277726,292.32241178087656
422.73502600107275,211.84429807420756
457.9891619949816,279.3551618840085
462.1220198757931,271.3459395793176
472.1521911578497,228.75371011105653
762.4549089957753,157.56578525978028
678.9826174681775,169.35819776219398
764.1096099288945,175.77821856979864
716.2701385714972,83.26890098053136
740.540675549122,175.69103310786124
679.3094243197822,107.53212947639688
760.951859325449,85.7582219553949
757.2236384636153,127.45382443945573
693.6718839638953,82.01123950305703
771.4085125384328,178.51693088117696
677.2246208405977,155.4189050216625
746.1120653535721,109.36863418630068
762.4840045841452,164.25863131324616
744.1043691254134,97.11081330916345
774.0012434324565,146.6884751357415
754.7753162381408,98.65173106594095
766.77741996141,130.3730075585761
759.1236487939572,135.74430539720402
750.4941815295582,84.22888070854887
739.2356208827268,174.79651684165697
688.896185663845,138.61895805496312
764.0760627478062,86.41404220659624
757.2388669605077,127.6064195405344
750.4464386535774,134.13241436957045
768.8659005577277,95.71510288460013
738.9567595530988,147.58378214404866
705.8585896123091,144.37958870155046
720.3677275258405,172.70732825294147
745.3118043320088,117.52985555215214
705.1141239553374,128.41413614096663
734.3114543857876,129.36213069209174
748.1140107665825,90.37913168664565
691.3970847291748,174.76259031575904
737.3986526643745,136.86119129083932
694.7096889364539,154.29800728450726
696.3456826366257,101.31771318657486
676.4102339264423,104.27892824960617
720.6852685271133,124.05946493389766
737.6962222873293,83.1405707998951
653.3176596597202,172.11301065968917
673.4305938777594,178.89650724828817
678.8406177446108,134.56959912405773
653.4440543644091,162.16330958987288
738.5467587719387,175.96028286971745
688.6975608400861,108.44630339606854
697.819296864512,102.97698605246961
751.3683312177841,138.69538714383646
718.6571308813482,177.07919242164724
751.5780468224672,101.62500318304362
656.9295550140988,193.0396635421972
700.7608800663745,134.7143374560989
687.8947431479799,183.76386140686435
715.5574214944127,126.700972957809
629.8083435622314,195.04462076103502
658.9317623608075,190.4995435972697
631.2062792922678,133.3418548965572
675.4877255142626,190.0418388247078
680.0998802002523,189.46778547581619
642.4595090661865,186.68402989134358
651.2753346591865,159.4240442257919
709.7893588129264,116.58557442558117
716.8118466013761,186.93027912789887
644.9112555196865,140.65375548219598
633.4785112706126,171.06227366404642
646.920307957859,199.7223914668059
657.8841430777653,179.8005005964359
635.8745057134213,169.985351670603
676.5920583258878,165.25415039853817
712.9347848922723,186.94870321280794
717.5597080774405,163.2683712665646
723.3584953361934,221.95996859005174
693.4091213486655,189.97394566423452
669.9945003097821,181.82541071549548
669.7325738829563,228.52931822852742
699.3095453674835,176.48467327975655
719.7265998573196,163.3466675412763
710.2064997529999,153.94651208777688
639.905837823408,175.58201578259417
686.407072948257,235.01037526580043
671.1156064186163,158.06494722720595
706.3482929666069,155.31027386537255
663.5728342383522,155.81731780188176
690.2009991471542,156.57136245502164
723.2312657779221,166.521799130239
745.7356271214011,191.61469255602591
708.5678214151213,169.49905652814124
677.6901008824606,160.17881771973546
654.3998797597668,179.61066375922888
694.3348820815828,159.62840502649243
732.2780339061147,253.07844179562176
733.0898872158434,231.61993757528302
736.5242236862213,182.6780855493388
660.5454211582821,235.85087682254184
694.6203892270937,202.11871073019728
733.549119855716,180.7857441732147
716.6355398644846,192.35733006241247
714.1112608024406,174.51107711808524
772.6308368684943,227.64087982077237
756.902698264644,190.90307398549615
744.9602171610012,167.5902821567144
742.2857203347061,158.07401474736108
728.6255847448309,184.95610621241826
704.6782871979373,148.03653644662674
742.5009943359421,224.62249650858473
734.8872537674564,237.63272410973184
740.171654299072,180.03479212021696
682.1685595676315,172.69032998563708
699.2601588584496,149.78270309975753
695.7491665442269,177.4375410601944
685.0630749008632,180.30542792446477
679.3108782772995,205.63690503579855
701.2418332321294,239.84551354241194
723.4075797278888,238.27308810661359
765.1113201801371,192.52334177687777
703.5807314187065,141.05345525770664
682.550567519982,138.8499348887943
705.7866690023448,127.43167157975913
729.1776453487163,201.55186202420134
742.5931768659294,188.9567361604378
691.3534978276382,175.38486949911095
754.5007100433828,147.32283611610683
749.8065808703507,134.41429078372957
700.1589799414887,197.26692759386935
724.517428335371,152.96906854432888
718.0382618729618,203.72462391201861
776.0481130871059,201.04397176064367
712.1519168569218,129.0420147072469
776.7868327238251,210.6766405623565
740.9942814306357,122.3748509099095
711.6894880305474,171.59847173185452
758.7672997167319,182.93700783037775
735.0942471679729,181.59921846910996
711.9194147998188,168.56935595767004
732.0481022658975,196.41993485300543
696.7279179202573,129.70977651872929
730.1033359376358,146.01289967540876
767.9256188270292,157.64097360747388
695.4601329018097,152.65666131054434
711.9102833468395,183.82701841864719
723.7137846519108,144.81796050299948
753.5620302888768,199.45195468992097
690.2686891601053,137.30392154194337
761.2238209092536,158.76510319796998
764.3005170698649,189.89230575984737
733.1946616707788,137.29587637890026
676.7996908060709,142.05871497051942
737.545371333707,163.60773083492097
724.5248681358773,133.39330552523822
684.7457719152151,167.18001385556346
690.8532545321248,119.75720707907755
711.3451771688456,197.95518440562196
725.3698467267045,174.986087272099
649.5338647079932,120.05002263240667
653.7219425478409,185.4961378551685
744.9026203357168,124.57203702396293
649.3374295102453,179.3668273785074
656.1539625772062,169.5306477592115
689.4337462838768,168.35811738789909
715.5070714057962,194.2826085569318
709.4923978633012,206.99888845105346
674.7862378953578,176.94866710255621
674.2952711347165,143.4815210343486
692.3673383956382,181.05059962667008
623.1351266788611,172.85986911980953
635.6222166624293,194.07091520142967
706.3253074546384,150.57079593424416
663.743883706239,168.37309723859772
630.7102801201901,143.01892266028227
655.5530702715143,197.22871586741024
699.786912477597,212.32039407615963
635.4952733320592,205.12529970098376
674.2873567615829,177.80631951640942
685.3090312502209,131.23942227063398
718.3952731286779,150.5834629883851
690.2654919866383,209.86738346138748
690.29274235602,218.84303520257055
691.7227790714912,175.08766770651172
617.6595625697026,224.92927565886214
606.2143474534275,239.9569958503087
611.3308046355463,170.85423013966403
627.2009903417837,155.2024524375155
625.9254875782774,217.40424361949576
689.386789205748,199.06611641065854
629.4814561377649,246.3774145207754
697.0942828782476,161.73896881631958
694.6475733243971,204.7197046642802
656.6749356209644,166.20007675497774
681.2139775696494,226.40157321073224
618.6387612641468,209.59956667280227
604.7654825861621,198.54277719708972
608.9125870462855,186.361701944127
627.7333603137586,156.7984540869268
692.3545612204796,212.5214202617883
681.8769777263885,193.9847221238898
662.3814982416487,176.2628527683663
619.7144495916805,232.32709761841818
678.2036922257803,207.2684433900307
613.2916634678618,247.44284471050335
651.5534962321051,190.04714890174594
676.3632077881492,175.74738988553665
673.8039168963817,217.7443612388347
694.4424699876353,160.17680876067223
615.679202302651,169.78727613591263
603.0551698788609,203.31718996813981
668.0303588727263,233.42095266733924
605.8176538777938,208.50563383390954
687.8267067709523,168.56782615717663
668.5555174296733,208.3426009802152
681.2711191610671,243.3987015889837
599.3039149692528,241.42771157384558
616.3730966598788,163.0888912848756
595.8281835717388,167.84240062943155
638.6255100313426,185.40274336905327
675.8005240961141,187.30727449890145
667.1686161830897,248.09764110510235
633.5725220450416,248.15347862543064
653.4237048665539,220.9136063442337
588.6708400907391,174.25596517360572
607.7313566782182,170.49765245729714
647.0379518136489,207.18404950885727
655.5483564282567,196.91502073004654
594.1855210095844,223.70108528023837
654.3460964718021,236.25394438064768
665.5708080474718,221.59947120416462
616.4601765988632,243.30984517037166
614.7053804911864,160.67563587446335
625.019844346871,183.01463551355752
629.0797299649781,178.65588919300538
612.697936518388,192.60486715337495
633.9047015257835,191.51904019018352
542.836913294062,153.2863107576904
585.1571550162425,251.2797580428241
623.1432788684109,158.1145006378402
639.3227580821456,197.22958592992444
568.0073066382008,225.78257100775363
626.6308361805795,230.7851016409466
563.0786444485545,231.06920679281768
594.9380268546417,159.38523297387638
552.0023337330524,158.07374098555724
599.7011759718295,174.72044051464786
585.7225675825658,206.45149024847476
631.3644787877909,168.0289482135173
532.4602349724989,142.50784066053853
575.4324060205229,179.42911545019712
610.4040084733374,213.32207229148133
544.3037505687755,170.82942762918583
589.016934222451,221.81597234879845
556.2841349541353,151.74192062101355
544.8109360674931,135.10539697022108
592.2352607267187,177.25130248197078
622.2992955805357,134.1745279561432
565.8481884655904,170.6778412705365
536.5055457769873,226.45093540417992
582.6418853780121,183.8032345138296
611.6130042324111,204.84765221536514
543.5597106218105,137.6398264897828
565.1370895454165,202.68776718120353
655.5980390919959,119.46318184836814
610.5039254094448,167.82287291519532
615.2794412401119,133.82927489723673
568.4555557123658,189.68552333928403
592.6610918238487,117.53770341297276
644.7804006489816,170.51137217811055
583.0422302951599,127.49727775489075
623.1714158112139,192.2462650336837
641.8572448866756,122.64914228146336
633.1147069726767,115.0555201889494
581.39799375198,189.81883343498137
605.6306439623321,115.38564444725696
622.8409799228139,172.856388163034
607.207049787962,140.77839143107593
592.341013877153,127.31969193597698
563.5273226088332,138.95841865182163
668.9307571689283,138.16056988053305
709.012694401171,170.5275995629686
664.5581739415644,148.83760563513417
682.4130620170192,101.64544661510276
636.0479749226075,176.2634848003438
626.6563009501725,139.3274160720464
704.4185054947028,149.5062289632909
666.6665365801421,129.49905143043588
644.3743216004422,131.3524795038157
633.7619263423502,188.6185188995882
700.3934231979106,141.9166643471497
677.3964517458618,113.59079982359182
694.0114122277929,185.92798011771413
614.7298795337757,138.6654639675357
651.5545257407348,108.49327561365911
614.1147024930274,102.26778186709134
768.4219430871406,180.85338580826746
729.175836447931,160.20107903190774
742.4670076387971,148.76893111829355
752.0344716598977,210.36663899999814
749.7582889587333,138.06773646977138
723.3911252001972,134.72928300305102
728.565760774921,222.01562936591785
694.4603587127142,155.19598797407042
741.9927064098563,181.96976948998827
747.6242476377791,165.85791878306947
737.4059624561933,215.37570476497518
690.7176018721888,222.08344001607142
687.9696260797243,152.05799202822553
730.2568021958965,152.55543023068594
733.2547510915235,124.42015387260585
698.8906982466445,183.5851284374113
782.768507410393,173.58286405057905
722.9968526584579,251.5596220667254
736.0027886227839,193.7924201970323
794.9053294081066,210.7401348186666
696.1136485267709,160.40598326710824
735.073688044999,165.57538107030223
731.9586370869578,203.9351932615749
788.1476295047789,155.7614603504454
752.3944676693058,222.41361680362314
794.5207704261817,182.37922395253938
791.5501386051368,201.27287581983362
710.2028525143378,238.68421754797185
735.8002551664275,196.3960256882781
729.0010160747718,182.8449378833434
699.0223451890256,161.6323680002121
723.8677932249323,211.23583993236878
722.114254321037,171.7795460022786
739.11279847135,224.57982700966022
755.9189697396863,254.09467362803704
770.5361149171081,187.72269688374436
787.1153039159883,172.47749963526587
718.0461396831614,264.7240925674796
779.4277304857202,238.17713785535614
762.2540122295122,202.11839211402628
795.735496075737,238.4051280600686
733.5833267025312,204.77946400808042
781.9713410053541,205.0051725088469
775.3991075461372,179.20241893041162
721.4500924479942,199.91232656004834
755.1498067551131,229.91029657788994
770.7713092865121,190.16112646335992
739.2826029179062,203.5688739807951
709.5287261134574,174.4004463122444
745.3959672464614,211.02182602691653
768.5917379172389,221.70731285930827
778.500035182011,251.25643275656103
744.9239755298639,177.09316761861692
732.7739114567747,231.77828068534473
711.1737524155345,269.00915640037044
765.1823665186716,271.3128808002161
755.7475306877324,212.21371553635595
727.735929519632,223.76007203013864
789.0082975362737,257.20512245728224
770.757111842739,195.33704485138406
726.0398448213286,203.5237233379157
737.0059123927939,229.22573432065147
702.9601960699512,261.6335931703678
760.4371984059067,251.48051901146027
804.1509819563391,168.8305819231666
709.9029533857575,180.3830259289714
753.9179787278274,185.0684662061837
720.607227995549,230.93399435477752
793.5127256487581,246.3652449721196
732.3725876759721,181.8430897295679
783.3674213727447,210.5579643879499
735.1496154319022,255.7696351122771
802.3892589849961,225.21885301251064
763.7180772806529,235.83540838471157
723.3221328732873,199.9720724970654
800.0955119657948,246.8072838390869
755.8689272763612,258.78292283055595
794.7805944361769,251.59779541558407
785.7227655354845,169.74862981067042
727.0512256675829,253.60330993734266
753.50685457352,137.550332987031
768.3002667406588,176.24892308638655
727.2364462472772,200.37445629047102
753.2620536701198,154.44736073978683
797.5183685252098,128.70862768559297
747.5149931192366,164.18068189306825
723.7719429167786,147.90352752483923
746.9494222506193,134.91778790472415
795.1924684993736,220.6874822665568
735.0847847547006,152.74188109100228
743.676979409367,177.61072782905296
755.6810708445685,170.9683138090421
720.7616331426201,129.41236737048035
777.9029405082675,195.6688368111715
757.7036611936188,148.48177652616204
764.943719140412,162.85405354174694
732.9329340427304,181.70770619399036
709.073288156152,156.88486880892427
715.9573662488408,138.96426055186384
779.9124701191993,149.3365372349727
724.0800957201553,101.1333892210241
696.5326876388474,165.9882526210061
782.1711247011706,101.9903119451381
699.809033944518,159.4167382704372
743.8580790163237,153.89849887753394
729.1588419538098,167.25386536450048
770.2698874154711,128.66225310209902
784.7927095746259,147.75236382482507
702.9700399808893,178.91852038624225
715.7539808646532,107.32539324458396
749.7286803692779,107.21849508590168
788.6127152261479,146.2425210548295
738.1291619129063,98.78102204736643
694.9977776627486,150.03633509259544
745.5221489980988,168.65541675820617
684.4885537678922,192.1735695958488
676.1675625977645,187.977463281371
709.8496254757694,122.52317697013649
733.9598838580713,185.96135883202248
728.7638286004883,190.0563176681481
716.0913448430042,130.8210803811801
677.5700178022648,171.15317117656744
737.9212637761416,184.88906623174915
735.7556976158186,102.50670221533954
764.763902114006,186.28688086624305
758.7892253743074,132.43277227497086
706.7437090685373,144.7691674002838
732.0290951599322,144.2570855914157
685.6763236944548,139.9744817989564
731.2080797369196,127.45055170977213
746.7040743093057,133.3942064180562
661.8237484454993,139.1094051484169
671.5323921493525,179.5327951812032
687.8685064891762,204.30318453837816
725.5829701787271,131.01979638484312
717.5488548092368,109.12873125816665
702.1770546789649,169.90478079899913
680.9304955757536,119.20408984940296
707.793534893817,121.34517785262045
726.0125664565328,189.08824383599648
687.9398832966106,143.75491820053142
718.4135181334794,148.72559286691802
719.8946053306895,197.7099177825121
702.1200932546049,201.92427041043973
723.9569441973393,160.20656322038712
725.9142701947612,144.15927816084084
667.4693797782028,236.10389120437884
689.0117216795207,198.21236677423082
644.5140648312088,235.56962675621676
655.9112700692614,200.44283871054236
668.3352060910696,205.3325886760553
651.927305599087,175.16413946692387
740.965355341774,194.91784040212022
711.8477788694138,198.9276153180898
739.9857555048613,191.5140932136179
724.9126357763412,214.4904013111033
649.0088830805844,157.87278520373795
702.0711284026887,190.10465478288316
691.3479905108989,207.35172606968007
723.4199525176839,191.40030660183032
691.482839487573,186.84459263309313
769.8357236311888,164.25978917933617
716.5487298273238,176.80756087618676
758.2014755373641,212.39099660677124
751.4004975420138,206.67438942715313
689.9762133526617,187.33155100264253
686.6050542136139,166.86793965375853
688.8941161892537,235.43084826543557
762.9895600857261,195.87812301775253
682.1036934371248,245.57027258664056
771.4376104758641,194.6660946838447
691.8120913601404,213.57301908043277
724.8102472642466,202.21170256563613
724.2725400422343,250.60159163766485
760.5225300472165,195.20616083498086
722.869909385357,196.04666264628145
700.9279624363838,204.61839581973106
702.1984147957082,223.6295911859077
763.7218250049057,225.52229371681182
719.8175560960334,224.7412843540633
765.108734984776,211.2401592786572
786.2644947192626,197.3320989051824
706.9140036887027,246.3942748368932
786.9564732883111,168.50208497103677
783.5172017078352,169.76188492068042
687.140830973285,224.88480388822938
738.5131886103302,161.03733482952182
693.3809643103286,171.86547600156428
699.8681383970286,233.64005395826274
777.6419344551288,235.75460165355804
712.6597713899881,202.97906516225254
781.5742869456128,169.38229501773367
726.7667952937028,167.3113111602404
719.2309153121571,195.70626107657523
746.1132654539911,133.3479526127614
764.4947492491632,128.4350231568205
702.4756826475015,212.47952905671406
692.996320783193,153.9703674623684
708.917692691854,213.83257485173547
705.2641019627512,183.36640531996125
749.0950530748617,209.90189772136446
685.2449064398032,159.5712775158176
698.1972889105322,128.9609087737756
764.0835421947105,141.78237022357263
749.4787051173021,169.43193927117196
689.9357071554734,217.70725688994946
690.5269818305998,156.77792248975624
750.3166060746997,123.53502186881589
688.958218938169,108.68531951785619
753.7251252008674,152.58811980121754
736.3489888762821,108.6723051724444
694.6611808859858,132.43495252386262
734.5252826955024,132.91813652723647
669.8736439560386,160.08372166526237
758.0660458239106,115.83379853802371
725.8660578515206,125.58612671797005
728.5240845092687,131.77347554214953
676.0241853762136,160.41470780373396
743.8213191115601,113.94997703581681
751.0058657697555,106.57269552690958
690.2366322526534,163.35794522609484
737.2705606091068,169.20327781200433
671.1154515643175,178.33982029525805
761.1159320397489,103.92103122491119
685.1259475057493,140.41412533830206
742.6526623648042,111.6209240303985
659.362994721714,121.08554462083444
751.7025934590379,100.5456870164929
695.283225017929,102.44527679203765
714.2768430515302,183.3176947377767
691.9095834499872,135.72877220317883
707.7151349398598,144.77428803104078
662.7978615485201,122.39504278908727
736.1962920554985,127.77565293883035
678.5055192189811,141.9496765203337
667.8375716677509,170.27034350818823
685.4915285404054,134.1905259145227
740.0026134034495,173.44007911016195
670.7691823561712,185.84724842383213
691.8512383016553,128.1713002706299
738.0472261534462,160.2133361873935
676.3862669907845,144.9822922360947
663.6853183681554,158.9660024164631
656.2095214555075,181.31021504138687
652.9972539403537,196.88557406921157
682.6022344103612,135.44425757329356
702.8690377388831,133.00277783966794
751.4909793049969,101.67345270655068
729.0042678522176,189.26038531982942
675.6414582955267,104.03095989969398
709.4567179798878,139.37891202610868
699.2038137085865,151.24317578824747
745.2912692394174,128.31601898719452
744.9814234302687,197.47225804500349
743.5046813890214,133.49242173267652
685.1975937675551,196.458616453765
707.7543692266825,135.4391846476339
739.4572078689041,173.83389708470452
697.9636080213855,213.01261031031356
729.5398574338517,155.07262335520545
681.1422883611717,132.52429075512558
714.1446568951964,210.02938492549708
735.1451066806246,162.7319789049747
726.9363642288516,121.40113007302222
706.2399570435091,199.00290367889676
669.7601905179976,173.83874484408807
717.7752326176508,163.11557250857084
711.2896508825797,207.5204669010303
651.1343784985245,159.20123285263793
663.4012508640596,211.30882177513473
713.2138408494591,121.66085462033217
664.7414923589065,125.30110720923247
672.1538846672262,215.58640705320687
705.1046359117581,209.54637833747043
668.9086465485797,154.25560172836632
700.7968169014117,179.69644462752672
661.1487216523992,181.660378976295
663.8078721526517,170.17883788880152
635.1671716492489,225.58745762670935
647.4790293205607,227.94115205043698
681.4581115538327,215.44197865062023
665.4207067620241,167.82716651106966
708.7580311850807,200.47132190385895
664.0483611209684,162.80563619826083
709.8931244357836,196.69368570322786
671.2488580396637,186.44231542684327
728.1482551779559,164.14496161713265
711.3398761868017,196.70401711143816
639.2021498014453,188.6245895178746
721.0886758587459,220.31089667967942
729.6416455552524,218.40067426647067
718.2695060187884,220.9098805255569
667.9245879449439,214.64172632576407
674.7586789794444,222.6985775410518
690.8276670006555,157.33316459355237
651.3720631030328,133.07123723813874
659.9649630180792,143.3100968481766
661.1960592680205,140.01987000138234
672.8000459422152,203.5506829501534
653.7028773358544,221.4849841804488
663.992576176021,147.99417891648403
705.4210731416292,213.9832350451806
722.8483482340182,182.92913340812407
688.1851235086191,143.41780718516424
701.9294133553315,163.0377893059032
658.5042399467058,189.12143973570295
683.8355994171413,149.5989568661455
663.358239212427,158.0587702420977
665.1551890966398,137.8244770187978
723.6773714428809,153.16767246182005
652.5042153785403,157.19670840281626
628.6331206496332,178.03765274246632
715.7962710221057,157.67261519541444
697.8360088935649,163.58279169359133
628.4585680782637,112.76125221614866
702.9461927441687,170.5278250247879
690.4654505366468,188.8336996711093
687.7277357543668,185.83275261603933
726.9341254497261,95.48748744882116
635.4823506289387,172.05872286921493
651.3320844966815,127.196358845699
712.5392115606996,110.47793357336714
712.4428647144476,130.4653545744152
648.8038751423942,113.97943049045477
633.1212229244792,75.53788433978725
658.3962542886284,100.91264416813587
637.8718747826417,148.8871519620165
633.2250779815596,123.88305181972032
656.1808724869641,87.22029340673299
657.3983303163461,109.56492154486571
705.2830258213253,131.6471086364656
670.0804382014888,72.87872951798735
637.7868837725166,91.37022351641735
643.857018086103,80.81725718824532
637.091612782768,101.96042701684482
684.7997329468095,81.83945998629676
620.8118701622643,117.93923790478016
679.0240272550523,109.71292217044044
652.1029334152363,105.00236643882484
668.5545810727824,157.83782340604967
673.3586916524093,109.98982301175187
616.9641170503394,81.40852025126392
627.0787876981551,161.75569461541903
704.413789228603,114.97312381041654
641.8832899722388,144.52320144501883
641.0167262675919,145.9363982405505
658.1984029906557,164.3693637440674
681.1043709964207,142.39420552274737
644.8910798006664,123.84614375873704
706.8148131761546,98.7519580353668
634.9921777528863,167.75865236033783
667.7976323384381,111.76382168953283
645.2100513420779,132.69716896210565
625.5696846450877,157.20547371202366
650.786819908153,176.96489011775515
618.9209534678074,114.37901425814576
619.3250802543967,175.7052093068894
615.3472295772654,144.51371354515715
640.7705340250859,120.89074908703975
654.2750239688465,168.92240828587552
701.2910973583281,189.11989644519298
708.1600232582343,133.75975110019348
621.6275602173328,136.60077755562173
620.4439440819478,189.10765815063033
625.7908552867954,193.93619208800885
678.4695829007899,158.59289263966846
686.6565836571216,117.4419507017838
674.9510935635066,161.18094372511013
640.235317131834,197.52992759470547
683.4524579410494,235.9949630905415
626.7327339830824,170.00695376928928
686.8569784814952,240.08763545238133
671.7511944161828,221.31550809070535
649.7660770424249,213.83978755414347
701.6718200849002,208.6416101078788
699.6821470354148,215.18328302059945
633.2148480944406,170.82165059871463
666.1330790691239,207.472664168725
704.9737708161972,192.37651237775566
718.7657734755996,214.62713403829358
625.5639184548425,193.08004253475985
670.6226247732563,228.75757541851908
696.5425880002704,232.80170776092723
705.0543869037338,183.86441160529785
682.2022151270988,259.8127874765904
652.5185513399475,234.96745134901266
702.3814191266467,199.95488970626093
670.4381510108415,176.216336098343
724.4813916890482,193.07880533662518
716.7703729734802,253.1356489214142
714.7356691663963,214.3370697522984
736.1580803918017,198.7940279014084
707.436301508769,225.59775153719497
651.4286935621784,234.50867260671757
689.3617056149677,226.32568244139463
674.1358578832991,204.52522671478923
685.5670901351772,254.42088202056414
725.3209802446288,238.3898699850947
690.0486811011995,268.78972108355566
650.9087646563258,248.40483527111346
751.2153747906325,177.8522312942178
719.3983527024849,249.66738209950103
711.5055388210474,250.8065626072788
747.8266206492369,248.0770794917209
744.6352567921515,186.7327881546405
692.692869288616,224.47097598614062
742.5593980959368,219.76426505124758
674.608290417458,247.96970966521394
700.9098465495294,156.28849168878946
663.0246336713155,201.27720780815574
752.1846044383542,156.94536445908957
661.0927004061383,252.1395803821083
734.619120665452,169.51206019709713
749.877083112919,218.672317839669
750.462245507546,235.5873537944154
718.0642293401588,157.0346264522346
767.2191733409588,191.76152201866643
683.233669451456,173.3150392153226
768.9575869877922,151.97211366567632
699.7716675574551,167.73325367306796
764.7639729767175,191.57130879802628
749.4751292519175,177.83726595292163
742.5995126582986,183.67231666030443
680.4968923095656,193.63238804598046
739.558931348148,122.60908677381352
719.1467978400915,118.56133741391653
735.2147309732698,118.80561846849255
708.3592574725074,143.4884896347496
693.3179215590853,146.57472705786606
718.803914409733,133.07497254342533
734.0046446514266,213.9825279399564
768.135795929467,183.39408779888572
759.6185520348877,105.32149991252513
764.6829354358686,174.3173941207766
764.0536071667343,138.53349164888482
736.595977506958,152.19686036285538
686.6312052311793,119.65516654258064
708.507583133173,186.66668007919253
715.220934684793,185.246504875906
733.7671801171199,108.93826105672937
759.8132542856115,168.8341656072544
709.7662998474309,124.09333982983769
747.0767648328954,156.38521991656754
746.9119508042478,144.89205848310314
680.6882562251161,167.6014169988169
766.7450009293785,188.20048529679462
706.5174148455089,159.19701774423632
682.8239098580075,139.74904665191266
697.3237577786111,177.5538240989684
685.5024900305957,190.51232089664632
714.0637997350794,153.33358552552514
747.4055400204613,159.44839644540878
680.9483956263819,161.01316205356898
732.2048054716653,161.3992917265884
757.1956725221344,125.24016698170777
706.9365417398817,140.954223864539
726.5124019078296,167.83105642451204
770.3418950473788,169.80054641515727
708.7437951862362,99.3033332429415
737.6162420229441,109.12371821826073
748.6373743716052,151.3518255491635
746.8309222890616,169.87562041517913
748.3555228422703,108.59265843220382
733.9623532013613,117.23647110073078
722.1174012146639,211.12846956781277
724.9548018969332,122.05001320347651
735.8819089675727,174.60722607422974
707.9616498210341,150.93478635800582
703.9929791971747,156.20192679885062
681.2666762663998,201.82100141891607
699.9760938025735,209.1279875196472
696.7134588759577,186.30236669100606
669.9235595463932,209.1701188534961
740.3142754143046,132.88375099815062
686.7893543376659,152.34907170516732
737.6811096795433,171.5875007162811
683.0283862838664,117.31533570793732
693.1550738981948,195.19346135969244
698.9967382706973,179.3304419898625
693.969512632338,168.4137075317028
735.8858284207918,191.44971688091906
697.354644117536,209.23751419233292
769.2810216351628,218.36958029977475
746.2567514560034,238.9325037405342
715.2490141897957,166.89042476168228
736.5533565687059,235.15780755712996
699.5713315352705,209.2240560596132
746.5931245177788,211.32648598337605
689.4499987346342,155.0621442057202
694.9961772944571,211.39662978557106
704.5250803801212,145.39552671734148
683.1965080092405,181.13138727315788
708.044008200604,189.79148214574636
729.130503315389,216.56414169305265
691.6097656664749,234.57182540882684
723.1851646065378,141.81341594388584
809.5536796111289,276.4935890396955
807.0479146313043,202.43704437826202
816.3758174599104,213.0640348405788
795.2656835275322,235.8800933726576
841.0629370427888,187.22722354355838
750.867568505999,198.5475366255454
766.276746607312,236.43180200894275
843.6906822667469,198.7377473079705
790.104317073007,237.47084704095425
771.4841790122405,195.6949286684569
817.781648638393,236.43242497011167
828.5442742292772,187.72504726434386
838.9228022301754,274.75375649061755
819.2636004819963,194.10961891678753
798.7220525914324,219.71765685335933
750.3886116937886,257.80802800416035
879.3513174119028,231.7719334716168
784.1210045581702,280.7742823936261
795.2435365546746,225.3060251220642
880.12731432221,262.98447624771234
871.3148482503614,227.7842441507703
784.7216152175911,242.74642598765536
866.345705795756,266.5610893016071
837.7540840401468,241.45140850044947
847.6751101888387,243.49103355054103
839.1292696551036,222.2830161771796
820.9466468397121,214.80292089736187
831.6535654246816,251.3635380383982
804.947207079767,247.03199989183614
853.1385390728032,274.3066375929029
827.3688396284028,240.31674381385324
787.8087785800182,217.16667630055622
778.5241768608026,199.092987699663
787.5885357920753,257.76793519662505
811.1699925575216,217.40221322513898
823.4849074471123,159.34890280721663
789.00421812555,162.67797051208552
798.5997926339976,193.82796621065893
819.0594320429757,207.55515926059212
816.2211701057362,248.37560194394294
826.7157972120625,224.39884495780507
777.8824697387672,208.00777936964255
853.4451321457375,165.07537101890017
778.2508532977091,250.91035711108935
794.5424438339427,174.24021154341034
806.6949144140342,234.67882930341278
771.6315538121443,224.53759507557317
802.024903060628,215.040464562145
801.8873962281483,137.44583359644534
789.694811454419,159.93835926276012
763.4865669730798,185.48954728318796
801.2128200397985,199.66699606514635
724.2405997610407,167.33301407217436
758.4104053542418,207.81919576651586
795.0277871513081,212.93868604349097
753.6854745812684,137.35111060540572
734.6055559072265,205.96963539977418
762.4704006005309,169.67650002915963
815.3743030350918,173.38860755903514
761.8253045901215,143.6841381315205
791.8881338923363,147.78427934732855
724.218953930997,120.84767501983256
766.3567649299109,197.39334078345334
771.5795352592625,155.70648807638958
713.9624858151107,113.60578995201254
771.7373359686044,125.76993359721939
727.9953045713357,100.96841469986612
778.9677101881275,129.13480307354138
771.1628278418086,99.166012796774
777.4099950091814,169.63889996617627
781.2997215859507,130.63995546976787
739.630768439088,138.59344414510363
712.5817069833977,101.34676340206275
766.4457656960008,167.022747170068
768.4230881182916,131.71071866385932
786.3440716501595,172.3412284641135
757.0145033458117,166.5337724941407
738.3785675170346,136.49900653058444
742.8230685320956,156.5816511861504
769.825013208523,185.59413943138696
731.8927237315681,162.76458999705164
715.454221022135,113.89314021301425
729.2183531030026,166.74100391371593
753.9671988207409,126.0245111065843
703.45436837762,118.26713489295335
759.0188338132956,143.8403397066046
703.3930287420613,96.75581245149654
692.7730986111715,96.63926612426198
757.1113778129298,103.19689161038781
755.185975971878,142.53101564463574
749.211871713579,144.692500290263
750.776600950803,101.70305339581883
729.664731784483,144.16810670395358
718.0233673473505,127.19158947397587
729.4757434650186,179.38276797523673
685.4564403558289,146.99248463915595
693.7027070460966,96.76131333842028
733.5187754582856,120.72261820255198
699.1626048235155,137.51633706118324
697.8011197238424,162.92542541859717
698.5864924963781,93.9758738540752
739.474724081357,161.30728313751092
768.2579475720167,124.45700100741908
771.7672438699578,136.07660434747706
771.6938506386757,125.93576064208017
717.4973778242148,127.65277168788596
752.1841686101534,96.51069258360093
769.3422786111395,98.11900078532145
766.2658743407369,110.8634890361035
734.4052774183986,126.38000042643071
683.3589159332639,143.7476291978522
775.4394459132982,100.76344325563588
767.204797437071,96.196057433921
704.8045291505848,165.28420587850724
732.1262188157527,118.63336314984474
714.7425043237031,102.57628482833184
676.0749750908601,165.78075378924007
703.4256519338973,141.04442460919194
763.9944329898278,146.08751666820763
757.3477918600006,162.97814205834476
732.1463960990992,156.12953291883758
718.0887976100685,148.8999494406283
732.7601241444169,143.44449653125326
729.1451295786196,171.41022520126705
684.0022963880399,85.48213131500086
763.4790751052736,96.44162775067493
721.1848091153291,171.27084790759687
682.3797402498669,131.20640611937623
759.172896913427,101.23810816492272
739.2097035568553,169.07923139464964
742.3381671884567,134.58427478696305
744.6098511233465,101.22326446684215
723.855552671546,102.36668206376292
719.2225196715971,108.4376253413331
734.2327822714046,181.62918475920264
701.582371658787,104.20922504935469
760.1291742617284,154.76870892887976
728.9484044946211,116.15735595861747
720.9442293603174,96.52653998133121
691.5791936253127,162.56589413015396
761.6630556053486,104.86281335815474
693.9741172925598,185.3118651002519
684.5097109251622,179.55943757218608
718.7005641882494,137.06271437327155
1032.2182972124579,253.8595654251571
1087.70676855804,230.04901293906812
1050.0892878520624,221.258129568969
1081.9721098093382,310.4787227095513
1055.5151761880286,244.23259352332374
1067.0904592657696,270.8590926514046
1068.7835907837505,275.73328050883094
1044.583695791617,279.64567070094614
1016.6296621793326,243.7345243684517
1027.1959656732683,273.07075765857047
1050.108392994494,226.29911382185895
1052.0453457855524,291.99711485476604
1051.9756293480148,215.5456501281979
1105.6672534644197,266.17031764197384
1110.4813312446609,308.8082389798893
1036.2966178779236,287.37248519588684
1072.6307674049292,274.57428633702864
1059.295831844682,303.374693278798
1069.0369202722807,271.92770016213257
1062.5233988657737,260.1869865466048
1010.1845932761427,314.43978741387923
1071.5177289139217,311.11002203892065
1062.5109503957249,309.88292201673744
1034.9554128991413,320.9135078301432
1045.271455819372,231.54138206090832
1006.6589399597877,237.3055371577543
1036.8441444577531,248.0748267863632
1040.5268161699903,244.82717331215693
1008.8656285218796,298.8353722697247
1022.6102698526653,306.2777860438289
996.1695430731185,278.6117852386095
1066.6275869721744,290.4765820183296
1066.9352696340698,261.10692467548915
1044.9148312436143,349.4712087499593
979.0940445396897,278.6825000991018
1020.2654520402457,274.2578241053292
985.9441451603193,335.0763314119147
1004.5130295000982,297.4994680483663
1040.2492305999285,271.0120183481088
1010.2134610624128,290.1578168213379
1012.0552218640263,276.5146653212264
1001.3261872932011,317.5018891217615
1042.6545133989287,288.600535896005
1049.385196146792,321.77262181393894
1036.812515439824,303.08148165476115
1033.4344314844836,269.17815162332823
987.2115175433961,311.7517578578831
969.7712920203055,343.795510146204
990.9955142993035,297.93782421883196
1020.1990905763573,337.80571985202045
996.0203440805735,312.68403654223727
1070.286374402538,346.1130193605828
989.5398664442008,381.4106579686411
982.6418450465959,301.2091691611958
1081.529218058381,331.5739545518999
1019.9510950927486,359.49143232319034
1055.8014383262032,290.22974360836145
1074.6627546601123,333.6542537844267
1059.9231596390218,384.3658409073944
1072.6353234301762,336.9376154909949
1040.4917040319494,380.1830176783975
1042.166008197077,355.19734260540474
1009.1901924455741,339.05953517140773
1046.559740218528,376.0795093640546
1052.0505520918518,353.404091146342
1035.121143282403,320.16792458453364
1057.1481544449425,365.99740183513984
1080.258344854957,323.13324488029065
1043.1774011315676,338.50310375661087
1094.1843955208321,353.1573686974256
1054.0307735268655,370.48927574484725
1100.4101761245558,323.32980799477826
1035.156604114896,292.4978554321727
1031.2446922189674,357.6363308019968
1106.9648399962994,308.70247963118084
1032.9349163565087,329.91912989984974
1081.1353932964087,293.9154084336168
1065.248156376264,359.1664126289612
1031.6840274667768,372.8927240336759
1048.9102179858296,330.47816054733045
1029.4301521358504,324.3738813947493
1087.6622008869613,331.55056496399374
1074.346413681039,347.36209992506554
1034.760203864899,314.8531120601798
1099.4718919476788,335.26404572287487
1115.738478531397,333.5075753338096
1097.607722529072,273.58794469647523
1116.5394555036441,326.2188211538212
1064.7417547437897,341.6382762934192
1082.6335228699454,361.97264638685533
1106.0830849541499,353.22735224718997
1107.7184472548574,310.1954946764127
1126.5292937077882,319.2357840188409
1104.7191756975951,333.88906337195823
1125.9149232756013,344.2158946706797
1092.6873829914848,344.61836900239507
1063.283332040072,309.86446034005917
1033.2855567729205,304.428854461542
1044.1138172598014,342.86532443241185
1042.0717653713966,288.15296822895516
1109.8132117467621,281.6426832844038
1082.6643677792704,339.341794479898
1064.3016245801234,307.4731052160925
1072.1791625452959,294.15031704939224
1094.786592758066,281.4382005461744
1077.542328338462,348.0041267915248
1089.7835199689284,319.28720508208664
1045.3438081232603,300.45965838023403
1079.4032183898432,268.11058744581715
1085.7340014364593,327.408363297978
1071.68521433881,307.0336337979274
1021.882500218288,296.60032868060756
1117.6449620080305,302.0294161751177
1067.4579851592218,284.16953966539876
1055.7908522551481,342.19700301981743
1080.5746150603104,281.08554408187604
1074.3657303680143,274.52983958614925
1023.601304923454,256.54118972934816
1024.4810754482678,292.7577584346791
1081.8339393135248,309.7958128026255
1076.0206633201299,353.01110918341703
1109.452989141636,271.60394232671274
1017.9361821755729,300.92016072167735
1044.516143463232,259.4210799270113
1048.2953003306932,282.7197439015715
1062.2923316562537,317.19096863735183
1060.922895804508,292.11115186243
1045.3853111517988,341.74051291675136
1046.8652255555626,256.60490654495