x,y
199.34006631954935,634.1096354165534
137.15310991354755,671.9510703763757
109.10794478998011,601.5585624250144
169.26120692583436,676.3193983518654
143.28470330022736,678.4942605147364
152.31391784862123,638.6268972614537
147.88337189475658,651.9359575459014
151.44038162675065,658.6690775790313
138.87547478508444,660.4163484902684
178.50410193001892,596.4944933973582
177.81626729481923,650.7588456342509
141.43059420384716,588.0885218693197
157.73939985973442,639.0909606391673
132.76990608072254,622.9495693065136
193.1913404591976,600.5155496784867
139.85659174639812,672.3395090762967
159.66310543554113,653.2507363611111
89.82755005941478,595.2340226310087
115.6094050328671,588.627014170906
158.00891780154552,654.04178161248
177.1320701132738,650.9054513141477
179.9541121380804,611.430333064052
141.06015009879548,611.4873084398342
180.07457829455444,604.2066281099451
178.41743526832101,585.1179385279286
145.76956919441616,586.9297639476829
133.48731874454523,663.5578629499453
162.55809585219535,616.4129920098535
175.67680303743765,667.862037304076
95.63487536836956,660.8876388466582
151.15396144428954,626.5320170862752
109.72323289160833,608.5582518017206
181.63100368417955,622.1435915302966
128.0782731182568,659.0597139719116
119.99755485493439,608.0373634473767
154.92820058649136,629.1391899721525
94.84091299103707,644.8030194300692
99.21326613630802,573.2088775758592
167.65778715968452,656.4413913485225
123.68639359125969,578.764953085541
174.750767569247,614.9683746028684
144.53534385250654,664.0088765804633
166.17127836189047,577.8066670025787
174.9011252799031,591.8534092295802
78.93944840379119,655.3490177377251
81.50959627156061,637.236439871915
82.11069498512401,645.3398839027188
170.40218364206874,643.2758266285466
141.23393730096228,646.043401322981
111.22377246520989,560.5006924969265
157.54521442282606,551.0913361412463
175.40497678440192,570.0223832861307
93.70441351501435,599.7599754877085
142.58509466217436,612.7082214765318
105.64437751818923,586.7787965693217
83.11104272051278,620.3466216334232
84.27485022924222,562.2801806411226
148.67782503673462,600.7766669787485
88.32388594443886,558.6932113701748
115.31740873453569,621.4467494079568
122.60296978823094,640.441125912877
99.3224423857514,599.109985862393
96.16378143345436,633.7665400485928
159.90818239341132,591.1096638099923
120.75742652230406,607.9234103575076
100.14847301373516,624.7259472093697
138.37533471114617,585.051032471095
146.30824650533825,579.6958258199253
132.2104431773612,638.1039254587979
158.8719478694211,564.1281085164148
120.32282279412267,544.018853011264
176.41994908987073,580.1859869493077
123.5897962089535,551.9762369917626
90.71072021483502,563.3041551169024
133.27747527554916,580.4950160533109
100.90815582406967,585.3323269474924
170.258272088718,571.0002334288953
138.1521927020562,589.6879363980238
111.48548231099242,629.2136675996666
154.83235355671422,575.6913454737806
159.19269468263388,555.8897464497219
137.31942518142625,573.056702812372
110.89634074064097,612.2957500023007
131.3945118400556,550.3848590346317
169.80916982924384,602.2800142145545
161.8236176266035,547.4071156613226
194.4017537186035,601.1593302208148
191.3969766571342,587.0902277370177
189.70842795047506,611.6194169591593
108.17728862511078,623.0495571782762
193.52491184057462,635.6448993834697
148.77597832192646,590.1192645275082
194.96953217827806,586.613901236442
136.55610607926945,549.7625011008382
147.6662176857932,640.8276220337184
191.14111787248294,598.9197107852567
101.03282143776809,601.5055534199174
169.27453813409275,598.419178864188
193.34753410623,574.9767444286709
173.59061371611114,584.4755125406496
190.6361764439671,640.8176137581597
120.08237131185362,560.37738965643
176.68764403550398,584.3070113656171
163.79440677197329,591.836257251227
183.87754620426264,600.9810915231168
129.88047262798136,571.6295851598995
187.27117702043353,577.3634718953932
99.76539104723108,588.1350699629693
116.6875537247959,620.9747383619875
124.03830148143018,585.1076990183519
114.64388096046399,612.1973838494869
105.28316158708739,615.8554469460098
152.08429097666718,627.0915840437876
188.43763736778655,604.9070893428793
93.20311294620261,657.2666918532881
133.36121270853457,590.1198392177242
171.63647806847888,592.2418614686823
155.96760672329086,649.7251745126584
183.7216079891812,577.2838612586007
179.79210031579953,604.0467176940937
146.79703045487418,653.9991827053481
128.58359536704964,632.8676582689023
109.07763800434205,599.070544623179
142.39550037901034,596.0551022762326
166.8867901514817,587.6722905047887
111.76884586101089,576.2219873057833
179.24978428783368,573.3160635444375
169.70433104552637,601.7369951383797
119.44574779923121,665.7902590836552
143.12102780108705,618.3686789998769
113.40685561996062,630.7712237433554
113.04164639079794,582.0835463463497
145.6491684215045,639.7402129506842
175.90143453011024,673.4087587111046
155.3752194205049,651.1203833329289
118.72977033973305,605.4350666611278
119.91411853554226,627.9509716661569
103.53576111698108,598.8079695080737
117.49509362427298,662.0087730106839
171.5566253771065,664.95421359659
123.10241441924126,668.4355818272095
82.45073640253811,613.7390056450702
83.24224466914367,600.3672090520544
141.91202036681563,619.9297470555908
120.39714859172872,636.3837435696377
119.40682131546629,591.8104387135035
159.97597886016047,605.1160079692172
107.26167056295446,602.8421991715534
145.56834754405708,615.525382205213
120.43706577370334,576.3693704313839
82.02312058522068,604.2446019054444
128.11072519096336,638.3182564969413
153.83331780630687,612.6466782990548
105.68056584994541,632.058718075127
147.93347484379456,662.9602260584619
156.35679371161783,660.9487436262923
141.3547938206971,602.2356257649197
118.58292577469985,641.7379182219056
103.88192439847072,606.8597184058359
139.5610639636945,584.347938189707
91.11489375223752,647.6046602403912
94.84824295246153,609.3128439375167
150.50196662756096,558.0296139357725
114.95459666161872,578.6732140577428
117.76462270596329,589.679801725497
107.06030409684689,550.8892521819445
99.96509381317537,576.2440132045928
81.68025616612931,582.9030986747717
134.63409787403248,598.4960386870039
84.28279027092103,626.5249740192785
149.72653667069727,639.2260715867435
157.46818880714616,593.7700744870618
107.0639780064664,641.9177251364204
83.39553680935308,622.4852284823888
113.2683946823719,590.7657812185698
130.72677045994902,634.462291655049
137.0129179671909,577.4020496301601
138.4368242040014,588.3647573085923
111.11776311528794,599.9580703469355
166.752712885272,597.2661753902026
201.68966052540998,562.7946171645932
173.54234782111294,596.9207672646846
181.94530568928818,626.7002419840815
200.11126802253006,580.4526946575731
196.0046269243336,548.383566978883
166.01704922541768,561.2794135823232
150.2473813271548,585.5918336692749
167.94132631945854,590.8529440621046
181.19600971499327,591.371674881488
125.00521533572167,569.5382292573717
107.43740402865267,563.140114627029
151.96675000067717,598.8555417619226
167.65938220640686,606.1985846673044
201.16769786341075,612.0069520754366
176.025978396088,594.9889240955723
191.28134428873147,641.9844951158833
138.49499708635972,548.6209151061839
172.03955836915446,564.5862698496495
217.80323823195013,595.9948072600896
192.17995730014536,605.1587130158455
194.86794042121852,600.9073002502333
145.71388051019233,600.2292502470041
182.33988155489203,561.2445836782543
170.6059987547984,612.1389180863782
191.60692490133937,598.5372253780746
191.94687301250207,568.3264032768772
154.57622446924253,567.4170594114245
175.5598620195587,568.8545388687081
133.59767664094488,594.0076269612798
127.57547895702777,664.9555138485696
220.84546739247764,639.0907197632026
171.67995419747203,632.2577292967087
195.3744307240291,586.7804727251413
187.84971599304396,655.1890402226007
194.04538765641183,635.2762721562381
216.4053781858427,586.268117091288
153.99753965316353,577.7234862472694
171.22389467592387,664.2200753865873
222.49229329759888,634.2312790645817
144.28717578888688,656.7376361138852
215.5985554972135,583.1174947136859
131.39506880319064,611.1235203218731
195.1347375594058,659.6344004782204
207.92332768053922,637.8806848643203
155.12274628605576,626.3582659428278
116.56348053066756,590.6256478722852
179.89977028586117,619.3612270116283
157.03126739446864,629.2766316258376
161.51847973985716,575.3703917510064
140.59307627174377,580.9695596651752
174.24638496390153,628.696278361532
133.1199346012816,645.8614946270824
200.14787003801533,606.9058070886882
159.13626953309222,579.3603667605636
161.19509720070636,603.1908203786
183.21537053232606,668.3998264011695
112.1524611696999,644.810473528613
125.20437718197368,615.9038732961917
190.80663935461092,628.8113546591744
199.15033542757413,614.0181205461661
122.48966934873998,671.1921762807051
148.63675999154782,639.6742272847752
171.0967861580201,585.2822038910056
137.4793755651761,619.0561751438066
182.52960164497327,574.555383470354
117.59147475500662,606.6550165986592
118.92444153390815,628.5405571486987
184.87602481148545,580.1931551932539
157.17571611278203,623.71810902328
185.45408044252872,668.6795541745148
192.46964017888854,571.3036316483114
111.95727136098542,645.0267740286827
163.25137742195682,615.3838892790078
130.93173241164098,616.7234964559301
194.61811246800636,611.58746650843
177.40626789265576,645.9353540298828
167.86342082912876,593.5105619401323
168.26092932310723,610.8209101528362
82.72896755980325,638.9369326745831
171.57430743034115,603.5246176580686
96.13778473691696,633.0087494048807
178.05419341836492,606.5963986996102
114.91970967869779,616.6865856597066
154.93002979595644,646.2545973163644
82.00251655565599,587.2802699219103
128.35197212516334,608.2096678519507
167.01722981977954,622.3711920534345
181.94546139541725,638.6977808894493
178.31663126321826,553.188425131172
125.93651589950613,578.3692836514788
159.59217910188536,573.4827836723252
168.58448780729228,567.2889264416708
140.9174507941486,609.9126685956909
186.43919394964104,599.5599179242506
154.90271096287455,581.3684435962595
161.06845771233287,595.3250406321765
128.99912329287963,546.2971832723215
187.37513709044896,565.3696032224436
187.95725376720264,589.0377117726265
163.15473809198966,603.47726041636
96.38223906056807,581.8218677574735
110.61448560917673,589.5730896447977
179.32636765779006,595.7166694592895
157.89450004586354,595.9999093266449
142.39164760711535,617.4976230006482
128.22888115083228,624.019270194059
151.04357504538962,628.1370307861616
181.9865332053071,563.5049255510619
105.23402222532113,607.3554313263764
112.6063887244785,593.8544896958015
133.3995375517814,561.6811817454156
154.78659888497708,626.2735469613126
155.36887790798284,618.5033830705138
180.48883343849047,622.6823538098607
137.33671521113845,599.3069539419827
123.254398031222,530.0171155698291
157.07697925001895,595.0779461540977
151.58806942843523,612.7846303250836
150.24706591237097,578.9276521359527
170.64866630800833,547.4674275063835
191.7657907180676,590.847165514561
162.39287919189138,602.5896964630246
199.2079818635675,565.2560958552547
152.66772563959194,604.8065501718845
176.41617075959857,546.1415857384591
179.95768937218787,631.4861560456527
164.20079306582858,547.1702559991361
121.41407410456105,622.937052954819
202.12505053524313,594.9776470250663
201.31247883750103,564.8567557824452
212.0983853190322,572.8837198353447
123.7123442505327,616.1885037755002
206.48541294783084,617.0616250749887
147.9467449739583,628.1513405060309
182.51717092359127,626.1638598960011
192.37127943133464,631.8505734512469
134.8039550146237,610.1506600023966
164.81161712504039,573.8117184083039
134.92898542806276,597.3231137540145
119.61715393289765,611.2182840775118
209.45166998744122,599.0738387557948
154.7154931041498,612.6509191940592
195.29334546767583,622.4051941435431
136.78937685367436,630.796541924648
206.4422419026567,615.9313194644576
115.97522583102894,562.8608903709976
199.9072086613806,649.8918856417783
124.75681774587817,584.2825560952232
135.43437007058645,633.3032211044358
128.0982938919465,656.672233913864
128.57005083751716,568.8410209482065
156.63658587695156,605.7627096061365
205.1749808942134,654.6674967760426
200.66614035047976,602.0848497591924
193.80742473911545,599.3180755421172
182.55558140558998,637.3969716827445
129.34377561910304,565.4174775548302
117.72166730081989,584.3751657044797
108.41360968615462,597.624367425433
166.34847166409125,588.6305787427069
170.68621142585584,635.9872623828938
201.4855571448815,615.8545046134864
105.17707318186288,653.2125171151799
115.53325511177283,602.3810887070287
159.29142859029616,620.9655612676878
145.0627955281244,600.8593285497014
160.90104415521643,577.6020819910665
142.04529322887078,654.4956141786499
117.96187577370053,652.5923782144695
197.14042624377305,633.7121030461079
140.9606988855436,573.2771752295592
195.8987642441616,615.2755954740219
138.18732554088308,649.3520297839262
141.98493591782125,651.8571177960189
147.60015114826257,627.9329367627282
166.06774859854028,639.8819181130094
141.88978961262333,583.9733158836374
112.3735779045519,626.5169357626851
182.7851926164192,617.0716666673696
149.3355101914658,571.803130073826
154.28756638169585,562.2082500780443
188.98395677546262,567.6684619137293
171.6922697075751,568.5310166207512
119.06446907532573,584.0933327135741
96.54392732075904,571.5548024603434
108.520785262917,567.5428994105346
151.1504024142811,628.8645860040574
101.16569972374076,628.0260622726996
173.6411571211118,645.9556452363124
160.2822815721979,574.1935322832796
104.09013190187277,589.6684769072725
166.722325504932,588.3527808880419
134.9591101098003,607.899525265809
111.72506346226886,635.2474327460804
156.9208242094681,621.2981963121448
102.83338058816778,551.4442775133768
146.73428066881056,622.2849208501495
104.04749668955779,631.1568372495963
133.9328820873894,611.435537907776
104.63496705498935,640.1523635650657
132.18331395424485,638.6378298882084
171.39725472932736,632.3967263333366
112.46544614756709,621.4971224991227
118.30849909022244,634.469504020238
183.20439850899385,609.2317145831001
195.3563495708672,586.7676968902233
116.08950125360221,633.0537282853123
158.47136028882156,613.785112073102
161.29196989834008,605.1623923489403
190.5558193844111,603.5149325946127
184.13621894496544,596.7759812602746
115.4159798935456,596.4160804786023
128.21999588244495,643.0068273493723
189.34165107495966,568.7917349818426
153.32183883300826,633.485172872164
113.65191897934223,576.3098528686237
194.55187407500654,604.7660349320288
190.8982454741853,641.5004247587992
163.82844659906223,584.7695118098987
165.72601287897055,598.363874197901
138.33602405830038,624.3694983178243
173.39144944841422,616.6785893267026
127.28553097921021,556.6567411008202
182.00434920469985,614.7564455208934
202.63362621754615,626.0846712044861
187.5542144792623,647.853342290869
149.7610716533178,641.1652293432232
206.5892301387003,637.9777078364897
129.85261741387012,595.4555562146219
201.64113233437945,606.0971608088147
200.93315739166212,574.2410102699002
207.0842847598168,583.9739416443347
194.72025899480838,589.9559736382887
198.3278974325809,607.9724900639907
126.89281817785121,602.4009113324205
137.12456919174517,548.4999081986142
125.61508193863035,594.2402955343692
150.83851605680206,632.1163667866067
145.1171088754003,557.5332485644342
142.88884622312383,588.7958662445318
185.94507668085623,581.7022733004964
133.9731012070559,604.0693526127399
181.42715425289208,575.4243878616336
175.5863783513023,644.8359569923533
129.53362516596428,558.8379215776088
160.24106275868866,640.824897842591
177.57542139710034,584.7266265916654
165.15072281868663,622.004726394288
115.14302344189862,575.4762274927033
132.3196435387993,632.3405667363033
188.42946679179067,567.6491518440257
208.13650399327446,591.3277077120937
208.9319148800934,591.0483438099961
202.5280950802632,571.6881573919127
119.57599916849907,590.0670663772634
130.23543518935438,567.3161817001262
153.30460012055283,637.1495249344334
195.1381799387044,647.9364848185442
189.05250027370462,566.2238722077589
182.67340718915045,603.8295162531339
128.21863652837763,645.7103461130608
169.73086064021012,641.0165106943293
127.7463355997115,646.177664923832
115.34081104216263,616.0468017376057
155.03171235579805,608.3943045184333
114.77356831808724,579.7816959485966
146.2711465025111,635.611896575376
200.97193869301475,555.1565259116137
173.627784457968,630.1939297220881
170.5893209615674,601.0400404323634
127.85526055216152,636.7759698700613
135.3256391037351,598.5831307280378
180.58545768613521,606.9165938793999
192.77239808995125,608.837848086908
165.34202655238744,633.5275104561689
175.8558068005491,599.9283164312753
138.3115099572246,607.2382045463764
159.62939496317077,642.2328769335783
119.61305309280066,553.1021503937898
177.89398205476664,600.7137892193249
109.4568301134477,585.8864203651243
170.96100124195146,566.4880622403588
170.20769018249044,611.6910292976572
113.58568638657727,582.2332737866609
124.6855089492284,592.7863039605161
169.45603979188996,640.5315283782211
139.20315652956188,549.1487838605659
150.9409669652949,549.7468822925877
151.37832196651533,636.9139533717964
139.48446215676174,621.8956924524839
155.86162722931147,548.847160284237
129.6868922102986,599.9122396491406
114.71562653604785,555.6626655971285
108.90476960914836,578.001856967106
189.249197628802,638.0418328651128
182.83983350909767,620.3678637418607
102.74035963160627,585.719153411139
149.71974733342557,579.795848099687
153.865831024006,557.187548341301
125.27232066624893,622.5151425794464
189.4336302928014,590.7118714921069
112.98676885023156,592.2033946826588
163.31182924199538,545.8638687377482
182.90942217346765,558.8769576729719
151.13797859821864,585.9642574382765
112.02498091604443,614.0355431186609
173.32996976038578,557.5234459824512
125.77468566263462,562.6141236658895
181.68131217436226,564.5048370245258
199.7926089774405,576.6843163716369
123.61307160133093,549.8039847643045
139.78008845927891,623.9539635793365
169.35774247811415,590.8944177628814
130.3865417266844,583.5935496950129
107.93399427809115,547.650901810278
188.5200829852072,637.7780327562443
151.0713525236091,551.513913406361
176.03535304652524,579.4382069643625
144.21533801402273,623.7856082525216
129.83198409337433,596.778469706339
157.90723526159422,549.5550172625457
109.4279886147551,579.7346731932072
110.2459292225669,634.1715672828211
124.63222892312582,603.9663249821984
115.19705157350324,584.6354204441211
197.8053786995785,583.196674545895
112.29258168402889,548.3487460380554
204.46871254252363,612.7275285406824
109.10464603859816,602.9851547375214
113.6029185720055,553.0184314919078
111.6550077124677,577.9791170486491
176.83544802483738,573.0655362049644
171.43175143039934,545.2852295863041
124.8166076374566,543.7401197669385
155.5803848021678,582.3234194440917
204.90215607209123,621.7485370773034
130.29029538527837,614.6282395510956
149.9841496156189,563.0642069164625
143.29818196241922,594.4610433876593
108.11506404721523,542.6477353245064
142.5063070928046,635.6897365332774
156.2330869535271,604.5294210877252
163.6908900692664,551.4892893921705
117.63245147059354,587.4154483751179
164.0897181991972,616.6226577757329
112.04270158083622,621.5088421897965
137.45367080301344,613.2044722968917
144.2101271591313,582.8607806325581
132.44578549008975,584.6350488821781
120.11412880312767,503.14940023767787
187.72567877045788,533.4606614291066
139.4737664610997,529.0364830197225
177.11171791947083,512.9883319300222
172.55584180426376,573.4061234066486
117.86016458853705,565.014818821726
174.53776817434937,520.4153205723035
116.29014762379163,532.0991433143466
188.21818046731516,513.0539828040262
127.62998424982193,496.8487182356782
147.8709090787035,532.3457738014672
209.18248060639354,494.65648453790357
186.55246297971735,475.21185056979056
139.5681207782847,572.0276227614821
150.6034691469399,522.3079929540343
147.7886162646502,559.9629132111241
186.58272341564768,543.5634655100196
140.34801930793736,553.5914411254353
160.84930951043714,556.042309640095
177.94841393458407,486.6273522220781
198.80760786735038,541.817538966701
115.15225598833133,474.64317092967354
176.5579147806136,557.6959596943982
208.4290744471607,491.7433022033241
201.2812009902251,520.2924543611355
165.64030882751206,544.3427877928568
185.13098306130718,549.4854416741886
191.13231433074287,507.473091289065
181.9715741977587,514.8454408702005
156.68835537199098,495.28290400455694
112.11689530343472,517.9820140679847
146.97291698567193,519.3128049850027
197.98654862269268,549.1888492616642
133.0799564024863,525.4076287245755
122.96756068557312,485.93657773074887
186.8243641247414,514.742117894281
151.0778248864592,539.1812037587812
195.5677187964103,475.0311487066921
173.28157117343417,456.26240871228924
174.817301000941,528.2299894664934
169.314559968643,552.1213594840343
121.41038983756374,462.24478392116333
149.61076441952324,548.1978785357219
130.82214101274627,542.4320354456677
132.27032348762597,470.35214939735596
197.82750314479398,492.60138934343564
199.45244435750297,487.0743628530556
196.52616996442546,538.4290570506371
115.38136035178292,539.2389652458487
208.62368324204496,476.09823913141594
152.16987804559457,507.0258200843373
203.75757035004136,469.1633809048151
161.31951218592243,479.50362833664525
155.56126493614133,532.5681311017361
135.89881132992693,497.2085854876338
227.8311743753086,544.8733630481203
138.47244883522103,540.9423619912013
136.76268917712312,517.1437784684662
225.16347330696937,508.9667963970147
178.25473815458324,461.4196943790098
194.47046491168777,518.8441808922751
207.26037562820537,479.612249419177
156.18926029971604,499.1636896293839
204.4844845604088,520.9443155066506
167.9602914444668,545.8313653916686
180.59359480780716,495.435217370624
186.87088999182694,476.59724199684496
166.58658296237095,511.9422641207787
172.32466112892985,484.06024622778364
227.27063244941814,541.8232708677706
233.07080988768027,525.0306432375169
151.4504549659188,516.572659434141
210.98920001818277,520.804788477362
188.37703726713002,504.5842295320241
235.16849408825232,471.3097305623338
144.81912682043662,454.36566114863217
193.97757632771211,492.803679325363
145.68547569282754,518.3275907106026
147.4413157737211,514.582968676797
159.76994032299984,511.1790719136146
148.7431541164981,544.0593174372087
155.79006787607557,519.5301988656386
230.39095944549183,516.2817877153686
180.67380515396562,515.1188525845873
193.78316678649776,535.3658366714532
170.62706433422022,530.9323051133032
174.1691889556667,551.7101656643792
209.156025897919,533.1266423040711
210.95521369382936,567.9451865141139
208.41465373468031,488.88509567341555
194.86450202763442,566.2924434655453
240.2731248295508,537.6350520790265
211.27524664758351,491.0505427964957
161.44533389409546,476.2217504523919
191.14634235974367,514.4880149338142
216.3481286279423,546.7323302559105
177.93837263333245,479.1493596278587
214.89195156961117,552.7137907322583
170.5440150961266,570.4844534138884
157.90707185634614,581.7049344982199
218.32838552880088,550.3318884626987
166.66883840164806,530.9909428178883
189.04188550554363,579.4452981837537
195.4645782188217,517.4203068722376
214.9494208486516,564.1729937943076
194.1218925007787,531.7774343789247
166.6516517003859,593.1496717151941
225.0424647942679,517.8832340343273
194.12103565104962,514.1254129321379
224.71200513689553,524.4100781469534
145.13471682004396,547.7516463024562
169.2564971835892,582.5028902335574
186.9585146656113,593.1773868166194
169.9030834894051,545.1090952159494
215.4829502230461,592.5178832008643
158.15655957247097,599.4205403772603
188.84982194542255,535.7145700593222
149.03513353527188,570.7746142472499
118.99881872345063,543.2780233454704
141.09430055118267,558.6143199081064
168.1791351110435,541.4496318057976
139.63102694673438,620.4062195508208
155.08440331160355,616.6002442461933
201.9560914358603,531.4019869779883
175.59114760133215,544.3525228242559
147.157639185453,585.2247340756549
212.07981603263514,623.9480625063309
137.65494646474778,626.1453649230788
146.15865323276228,549.8006267119313
108.94435135424675,634.1621641216776
177.015544310246,580.4397058284491
189.29613363395947,585.3850091402238
122.93578591367041,557.2905074158078
138.8735396654099,632.3084604868211
173.6715774253711,617.8537843237852
157.12238684464336,549.3819965659297
165.02569829900517,599.3092091988859
114.48565121334622,608.145847594709
139.64133128204298,639.8395639101618
102.86469983466262,608.3872581867206
142.77188846591582,547.7899028684341
97.59435116660332,555.5788703627131
101.03731926624498,625.3131052606171
157.17458357276138,600.4633424605391
106.18110475477118,543.936317951254
163.92238296856462,620.363776261464
100.60361152385265,557.4194516695159
158.06425425874954,621.0138226359254
147.04485370234332,631.607039996884
156.96956371845656,595.2038619526322
159.78745831296624,626.4787923795161
135.61825708660817,544.5443815801216
173.0013396180571,611.2131479379292
182.28572076532419,583.6569176240032
171.13147169652336,626.2711198262296
154.43370278680214,603.6080124659518
159.83813145503598,584.0074160918825
150.6753773439401,594.0715772604963
123.47525915256765,565.0216707409402
100.62114666098267,593.8208098647078
91.86924742550976,547.1760527201947
106.97173434619451,579.0693495344796
115.95576604815746,579.422872343062
121.23521045298213,554.5310975414038
176.0677014481435,565.4024288458193
121.43800086945461,564.6164711531745
118.51090768563338,609.1574019499357
129.50668736435824,573.3059453361872
171.74723890510592,603.3168446390815
104.98247318359296,585.5653264983761
190.51712049307105,564.1655142449188
142.77173807432888,627.4311016953332
119.40538553117065,627.62384247734
171.71666247966095,602.4094593775168
147.48483811771547,627.0252905310593
123.47370057441785,623.032617956641
137.50201534221776,544.9781324443677
122.64491794589111,620.7221932318596
158.8222854762692,589.3291363297669
120.72734164051502,606.4796086588726
142.8558962080088,610.3173394568122
203.05595575616806,571.1128969178617
153.4231458120258,592.9601374171159
186.45655495472386,640.375098282129
118.32218788528459,624.9672564555117
154.9123762211674,597.0561898470743
161.6601105939657,640.5245877706375
194.42466132737312,625.4757354164086
119.25483412753374,645.7503233824754
163.926951499976,554.8177900078215
148.13475080893704,639.4074037918963
110.39245213610515,628.7200213252055
201.50808214458337,566.2811788285937
143.5497813105807,605.1061148456936
173.73206417324445,643.3626555919388
165.36032253024547,589.1199447946485
127.96288138879204,574.956944190613
206.20089091878907,621.463337762158
199.8312275125981,578.9312516429293
172.34497506642572,575.8326876112786
192.62771822689888,667.5127227443256
186.12825609991182,636.8133176681772
139.34047450149595,648.7263280489715
162.44309555225783,638.6072056155925
192.67471543204294,667.9904901943448
140.06455401134662,596.6213886369034
147.81486186392505,583.3056796694182
131.74390540680173,647.034569984154
215.5300408670783,591.7182229303768
180.55759545782664,689.0409721467065
218.4180857460313,641.4267523465511
147.2653969315352,598.4722406596109
209.8220997772213,632.8045600885953
129.62430643015452,650.9416179352444
137.1947109349688,658.1851158926686
122.23666049494642,663.9790151289047
150.74344893324715,685.9474842726898
209.08984998249196,597.1393162781059
124.94297016782926,603.2091789336043
199.79350715878866,649.8756962177443
186.3502885015095,603.2414250412558
211.65636599621388,616.418060416164
139.29497805207578,679.8331055968057
128.4165219485808,635.7805136299255
143.11538798392235,645.0135947518754
124.5031445711044,708.73077290718
207.4172135759381,705.9623647174533
118.00247895245779,714.9081720744673
142.97024482845157,657.95509676095
178.80797510323214,710.6932115526948
167.01267907638334,637.1899652279192
116.48821869694153,667.0662311041984
129.1829335048415,691.5085520993134
151.9255251643389,637.4075187165034
191.29196483423632,664.3397156903014
150.50330875998603,684.9491063309151
207.42840510087268,708.7782709989207
119.87422114870249,680.9162264665315
181.92984030895238,629.2556449797236
113.46171859863307,670.1683095234071
160.685017762438,681.4761666574727
160.0347142786073,630.2510996550135
115.93552675597184,676.2593411669117
98.4903911579093,629.3242885152576
154.38005095474708,672.9655061183232
106.73591684284854,633.5144389732784
107.53606734527509,633.1763253311237
154.88636207474818,684.524016265506
170.12574133331708,624.9085809500409
123.51710277956488,655.4745057482393
106.56659535882784,694.0763137647398
167.03797097961905,634.3318506713487
124.33860126561805,654.6573655825865
129.23449302043315,659.5892255812976
146.53956808786822,665.3783875926182
118.2147165942828,716.1509366217452
100.50143474990759,634.5398454010545
119.79068626588884,694.3611340523543
108.54870994799066,714.842332094165
154.77383826894112,643.406592421468
167.7548507468393,705.3258062669609
142.87754713276598,681.1869239428678
145.51771386239056,630.3166062253109
165.46531618045577,657.729105139974
89.99405757253538,720.2680951619744
98.67806120879607,662.8827376231666
135.2631640077474,698.4538209769814
143.50452750968645,691.7578378028395
96.2388004781665,627.6310928314645
96.8663458716374,705.3413253379688
134.26909983930062,705.2293338033113
138.24106226440108,646.5413372750446
108.8878800057798,688.6991300222744
96.1276545880344,620.9951668850022
96.6539406295428,651.018026603657
134.00467069534983,653.1646030942347
89.81519021610667,701.3016290025067
81.33664370872279,637.4165583110648
110.04918717716444,637.594750665196
83.01206779555906,622.436441026381
55.18521567179187,629.4300426478857
57.31005960476766,668.9691394794489
92.40969074461484,648.7911878938856
74.46840903178308,625.1522234667426
100.43898015409476,630.3747444958349
122.03933812531781,659.5407009152186
90.98846042199123,635.6147761805667
131.29678549064408,654.8968736741427
55.719285040366294,654.3292758909507
94.7646232724203,634.7019799693919
111.97704797708414,684.0367607583368
105.16211485937251,639.544097150775
50.58879837351594,616.0192883244785
47.738337286462794,617.1686923034847
46.31284692184758,626.2631144785528
86.70942123090111,600.7620021189528
45.25159751412397,679.8821189829605
83.2597692868715,633.1905027941326
106.40831351552707,683.3820862491434
96.61956928736635,694.6215087573698
79.68706012504069,665.183825324693
52.328033604320936,634.6956575903008
77.98813234021088,659.4861427462918
135.31417086419623,653.0348530157064
43.511233426206246,635.3844888208766
30.89391252293322,570.7078108320321
37.69896007531135,561.7996727991189
97.14034029377898,623.8788384529455
15.073316053082998,590.6025999108739
93.07925333813908,582.7684238097602
37.4258451309054,630.6754029800827
108.98624575624763,635.8128021170971
98.0710576939461,595.733357435361
110.02920688382156,587.6500611785589
88.72751257473999,582.5194327947022
91.13258563020939,571.9507215630166
106.77773960896978,621.8708672611584
77.91164220174682,573.0406772032518
93.49357794568002,610.9320848784479
107.73578585103725,610.0732175237636
49.376730914620516,629.1745029173002
97.90132181515528,546.2855410093199
32.83601194402313,604.3220879241209
91.92015540509067,568.1776331688703
15.703546549547923,536.235702163701
18.891660734589088,616.7222708260913
23.926089266094934,566.5757746468295
16.884953457929505,613.9240144200552
42.89853905804384,612.0321441972587
86.19531250975204,610.9385191171202
73.83051221255721,588.5161195956476
35.5749682500076,631.3594071744299
23.232854105106128,551.2844059919873
22.10186710108266,608.2036948215986
85.2595206116264,574.5198486425369
70.00056243539069,626.7505654802861
72.94372208398681,535.6896119623812
100.16709334405186,580.6105666461589
115.27632230878721,623.0757039720562
142.65118685713298,623.7705064768347
84.50580327058321,541.8504278657113
107.53515436528392,544.9340008972754
72.49402058367437,562.7026409226988
66.46087730659129,625.097375644084
107.92061053196633,599.637591213089
90.27010827331476,555.132769489556
122.39859824573293,548.7643537554017
90.45941950735681,559.5580684773328
120.87914486383508,544.9163991112571
77.44175809820962,567.6893295535971
48.03351350121734,601.8154685264751
74.75015094126671,583.9612525043319
108.98996546668093,536.4097705099363
174.7760890379147,570.1518481273102
91.96053224319945,587.8643348738622
145.716611128714,604.4715463600735
160.45140950571763,567.0731955234858
132.43932385536496,628.7640875515123
168.57370516108637,607.667321960334
170.41293804135586,633.9288125507801
95.79277847397464,581.7014481919147
151.31971670564127,621.75162464847
153.50469438416638,597.0438321379329
154.39583300414438,611.2078093157652
86.71162593675209,628.8915220196614
173.77609294447376,570.7144699718227
116.56331132703248,625.7083729127041
127.9858819341674,610.3700021026985
173.15519605744208,542.9616711344613
153.12980503141384,548.7002311151452
184.7488357157734,627.8873576423707
117.35935804756643,640.1768136658991
181.70753937575728,589.3768653605737
110.10572430977794,568.877103370844
146.03426124421122,596.9911515517485
150.9436742001267,635.572939060523
179.63891627825245,588.5596353296953
167.6136364826336,575.2883118256759
199.83699574817527,626.4603308971218
128.4138336309593,642.5420242201739
197.18766594159848,551.0371517092914
116.71510566489209,616.5226929124905
127.14148460445378,561.5366400028404
140.1090030187495,560.8427680013247
169.6948264705829,570.3603904514649
187.26260253116357,590.6307717549394
189.8296238054997,603.1414718865734
123.56210766378197,641.4049758673559
137.22062788004516,607.5578060327649
207.84949938318192,569.1554717030574
194.98185828513226,654.6016768325348
214.48828221130486,620.7395122296045
172.62596352575008,635.4145745809087
130.62465763267886,588.4767077669164
215.7250522026722,631.5829446802162
172.01959475440424,583.0359868987739
117.65468024496772,615.336463376114
210.61281363769695,652.012863020916
213.92155366250876,578.8281456345562
215.65226497043264,648.3305931029001
128.97142538152326,579.2663985692133
213.46925780932563,640.391527803945
209.06512477431994,674.2468479064746
192.73244900537355,689.679020243095
140.84895307787693,608.7059668132259
151.2955123451559,600.4211073669792
220.26216961601085,638.7076840265474
219.50839277690437,605.5164411920131
209.09332088288397,691.0149939115829
192.06847761815965,668.1446192610707
167.27229375674446,602.5878225713567
160.2726476478797,604.1967265273219
184.284794734249,686.072852799153
228.84648732139672,620.6380700240738
143.0153886770921,692.8763171434995
222.74934061826315,612.1714163058779
141.18114890868335,687.7699034617941
195.45657856834939,616.6053127908131
185.42051548134242,639.8258385275446
168.38868484135392,684.0181280061333
217.63236845860888,682.7571575262924
155.8014614991879,634.5497940153565
163.5703819001063,651.6570348724222
166.67169252789589,664.3839719146105
179.8913495266173,634.2122277025128
162.88328573502378,614.1448096953485
185.61313189884868,691.7604078545028
147.15090270715416,630.0411197834738
189.24246109013848,638.409775338461
147.67459418054997,617.6465262611996
165.32251312640926,658.2684593929854
207.68013282141476,621.8074859318572
212.2283764074952,642.027526676866
223.4640676277964,686.234111653621
142.35226739799378,623.403001045127
207.07648582559725,696.8227654040062
170.1454231259757,699.0153436274979
148.51858363792164,697.6711834524376
189.61844619906054,670.1565164604209
157.99106404621824,623.4228114983822
232.6955755236034,698.9181712988164
194.56490462324638,617.1935333559336
201.48421834113907,647.8234327810452
140.4597203042884,708.4000126313099
204.86846463296962,693.4995688547758
142.8681778470816,657.5124573053351
143.28858991820914,653.6060898144076
157.31076880483863,683.4287969241587
174.04986829497707,665.5660531530311
178.37564958690905,619.774545879208
218.53052431892962,641.4941815586175
155.08122778252527,648.0521304532253
185.37682983835546,590.8621421136216
178.69923987423996,603.0091019982228
190.5359947407467,680.4958374267289
162.8914760989318,626.0430823540725
167.43485638171492,639.3589521325948
237.0994476914642,633.7329770658789
199.4831013998281,610.7702961248725
202.6702986016427,657.0898994300844
193.19820588425776,604.5583128261254
204.60091632867216,657.1602173612663
224.22996568872395,643.1381385404195
206.83781913179808,607.8438504695373
181.91876437319584,678.3525286089183
185.27844085535642,590.1520119225278
234.99815748092203,590.4859466951694
219.42814095103992,632.2862222029828
261.7008400857276,619.8540543161621
216.76847090573142,659.1951109881007
241.8998348817499,666.2673857979778
175.83219615858124,635.1751416288324
234.80605320702844,578.8772930909498
233.63099453877135,652.1512665993621
218.02848428844825,654.9393604243245
240.2243367683709,654.1182043897843
265.95166522864645,639.3025672750866
222.86562574199695,617.5756830702023
246.65872871029316,649.1271835913637
196.50667329313714,649.3672993197561
229.67497255464593,585.23566951489
215.86061857680016,624.3631639351064
227.23065974128278,607.0984510161227
218.58746832695311,597.7723610996624
223.48886564317908,625.3181062675837
194.22501250714308,585.5860979647629
277.8322440864398,606.0754034694185
288.43685219690786,625.2190960279283
209.94720988634288,639.494374487988
279.9088883550928,619.7053591036001
273.738868453087,626.4783677140684
220.81940772371613,584.1363246012882
246.47404252182918,614.314827808435
272.1566347610274,589.574212379738
197.8942202194798,614.6442864767773
285.83539361772114,602.4362974086008
189.86448790135893,650.8411816460901
588.6688199610949,274.8311729785995
541.2073226370934,301.09693089483335
573.2508534836177,278.824787867213
607.8207177903482,232.09104936266584
604.3190858886446,268.93406061201404
543.3795716398948,293.69497279613284
572.1155048819378,233.5952024307099
603.7047805522018,314.668563193468
599.1339493754685,293.3743379328686
595.7961781719811,226.64565085330693
638.6643232247623,221.9171819670345
563.8770198956292,220.69108923856956
554.0948175101855,225.37065171577788
627.0164542119903,260.4742571807036
562.8755836215524,300.64645754244987
576.9229610752492,285.0502609341064
610.2007806752663,255.9982646054788
570.6642415583983,241.3313587584119
596.8494105365711,301.4032669066644
550.2486128828718,291.5605954067183
561.3084637022763,299.0190688440327
607.6686573546754,271.10676949825915
598.8923433943005,222.3117687086997
532.0516107013312,228.97632594457238
625.2986627901363,259.321430894565
555.5320154115457,224.4296930500665
533.9181850207129,301.49489491944286
543.9543770117002,265.9316875502209
567.0079134936499,225.07242924643265
596.1534113543192,237.81575381802847
600.6171103598996,293.39910406681844
619.758612795254,283.07964075932284
555.7856586259728,294.481963386094
537.0908560344907,291.4288106903702
552.0329763622975,244.31850278036563
611.7120708760723,230.22760766261112
532.9109932907922,235.31592171770063
573.5297489500823,293.3778286437847
533.7377036077695,300.80270647200274
545.6571672070069,298.28899178967106
530.2547208454869,297.8063055931491
605.4383089591429,237.33637921502083
541.6949061058172,233.08519506283452
568.3867367295409,237.70114520333416
541.3302418852795,223.60749467959363
528.2856763530732,271.76829551044244
538.3599753275997,227.52403807814386
535.6796405035449,224.8138744937883
618.0513752969277,210.099142281747
558.9677288026609,219.46521196146875
619.2042219217619,240.1978941235095
557.4553855737017,236.92885827247653
607.1764326854528,202.7343294951608
595.8733501939566,251.2852134121847
535.0048880948546,278.3107555363191
547.8074445345883,189.17556589526765
562.2228264333133,204.17060579843653
561.7172443097493,194.49727047642463
596.2024112741171,262.5387409229162
631.6603160252412,235.0262094185249
555.0375571984384,225.66378003273854
584.7807964559953,216.63642717247015
544.3581431062095,283.5674839845976
604.2443689160305,254.5950302286942
622.545280481406,226.72007414644767
586.6136147554653,200.96955453091178
556.0853372944143,206.92084682290536
620.5988264405208,230.44242923170128
622.5178045717978,250.2399849600222
595.1459030130036,235.36380625352922
629.1397103497079,190.46763940398063
600.0797682161777,213.02519004663742
583.4133675339589,217.03653153362006
645.3476208612733,214.58305051573817
654.3563118441882,205.39562039647717
632.1703692538232,248.7816832350198
565.5534498443429,257.03593088946144
576.592896312476,226.9809537241706
556.281725554595,249.01859858389372
590.8763726267982,203.0202707845845
560.8821610013997,227.92361573444705
673.8448117566346,217.54977627813656
659.5438089488146,269.390084884963
582.0769376776531,218.75676723907753
624.8047224771572,279.2274822942144
580.3989738051305,239.736157540339
671.1259523214535,211.62907694993132
617.7100334308966,218.63113827742595
666.5345553719229,191.00786388756262
665.5632353850574,204.3123988528511
583.0158008136125,185.7961603795393
603.0145730066013,244.9803065673502
665.4746283216634,239.68496395226487
602.4073267113943,193.58219359898544
664.2365837585519,243.4237643191193
653.4378692208523,204.2637223190951
627.5017121695204,251.45884882401504
656.9889015436296,255.98001156372698
594.5931515008199,210.71714791331524
613.8108918377759,265.55672994706106
648.7434013856475,210.9486828864577
583.9027780552582,228.98110925964536
660.9295808264569,188.77495303185913
662.6981813439529,269.9841237223022
613.270150321955,233.13445378623487
637.582785672843,206.69444172963668
662.2144836899873,201.019247519776
670.7360831846754,273.28848688743284
659.4786068134562,256.0453184999942
633.1750673399016,196.38961707119967
626.1446795027905,281.1816109258111
593.4125456437363,221.25193064873855
597.9787173703857,282.65423717439023
618.0963618297461,270.4473305046215
612.8869900931828,263.9573928890293
641.9533782144074,290.7736318987352
646.0820956894657,226.33109366481057
586.446051135163,214.40262125726952
631.5783780290571,240.16798700762905
613.7450276869093,254.87662308935788
559.2016077933571,211.83320110156453
617.2925520517123,280.3354190507374
560.5627459007555,226.19741471870478
583.6274255770086,276.297529801697
609.9634332015293,285.6953238302183
568.0732161428793,242.8364828430142
595.5539719347587,196.6223789644633
633.2902482127914,212.07176796653084
652.5126822362733,196.99521771475455
614.560033946568,231.09117386272345
537.664846037123,243.8804819637063
622.8569028232345,244.1241341238321
622.3997887300611,239.40052872041605
615.23236551383,250.20267633185017
623.5486354324767,210.6860368027992
558.7422949605694,198.49528729747527
599.8800449698095,246.86164932559905
542.6396669986104,295.7735419959556
545.3862553766434,240.40579078036603
534.2825731683591,281.13747209173175
616.0910840273036,275.25969233367596
554.781297875274,242.68374229359432
597.1858919882591,223.3212236007594
563.6394390512903,213.76897642082827
561.3649979065445,270.357941992396
538.0824611132161,275.36860929328117
591.5571118235364,236.2385056561811
567.2614316256079,246.67748445870734
591.2079001597967,239.50760035704323
572.1179208709958,213.0141090197157
619.264956480961,216.58108620479135
585.7050020712202,251.84830649605126
543.6838668999018,250.19628774601335
558.1290862395356,251.8433794635278
578.6262695558302,264.47443832814173
598.9110706384048,268.130475534944
571.0814973165311,202.82497164156098
577.7452258473079,209.40937366019648
608.3357356843733,229.1546503435806
557.0765754711115,223.32552407996508
593.5744128751198,200.7441805557777
594.2506798850372,256.15713894959146
642.0381732241996,210.02200562789886
573.4065700369954,183.22744753128063
554.9408999976248,188.0166118160842
582.7916592910557,186.90150374427645
554.4617493764706,261.9804996526593
597.7689006662387,244.38281265223873
628.3106386915103,243.80552330696017
625.8336004984662,200.69931002140777
589.1367937577143,169.09314618035938
619.5016345523943,226.23270064773996
600.0818984883138,191.4342087764935
633.051656149445,226.59620663632876
606.744610109494,176.83069834840504
638.5588612809015,217.56032221338177
566.7083547298878,235.65384949066754
597.5721241207245,211.18962364219385
563.4656225786821,214.00218930514816
658.2760897223563,199.65425215299132
588.8924197465266,256.7774783862584
561.4390927992931,224.62619413232824
600.3659353835066,199.698197201992
660.978669120575,195.63224057613826
561.2764198875747,216.71257760860186
628.4922699864026,171.90043213625484
610.9072942143482,229.66033648279503
602.4964870269011,171.5178838874599
593.1935262578465,195.32571909730478
648.9772569503984,242.9246303946298
578.7323432923262,215.72697646318008
576.4676334278912,161.5012724603236
630.0118706347532,219.14201932890302
633.5922169747562,213.28800154579966
622.3533631589778,174.03997489743068
632.8783451979366,205.42337030670149
603.9566664914666,180.10234479481906
627.2660689765808,191.63432698929762
630.3413198061787,257.85484939944536
667.6217773287165,202.02827378468214
645.523446117448,245.01551778725968
620.0394270799844,191.4033960762917
641.0910544155506,186.66446906543163
619.8171614609175,221.12699185565916
659.4760109383994,244.13356601325677
648.7397719884844,215.8876651590061
610.1796179038053,241.89680677685115
594.9456167143122,161.8288313263497
684.59062486425,207.6631013714516
642.8009766602971,218.91608176414255
640.6471126920304,190.77616066286802
629.0806427059842,176.39119758496125
645.5595553616017,214.75186014746723
701.0441547930994,228.83044152832713
692.0718055644871,209.30117295909213
687.0128140148626,223.29973650272825
704.4982169478626,248.13468775399622
704.8688349838397,194.4154118082005
721.2745557458097,268.26235147310416
718.0915783123634,218.10166722461764
721.9088354031504,183.11885299345755
681.1997389241274,187.9486526447992
669.2303218152542,259.66454004166906
652.4274424310906,266.1250813974265
631.2757980021946,206.37719842658927
657.2411480128346,210.7213885598846
704.6430605751355,275.8926951589442
697.0364941849652,245.61309946890538
663.1158551332928,234.8690253577314
658.957104209087,254.56493216890345
668.2297230602314,196.48819059081723
701.2711510300367,217.53108329145164
634.1146222665734,245.6407533148914
672.9190704114868,272.3663369057593
706.1609054207665,223.8499627871959
652.0914447324382,274.67641415438936
646.0115068584989,280.4267852188639
710.3654203480309,224.71695077018643
722.5749364577418,278.15597700906176
718.1765618329891,251.959528697199
709.7762461793957,256.1190775883865
638.2639306808575,225.19355059705063
695.6402520187872,278.4837602900913
684.0607607189331,246.24872503696255
666.5430611866913,258.94899326150517
693.1698032326267,259.35419650664073
690.4905642020874,206.32556988371527
629.8420786115227,249.81973089018504
701.2795144067596,233.69439372707518
668.5575720359325,246.94618142667343
667.8936621071192,280.12146809030645
675.7256799546435,276.5486283207425
638.043212736867,285.19300924051265
650.7875924126282,224.85181078897847
695.784399372249,256.6907828216964
676.2411515366263,253.94888706709224
629.4016175576335,230.02391167380134
603.1096930549434,295.2728937076223
632.5393016937048,224.81472230330297
682.2400600275896,233.2318738064664
676.1865330055247,251.57183130216563
652.9557700464474,282.91993563567365
619.8614000439092,245.78999071168568
667.4628699305266,302.1370510331958
611.6562697038929,273.0829044639906
634.8860035934711,272.7411019705924
629.331033844183,219.173376885081
629.0862679082702,299.87042730827727
613.4822062670934,290.91375796590137
621.1352588232959,224.6876343505864
647.1734471015652,207.92598506649196
660.3350814563062,220.45374385405404
600.4232486589339,217.05373750050487
636.7475261804086,258.99704524814797
564.7802708647303,238.5345076678886
630.7652062013664,206.37666135087343
593.6792714089679,242.96392351757183
598.6401916265937,212.46344824318356
596.8643936090256,221.2842475851843
565.1062740782636,297.3423445516253
610.9153073462433,289.5773354364758
579.6081567288052,282.48634067092405
642.8896842464786,282.1345416206042
612.3120360408964,252.12360398930332
655.8081968506622,268.3237915520578
589.9334843069495,265.2604346677078
616.7839671329639,201.17988589864754
626.7260376828308,268.1335229576571
561.358779711274,221.21011384018678
573.2422287493014,217.39441468772964
557.9785781602022,258.9818026812568
645.4773293143362,216.51211382889258
639.0665991729038,203.79417499112677
644.1106483241566,191.6862759545719
576.7090474112317,214.88378095247845
618.9784322553274,213.25099421646655
571.5308960159633,254.2301224089244
633.5424302350202,222.79322543687823
562.5039805606614,278.6067812765055
588.1339564246437,280.2583231860976
584.0935099443074,289.46416858412147
575.0903091804439,237.2362062277187
635.012125913022,195.87194029304231
646.1280982935203,267.28127618138143
597.33739151481,235.92372439969145
598.9243746526259,282.4223948621989
663.2804050889364,261.2349750506695
671.5527438800666,185.12543815593165
581.3626941762321,222.730767651034
580.4445068098496,272.43302511934104
630.401446992327,227.72219398879503
648.9236169962084,260.1255794673305
601.1520922542925,190.58941422987178
637.2472301824396,252.19964558081034
587.0466483193907,243.61110210060224
644.6118644856583,211.28430296437023
664.3442862874185,223.5523473228895
650.6361572303799,231.0458887870617
587.4369173540322,253.78050419257494
641.1144180464028,260.8266951611082
620.0008093353216,232.14993632582667
678.4164585466854,275.2808620017099
633.7239456145015,191.79659547482288
638.7813081508097,265.9659345847924
626.091498026666,279.7827876849666
646.3937590951813,211.80048647786643
691.3950252512622,236.5690340125129
645.3598959034233,214.34091863225623
674.8032994631793,270.3205331257508
676.9970519555826,255.18237486793703
632.3693509486139,252.32959137792318
687.6406627634699,275.11399747739097
639.7286391218579,245.86395595294897
679.6591521166329,219.70700728726803
617.3909586602279,219.83537965567103
682.6343818833698,200.03768652199014
647.9655385952657,197.55232490136171
693.0619817521052,274.07284142320725
620.3722295457402,277.7158673276152
680.0374696145836,274.42317546043614
618.5811105598902,250.308240720759
663.5172671642849,238.65997893424287
687.7350768731101,261.0984015199451
695.1728399779461,283.6395013554734
664.5383372907175,263.9904622303187
669.0465929770446,213.2012473452004
675.9562797019703,236.5690269111413
616.0510019195881,296.7702755367524
701.9018817990518,272.4457038052425
662.8767175156595,229.76829509296286
669.5344770693131,267.8081882400386
620.8291998516246,235.9022041084832
662.1496105596467,277.33754765020586
618.1733611793406,236.9995160052745
644.7056043208948,295.37913934439035
650.0238102834311,256.2630862516445
650.6504951519819,259.8611531245269
662.5015910992543,278.42136724112805
599.1616086384442,233.67857334067924
686.6184238047465,250.53003631765984
639.0559168895802,247.1215089223324
694.9034732560172,207.92135437587302
667.8154071775732,292.4361850072623
605.530169305241,226.15103516696803
628.4089316311776,275.9873040480026
687.0729493707099,202.5191523284972
653.742968231,229.43888291421896
654.4592211579384,287.04853307003077
659.3036137939733,276.3254189837617
652.6793705238556,207.22043890048764
640.25479874791,256.4684543867429
636.4402583355394,234.8555959628975
588.939706545717,249.75821423382618
579.7101823881875,234.33494168309556
640.9755235905882,276.01382882438406
580.8946551403988,221.4945192634527
636.4339239274018,299.30375683091546
601.7857746538338,298.1676250545411
580.8587650924042,213.7321000604706
587.613701660191,299.5337495692679
659.7523331695593,275.2975948625906
662.3531939030792,236.58869727775715
620.8816915483078,205.2723530166949
606.1835287035452,239.88821395154247
582.5946808801925,239.2979992830011
576.0954943774487,201.51948461418198
637.7239582133507,263.8099429521453
640.6850154225492,238.00330108892362
558.6124798883176,280.6017502508643
554.268516415843,231.79305668477912
608.1297473040912,230.62966137091394
600.1270730314309,280.2143027926443
584.3370631921814,221.8863304631576
550.7164861540144,214.93997979436296
599.15587973729,281.4879351273291
601.7837544580036,202.97588991792992
564.2746797625292,205.3343039484606
623.251959939928,264.5687194763724
558.0312365392548,223.30329331913413
552.5629321500993,284.995962261313
582.3403137952198,270.7636332060899
565.212613840045,279.8824250808159
608.4064253889138,244.36734368924
601.8254133688168,269.9934605244882
561.1978473391879,213.0010238954687
559.3151391866305,204.66403224208207
578.1244006450365,227.4299354763504
560.7807824844552,223.3508614015327
558.9130428769423,273.6783494937423
576.5964626228887,204.4752789779276
561.42579257423,257.6412754917783
549.7124974774678,271.73664403577
615.4253956755912,245.01355263018527
578.9039444893303,195.68172784110897
615.928719515955,217.1899905431363
620.807243747369,210.84772140391874
628.7441891402564,215.0331948805699
565.1944612372098,187.10272360742294
646.0438982642906,264.04789338612784
551.5159359705741,240.80350941624485
601.6108467899976,227.67323540599244
618.4151425135975,203.55772485500796
616.3378214190152,199.47768398108826
633.4059634034526,273.4882260194792
587.7247098927218,257.1883640932609
618.4032023805953,191.1035316004286
592.7572174095708,198.46326043869044
550.0636878041922,267.28654607408396
594.0482113206713,279.1455235492076
632.2511270992168,234.7492597992015
647.9907845718401,205.1388404648249
557.5114152762603,255.66055614164898
633.4085835741475,201.19554891614627
600.9988228682989,290.02223247602933
599.2023896432279,201.45234954745047
582.1830647602628,285.71228480336606
546.473381785504,226.3206197423049
559.931796396438,253.82421836127756
567.1751660620848,224.91867155194961
590.9922171876112,255.62971977756774
605.2564462377026,279.70383780299215
593.3371003966645,236.05073423858957
634.3866363821171,247.9139994078374
565.279123905265,248.34198126563143
565.9024148987037,221.02239068379987
591.6724814416018,199.64637159247482
546.9127742796763,218.95562714167863
573.8302852231994,253.55234416533492
607.8975986874533,256.4217996570003
579.2767973944505,276.1865079340241
621.0036881826942,226.76296750444897
559.5868125630216,265.0948793815239
550.8237814447953,221.85319883961648
591.2326593319755,284.4934537430984
636.9708125507799,224.39163742507222
576.3499045753963,293.835108724235
583.9131692814724,243.89149419076602
589.2187111975671,243.4792443592651
589.1187385341177,245.49485700304166
604.4592601908794,299.84633272536394
621.5399343374231,277.4763672412098
615.8866962931852,222.47029579120564
577.2313182966334,270.9024827882146
576.6093330091492,246.83457239805557
574.0871052073784,231.86720845375999
589.3403426303664,296.8653467651411
624.7727715597025,260.6749963002063
615.8633083300964,249.14295155812434
614.1121248167775,252.51375363758478
581.1993645832049,261.9694482272416
630.8377044610589,313.8813288712243
610.4883025935387,293.1061946080443
551.6845516719585,275.2640252525603
596.2267029429371,266.8735591528011
609.9940398477514,300.9956910372397
601.8874363499701,293.8985059341136
554.9240068521311,257.7612380012467
570.3064604872892,234.48541467267296
560.9925364668138,288.2417481182817
567.566698026751,250.17225865565888
581.1911707781575,275.31813202786583
636.6299384433037,313.8863885805727
608.9462534155073,306.58628226264017
634.102192160234,302.6007434836167
595.2442887692266,248.072482675046
586.2669251948719,266.573431323261
659.7962516308231,286.1364441109574
672.8514021966669,258.25333203231213
577.806150268168,290.49919022990787
613.035506250361,257.0149938938898
641.1861837781782,260.4524368518527
624.558370162615,301.1960042123153
636.1321975371694,285.22617703905263
597.9157471743206,259.78968106482466
640.8106818268084,319.59979909724217
616.8464317078145,317.0113379570228
594.4181053666339,258.1626095165495
667.9814148527355,255.87285867009987
684.5043820609608,318.5584664232337
685.311489613294,283.1769600581156
622.7341247349101,244.3428948823348
648.0476033944082,321.68032733645043
651.6519141267585,279.91092935046606
656.8059084156511,246.00274677657518
628.1048368245217,289.6781263738849
690.1287261920855,254.75224235376504
698.9986327937983,270.5003709379804
636.8204345383207,235.09289044034065
696.445640055141,265.2027976058478
686.4488266138364,236.26144623239577
618.8232557321036,242.11985454596106
603.0579208758693,329.87695628119997
633.3439997335349,260.58646140624325
634.3409757764181,253.22471726655553
625.6970892783535,319.5552005473377
638.991796275668,280.2932814827629
620.2251238483724,300.9527814251587
643.3800530091817,258.76837148824654
609.1140091001492,249.54856501857492
689.0125254107444,285.89388652010405
610.94855992002,293.0075466723753
607.9006954914058,285.6130860068397
687.682588349359,284.70557161681256
692.4030726545896,301.73182533228965
703.2776507769881,309.6041338852192
631.1619637633537,278.53900989240685
679.8948795588079,261.359838165089
655.4412426213762,277.9462142033453
621.0670412527684,234.06810379602092
678.6200386736488,263.76327102770557
659.1384375692063,214.59033701633956
667.075554587676,254.95346022001618
605.5216971202838,239.07106659259023
676.1077711257644,235.18568013811083
605.0680629289318,306.2531764045108
690.0778017651777,224.74046106941233
606.4475645895815,250.7522779147483
635.2225016727032,282.59400959447873
683.2891964830937,249.70204803589732
609.7044398845464,278.88227612934344
667.4124388963083,308.8251359420924
612.1290941441779,283.2231836792437
694.245555889269,258.37916482019926
627.2215565743523,241.42778765082508
672.5359018083068,223.29159236041576
653.6734432622019,211.39699674409147
610.1534315168717,294.6810778777052
604.8696503727487,209.34128655381872
670.0694671726164,247.2585100765475
662.1780010114775,228.93946232429627
648.8316854498038,299.8819970027867
681.8411410797349,247.79116871611677
668.6233101106379,272.3741493139182
627.6225124428622,293.5378808214318
665.61471101682,252.12814541366438
653.1312310413973,245.61316771393223
651.13411227831,279.8221629968048
627.9516204943429,210.6864310707454
645.746832610989,237.19386267419975
611.0301032049198,273.3553091196304
652.1199400212498,280.095157063569
618.2926032681054,275.339640046957
623.1411332255419,248.44934237327968
637.1360877240536,219.20201881596032
650.859053122874,224.2844778361034
620.93576257052,301.30849279115574
623.7322416865624,268.7444952709626
618.2038447298961,222.37513930937516
616.7740448619345,312.3521472039959
645.6074163955179,291.99230519352307
623.030636080375,255.77170686806957
597.6420188140853,260.0659777976618
663.1175945643324,256.2446058257466
590.8450145467734,277.7332657324072
591.4040620151693,262.259023832462
604.6055869119,244.4328621220362
614.8807921432038,300.9121847279633
617.4460191807541,258.3522926694727
575.6922659217372,294.64068847711087
610.817193382776,266.804411185165
599.0009730827269,242.2495687441882
608.1523332375007,327.64904250040354
644.649722577893,269.14241582634844
580.7264176703658,252.2306260277756
567.2523451083384,306.4850737776983
636.8435290612689,326.2871559562573
638.2193592898878,302.3604838415035
611.0277195760013,276.4311731118258
606.2091822728502,249.6540903520781
611.7824360597674,306.6695150351383
558.1623441322446,235.97196670863792
599.5523454809977,258.33252839954866
582.5895998059033,290.89553752271047
615.1263333629543,322.42774384475786
635.3298044362865,306.28457454252134
626.6889618147292,265.6163096206715
641.5345595724712,311.9652690968874
666.3415006372027,286.251823415427
600.3412997309624,285.59738168342557
590.5765685206874,308.1244316607852
606.9735616486519,309.8387886408332
662.6345612565157,316.6010018414458
620.4506594553467,302.3512038118608
661.6471356384973,302.2029298397127
657.8020008301794,299.1912211496963
642.2287761905478,249.61663190794363
623.4755902189455,292.7992839233509
575.3055736381965,325.29713373338274
653.5906268459453,289.9071736867951
635.6619394937813,271.08571671047343
689.7271816460301,238.75940023779685
639.2678496690643,250.1173869882624
606.6174418157647,227.55900118557656
691.3734047533461,264.066735014649
620.3910845151928,238.34972320370065
597.3042481189286,263.0985047539823
667.4617054166524,289.5729149763217
672.5285123449527,307.54025864950245
614.8575349620415,239.42723089263882
683.403443660526,286.80604190439163
622.457219984031,251.8225957400073
663.1532185616478,306.0597851654517
660.8172703231428,275.3764034367388
666.1569893892548,245.89963809249525
674.6269347758399,269.8449350011974
625.8382959505109,211.49855601275644
695.2699818741236,243.8292348318547
658.6006037803763,276.227393633255
663.8272855934712,284.63965563648617
636.911153089896,208.22523248365945
636.0046957177649,221.61318343574095
626.0578022576532,294.3598550096476
623.0761067633279,226.05095797234762
690.1768289064543,258.4442196231436
645.8533820628667,296.1206551042213
659.7871072794015,225.3763229964998
636.262214898752,280.22638717742603
632.4211083421432,229.17121973646994
622.9111577715977,209.91152541685585
672.2923859139676,255.38001305174572
640.3130607316714,257.96291348718876
691.3348371180014,188.7577547806842
668.9206010672442,193.53325875152873
635.9998970014645,214.80960906611534
603.4865221215699,183.6201180431877
625.2185510879306,240.84312976473075
688.1052818548636,229.24493975051215
678.0183789510492,188.29795869957314
648.2939097268364,187.62415223758723
669.27033745271,273.0751436522456
689.6723772586739,277.6458946689195
686.5667111127273,203.58973951535117
673.3659744440687,240.56732443613498
651.7848456935292,218.71529571609878
612.1767913421314,210.84239075277867
627.6823233519432,190.03035283751638
661.2483472542627,248.26317190126886
670.3490852092599,175.07219255506917
639.2598592189025,205.08915403749654
671.3269170497949,195.6996364273156
620.2728175287639,159.85155880228405
609.7355564198681,226.91149418076498
627.4084135939445,172.2184391953519
622.278256048336,226.9466734840015
624.0491104620729,164.1604616948628
599.1246688485606,246.00099738168288
584.9234622990803,172.46985078515405
668.1011196538958,236.13246629226254
614.1165492892904,178.8318541438413
594.0726724765073,236.92466841951244
620.6759029810248,162.38365231987163
662.0499519448608,190.3261824603461
607.8475945382684,228.4731670867539
635.6696837720248,139.74113173848696
626.4899149104979,165.69669406558899
631.515098681087,209.14133573108245
592.4605332803575,206.88240033515171
662.9150126751059,152.1221114449427
596.2152320750139,150.74747161294377
595.4720860086269,203.38799687093808
578.8689728844195,202.68251581614783
593.2030517621478,185.619504883819
639.1698415478368,185.6697681276797
624.7248260220441,186.43438654942162
587.9261047229692,169.88116082076726
598.2644467148873,162.4793856682184
566.9726840709544,198.00841846557773
599.9683100764354,147.875107123257
594.4605804049797,197.9000747682341
566.1814879923235,184.56613400698637
615.9377986016051,139.2672483825269
608.818286425267,166.6636496058577
597.5079389707295,144.87354577041552
553.1562138861675,149.54593255823218
579.3039439394146,176.7750761441228
592.8407753538957,142.11429576822496
560.7538917180184,156.32804905880536
619.7756365123893,133.68408280819335
605.1756094808507,211.09736338126035
630.8407436681675,183.41588990748835
546.9273045863143,210.61753510779045
586.8049903107004,187.03149054007469
625.7084220572227,153.99825890579848
557.4088005177354,125.57792730924373
626.0158882410144,145.53658383551092
569.4307137581453,146.29115920890771
522.9163907081662,207.71150598267008
572.2660992345337,156.50281545055077
611.070361962353,143.0058115929835
559.3853852532449,155.90706467810003
589.2216006477445,187.47737864688494
542.9653764369548,213.57333720921878
577.4999912649531,207.92172301571307
587.8597810802896,201.3341813591481
587.3377830270889,209.7953070006916
551.6019979130641,124.39183262295211
566.9656018056982,206.18706320326027
534.8921029083496,118.39830713086627
519.1374052851479,180.08298026066592
552.045129355566,191.10456673688157
554.4053240817857,151.3604812641185
508.1999687608457,138.58743582971397
486.73363913153486,202.29629592388767
534.8852707098481,150.1929470875438
500.4193338612133,136.23624997681628
552.3248003925655,203.24555089544342
578.3612033191425,158.00582826474763
572.0841392544406,195.60113778344441
499.24137876343724,225.3663164185043
537.1397760088976,155.81430290519307
566.3271337643424,139.92876469518185
523.8106636027286,182.4814821337193
503.1629100720209,144.67599264881858
547.171364690676,219.44046504466345
554.4731419198636,184.27642238367804
552.6681863968552,189.4864576896122
535.0465888250206,182.9628267708112
502.16083493717986,196.2081743627548
525.0108431490112,236.9003820466387
454.69250463034797,250.6769559900947
545.3663216941848,231.89352519274962
456.1035815701032,216.00757601657602
534.3773259119858,207.12811253260497
461.9495777396007,208.24620912066845
528.9147751364012,255.4284279187061
512.7307014581716,224.33662633296808
482.3317383020452,270.04378746768
545.1290408242814,268.8476915963472
524.7731306674249,180.38125303134626
489.0694313597277,261.25081074895365
457.21136638310963,212.94065002475713
460.1719973919526,202.60962132233985
475.89188367178826,253.74580964480165
533.1906275198693,311.5249071127213
465.31956170345927,283.91751112379734
468.26882170400404,316.8829285652204
509.1980653410445,257.4003062782186
534.1876749754615,259.3310530191453
518.8186961417084,277.4936054096431
444.4820257725421,323.0135504865646
496.6220525045141,266.58162964320906
440.9564504049463,239.6432527670464
533.0394761894341,327.3124322594295
534.4138683858669,269.6063112033932
484.86282031187807,301.7552183056341
483.104464728278,294.14486972107835
460.3001382603734,312.2993450352549
482.3428835578583,250.3287098132247
453.0455786237187,239.66546434241602
507.8082338311437,335.7976893324767
573.8961649816521,300.1338710676182
489.0854337047321,354.2026520985638
503.6888819240841,294.30434111273007
566.1603030063048,297.03462357329147
542.2931481069833,383.45249095567567
539.6552671442407,312.9777295196288
528.5759194625099,375.46935121583624
547.5745931369706,317.15050552158925
504.8116289093798,379.95532286847913
553.7885791691328,308.4810409858854
474.8839766589514,386.9218691444591
550.6729098449306,323.7299622333224
545.0336006554626,296.9401834939987
489.90114373759343,366.3312219057873
568.208156554364,341.482951711047
588.5256840793935,331.68755292586314
533.9196429072231,309.7935856374456
565.3510398567154,377.6992463806355
595.6960353934015,309.03587061712716
569.3835376431679,311.0093845697646
578.7117986803285,328.2173105855902
564.4985854015545,364.6227884293137
565.7904191076337,307.255272280112
608.162107141828,380.89350076679864
596.9120554938709,360.38019812689856
609.5071709010805,309.37337980809014
559.571213647595,387.8283729158062
558.0701150057471,399.65633348787856
599.5680708712724,395.18916926994217
569.9163942401792,312.6354577502766
584.6356831262974,344.41262322049295
635.7692352100738,323.09975025820364
681.0747893577878,324.2268563377796
646.2751901615235,338.5178617175515
673.1204389025522,390.21393864692885
641.4740685137375,376.1772975949691
657.9167815355796,308.5393792497435
678.831554141431,376.27748670233524
605.8048224307838,353.845013278904
628.0788507424346,376.34737974372626
597.2467809334162,378.8250971137385
681.0797016738264,373.12386942544447
632.1570491257055,390.2494264938632
616.1398128366999,304.11861767881294
649.6002708986304,332.4596111750171
583.1220367582771,313.4337688329685
640.9858157920223,315.1954252726268
714.4675791673284,332.16822283340304
678.5197628383764,354.17087797657337
692.3914065194901,349.50871311474356
676.6902140671932,373.0315914491158
674.913731746749,353.82124870999644
689.161815423619,298.654088814574
661.8321699132911,301.65653242909474
707.921956957547,375.65010568801654
691.3323421032893,357.0973069058015
715.559838083967,343.9896109391887
661.6594800164345,371.9150074322771
642.6443107574848,338.0201986728358
635.1009751991777,299.42162792103653
708.7467524713998,310.5265985317178
689.2546859362384,347.1021381398602
677.6201784039316,358.29069322559405
667.5370218046925,303.01034194096303
673.8254537935835,354.078121505072
734.9436964864954,350.658790702433
696.7489308100234,326.8230474178879
722.4518791309059,328.7038966455768
739.065678582948,304.16772894475673
652.5792088518522,322.3018678791401
724.8223824766067,346.89352477377224
746.0120782759889,305.01301435316464
710.131350187601,276.95609425577413
731.4452816498017,270.75813926234866
700.6905438287569,354.9808288984454
705.4190900468859,347.3862075025954
696.6646233165804,348.13748922841216
670.4786364943734,355.6570144670327
680.9539836262337,313.93122079513444
657.1438092807493,274.0593292628662
702.0549559276055,244.4062594106506
716.5314500924371,265.2676952848202
711.7583960079934,302.1061432319929
721.3784399688177,319.19273337461397
750.5600143363972,308.17245189491473
670.4268409796571,250.09832310655383
723.1948256928945,288.3249353546769
668.2142598761499,237.62212847061778
713.8023969225198,313.93614839766843
655.0191605429634,252.8719417703408
725.2701724992256,276.0024313978156
685.0226977151842,302.943469428978
660.1672213266164,240.28676263188805
670.3528440683731,266.8086325878887
659.4384475690471,309.93280935487553
690.9138185510287,182.30107182514786
723.6365336691074,235.54383751177386
720.135053686456,205.98254380826222
681.1724544412198,255.06869242820125
691.9103689155639,258.58893018677554
728.3615510129553,196.91970530423447
697.3055131035882,248.67212278689794
675.1171503681948,237.26385852056245
650.3186133905374,273.9755111665223
715.2092895873752,263.9848213170799
736.661767491202,215.28599888036234
687.458496676314,265.2092826620241
728.1683341877418,228.56869837375208
704.2354489882072,220.7849137974851
654.2924379019662,235.06678678467864
725.1442640214963,280.6446065813694
682.3160876683182,147.88284766496605
718.2249307714949,157.4841474724529
677.2021468403084,162.64242742835168
720.293562717123,166.25686104923787
646.8800482690956,165.482770527661
675.0964333295086,227.78956833040297
691.6848781440615,207.55947539599708
656.3087671206632,149.66074052146985
732.8093660814304,225.27644277453732
675.5199843568292,170.76097957539275
720.8375414005317,233.5705913572897
645.0460626084247,207.92150717353644
701.7817519146083,165.49364610272784
636.4960507168238,174.0420389275077
670.3260587701676,185.97083763303104
670.8367438438507,206.54931966381275
653.9992032192386,166.03235971475775
652.8492714950246,146.9365659611056
648.8727855327663,191.0314045026252
611.0223733420636,193.20569726105555
698.2490585839848,123.7175813483923
698.4943399205717,121.71241707236251
701.1123338283519,145.7953795985726
693.5297355939358,196.61430389943698
681.2640077780659,147.8640033883113
639.4023432684211,164.67038572582874
667.2755969504545,178.3045336147328
637.2871126030674,157.21413510964845
632.5392584746036,164.6211559751244
658.245435274242,189.19784750759186
697.6382552919537,147.56520768398258
639.6984985231319,153.23597740241246
630.0194398799313,191.80315890533183
655.7879117694421,134.83818215898015
625.5083549023818,125.38993916519735
619.1359663710587,120.31870897462102
624.1262689051473,109.29683389115758
615.1639076171887,96.93148539157225
602.5579053451731,159.28847025591617
660.7788749701351,186.09708802083208
612.2002702003937,188.43459402581428
591.4914634519208,190.85764449497708
652.7086926126997,177.30304808541246
619.7420353745083,155.62683680101588
639.8977576802233,133.0899436547262
588.3334493016185,178.3768604117362
591.952911370045,110.96763862829891
652.7913165131017,101.50516819306877
554.5875730369386,195.04664067018308
603.4868696014591,111.09498425218204
569.0912359687654,104.76798283964789
621.0297839373594,128.14787545022048
620.4579899103594,156.85288964534644
592.9534496014885,111.17186155504169
617.7487655404583,143.54029268314986
597.3331770626995,115.13506113824883
626.3572998456349,177.88614329791952
611.5797370229951,130.94679611950423
640.2781674241343,161.03894478699632
576.7214190588887,143.89405106708938
573.8237564964618,102.39187810151458
576.0689440768456,104.10858732591166
589.6519653310107,187.24400513724214
587.87995062831,144.11575551565502
595.404003936478,132.8840464053987
582.892406850765,142.43710864061214
595.9183392148475,128.18710535843405
548.0221574023514,206.40757908184693
543.177635683552,199.25454724501483
546.3458779145029,121.98890048920964
538.6846902971497,184.6504840338219
584.2134136999164,137.67677407955424
596.8149097417613,134.1913251426624
600.008824024859,168.7678165806071
561.1751482970401,147.74773498448673
613.2405883792269,205.36195937010234
627.0767016356339,115.065645327449
591.0867549293231,148.65149232551025
620.1841509798714,137.4464117351734
621.9604819731135,155.55091072424608
595.5979191908928,190.38686829593783
590.4753572099676,142.55559909589135
532.1321712138293,194.60924265640392
533.2649453028755,236.1178130592786
590.0876265726527,221.40125014533498
593.041038963416,147.7544829611781
620.4589388716961,177.44436090300962
603.0689315572308,139.10311460434153
543.2667224696133,152.27967530791454
610.395058253581,198.0784027422481
542.4915156029958,171.9768423964266
572.8376551987213,166.61678789665174
628.7674673342539,193.28872225141237
604.7233000736079,173.37956670726228
559.593079081955,221.95130202560927
592.8690495619373,201.7389329228286
575.2347874365908,244.36719889555604
586.2188725561302,218.37623245240377
652.4754675992641,197.21163738855114
649.8111035286183,205.56399044517173
641.2696079678334,230.55915004639692
648.203223724206,210.73530038984455
627.7248288688049,210.66383622388952
574.6163939952602,170.01191102306313
626.2739722926847,254.5386747758928
576.4920229889146,180.51146171216104
604.0340706012839,204.41128832928786
569.2008783343193,195.2694905872783
567.4142440814622,247.65770981374504
594.9136631422591,248.1961399487738
650.2578848805058,163.3242437528402
624.9829349229018,183.60931418015346
638.573545206104,210.40134997936036
655.8503981352694,236.29589275459435
693.7593286681524,216.94818365993422
697.14651807368,242.86936194190864
621.9747132061938,269.81385610201204
639.7362586946548,179.29303504951002
680.6161859361141,233.79971757343958
605.4691600579724,255.05989520023206
644.1293560290255,208.98464632986514
661.4137647109277,234.0833845800234
689.4543513246304,260.71399196636673
623.6852964623399,246.87449128848294
682.5054601200364,260.9994556827005
658.7550122495356,237.8223163010868
662.3348676436152,203.10505998482918
609.0133484177248,185.71508011005128
649.25810207988,196.32627699084662
615.8129660559823,214.85433575483796
632.7725675711298,199.2971474814844
637.6698719508738,258.59199664910346
632.7707034242537,264.25173016532295
676.8322866573111,229.1673589229253
619.4502529144874,235.3258419573679
682.128696092506,188.63189477244276
702.191278911845,276.8918994210187
677.1370278443756,230.17036467361754
664.312163042469,241.06717706424993
627.3752666104175,278.7794197772686
672.0029743710777,276.86532696340026
678.3694847332172,240.59039139497477
678.419396068887,237.6346579147421
686.4819926536652,188.69198969906225
655.9866549569217,231.7908541483238
624.4403797387025,189.12808173559142
657.3569293849382,275.5887529853668
661.0913801119062,189.75237228533828
665.9206597355106,230.87277036314924
635.227372603142,235.60417325124786
629.5478370443618,245.36012151289526
631.8944195532857,260.8186905177521
696.9263115176591,227.43940428943992
616.9147667690713,201.70126627276647
631.275208211223,276.31209500505804
605.563775851975,230.88674484979796
656.3234161063459,278.8514494373143
634.8142741166034,216.0202767531908
641.6974471070723,185.1806571985471
648.2866458524541,267.1940283930846
592.3890905612262,201.27789959181416
658.4544007738036,263.2800918659438
588.1537366051766,248.83818018818351
685.5676181094426,292.64002241222926
651.050012214423,224.32889923090448
594.8150275360281,276.68372344322853
666.2699026637802,207.39670295946135
663.391737210897,218.52506376433115
670.3616452141383,266.28937852952987
610.5876698244049,232.04523331280635
669.9791534805466,210.5375164375418
612.4578358277148,212.04268199368477
635.7719748308556,290.07491897827873
664.2462166877693,291.5350412537899
647.0953816063942,205.26113864031208
637.9765859915846,206.99653516587432
622.4734391021626,287.19032098630737
611.3567614505396,277.0665359225286
659.5806666822627,228.8044363200462
649.472725005315,297.5577163929272
617.9420186138343,282.9144073275066
626.8304593952988,285.0086178200904
638.5474243404584,305.47925364017715
573.3440370784682,259.38812215579895
661.5626733612557,226.93585205452626
574.2674935434769,232.18600250205571
623.6419280535974,284.75827086696756
607.0158925531738,262.04730184154437
607.6788183304925,281.7825091593307
641.1809364760201,299.75795448493136
617.8207969931731,244.82683293061265
653.7300903341479,306.7191195351679
655.9316369088151,332.0530394960237
614.947002710523,342.5721110930001
592.5311064960802,267.6813318395012
560.8858093649117,334.88082971374115
566.7758064323613,319.51242484577426
652.6039365556995,287.8682105094133
562.8124272094226,295.05031877752697
618.3158784569453,326.6834975324229
645.1199101679921,343.1961505065979
575.6999143080117,251.72101816508743
609.0428018492456,303.516725487172
583.1852564713955,297.9050549942578
626.7264904640185,331.2716595598142
637.9633773287321,288.27051606583615
560.5660876400192,303.66468574300126
584.0225886021469,267.0535528539934
563.2939256540669,348.06369830189374
592.3700006999169,309.84022984023295
606.7229790748951,297.6696706716491
590.7871769291736,336.0542592516106
647.7515153110954,278.31543886438885
613.5677206221491,359.25934794457646
599.6867123864721,292.5908197740243
632.9580124831435,275.00272245267456
608.2543875186668,332.87734895465
611.1862276174857,324.57104318524364
580.6244808862248,322.067556547518
614.9821742387871,344.48573763199767
582.5275177234216,271.50460577226147
634.897350119769,295.4406933710174
607.3687511420696,293.33681025015585
613.262458594423,352.52497772197717
586.0157125375072,303.22715631148037
594.4585917719508,330.67518581028304
662.4637380712935,297.28386416127915
636.9356337250704,332.9891517443642
660.6286052392766,342.11393561845216
605.2086479475312,349.3820840825159
664.4223849916044,348.56900348504666
620.7397614819798,292.5281090820218
611.3363134453996,346.3147183874011
661.0895977456496,322.922611553318
648.9354808149158,329.87296647838826
671.4761783490269,287.8907366536852
661.0710656722323,362.6921109686826
644.1426701150966,315.37029824264073
683.0122728464755,285.9360638976048
630.9643638748553,336.7708372623749
682.0760442005287,280.5002319754223
669.2573430072507,330.46144041027304
712.1542723431872,356.1455325677724
664.2767158437297,352.7966330643171
659.1941362407479,358.8625625300396
640.9306068119123,264.67188242125735
651.6754602651525,351.53727200304485
689.6892369595544,362.2238886219172
671.5643377114659,308.8105986164994
718.8400524693974,268.2994618277413
669.2340013743494,295.64192506622146
621.9307372433011,345.98649795771655
679.9066073992461,338.15465497470234
700.4045465018203,319.2055181393222
671.5691099893686,298.0887861318917
645.9183351672384,331.08758165332586
647.1926886673998,271.87822443277383
656.5505793097387,263.57189495310433
670.7386702499604,314.93542502421286
668.7009107774501,297.1886425470414
668.9225085503163,299.73581225551
723.8345753043548,355.0971646707951
728.2195415691679,319.36900605381226
687.0430075168122,332.7930916795258
726.457504183575,265.55371077366084
695.1240485627449,316.9808536136966
654.3325582832355,267.23951234557677
668.2387332055068,316.6962706048067
653.6527393271659,285.8186146536748
733.4846848503947,320.2693271223293
705.4949987937252,285.17967465540585
639.2589483567804,317.3349595477434
653.5618422402887,317.2337622781644
705.2114537377101,311.0440433051393
641.3200855446332,279.14595958953856
679.893741408084,275.0704805017793
715.9352976718083,302.3585678669585
707.7129065996396,348.44939715169727
682.5278221549737,329.15454737321704
733.3502826375794,333.4481443117201
690.8697561087063,296.3506584483259
705.3382559509411,298.8397128011992
635.2412269017981,314.73164252779753
654.5720386186588,261.7163379558302
645.0843480651018,297.9004563109082
720.0467650939077,270.43417185526414
646.7415017596676,291.4838852496115
672.164450517393,326.36695514037353
932.6746235202319,626.6819151490653
925.101347490124,573.2274643512021
945.6775450771775,640.7002583198988
962.9270528566,596.0420989049475
941.7015493132512,639.7351428000136
984.6616259645942,643.7747405079565
983.7238174233373,639.1649467082821
985.6082002730715,596.0299127114266
1015.8145899069325,556.0380278551837
981.1657371268077,636.4155481413865
940.6037798886609,600.3204263943077
997.4932107364048,613.7158637259992
925.9631410514978,628.9090157283495
973.4702582059336,638.966065372496
1006.2384712376169,581.1542980317128
922.873370212928,651.7957102625037
923.6024248441993,645.5973854499138
971.7932704783047,643.7853399125507
940.663883378084,612.3714147340273
923.7067482599904,580.6327121107201
988.9506604560422,565.9308685876189
927.3452369629179,559.2543786570992
1006.369936206736,606.1939266942608
923.4505247046498,604.2536542143555
967.1585260083465,565.1497645803398
996.1372635874154,554.0500584169558
989.9404546184761,556.7260529778923
989.7271196041668,620.9023912291836
941.5249097909831,564.1001257643293
956.0723567231106,555.2480359356579
928.4189881791158,554.2761382333674
920.2797636795474,629.861006557778
1019.1658265344059,630.4484634153457
954.1899447804826,598.2249198639918
987.8773646141667,637.5504560946945
971.9567548257065,560.2641525681004
955.5788711816828,639.1733988518947
951.4733384976272,639.3828240540919
960.5679392669755,544.1506687288439
1005.135243542957,565.8600015285673
995.2695734018844,620.9463891385614
988.7325924059068,554.0899951401709
957.7889930388291,613.1974117224925
922.6938099111505,566.5645227549187
990.8972477428956,569.1774105802547
1015.9174854653435,544.1378707673507
1006.8713248413935,604.6350657837605
1007.1862228851592,591.7179448066693
923.4100092599086,628.863903262892
951.9529922919323,529.4886502477898
926.3027622515415,605.5297012023678
903.6935772475283,589.151294117731
914.3534724986846,580.6624776891401
996.3880950277738,559.0882787481023
922.2262376348672,554.130757431408
979.439445031152,606.605592098927
1000.7495780096672,564.4454203146405
969.2667351627058,548.4196150278844
907.30458590843,575.4055108778058
971.7176764764292,599.0806773210321
965.1760424458544,615.2888004714445
984.2250029145316,614.6637176418105
907.3831521905347,604.9748672834369
929.5644281691432,549.1551540680589
983.9212784251206,528.7410886441746
943.166728050922,564.4148140508014
985.3201335844387,548.247004605467
996.0967555236651,590.873180840106
951.3864184238245,526.2396669833965
979.6156318123199,573.8258894189715
919.093084010996,550.1060678936882
899.5713879556354,533.1943496524226
980.8741632829056,525.2396308450292
955.4136023211008,528.2861839501375
966.3515135531451,519.3796865976237
996.5364778934512,535.1650702397602
906.5841389331852,565.3828928197803
974.1984641903304,549.7447824707895
912.3852530489382,515.819963865732
942.0173075947814,603.5962188872304
915.160520758403,553.225732524408
944.7561003493573,536.4797312717451
990.0843878064384,518.6699339041977
961.2954566369557,501.3221411485186
932.2213734681275,548.0718395025731
994.47972286208,536.6972827964754
932.6608353270803,565.5943216749707
905.2563834668955,503.0837369475866
905.6212083694503,561.3833913283676
898.0508330205776,545.9903464882713
906.5568027661219,587.6922541962008
959.0110853629227,565.5871442951787
987.2504025979421,595.7115736729195
918.9929702003733,595.6053792515788
944.3822836250002,514.7575491546274
964.788272914127,518.7171839218406
912.531377285522,537.3108505635662
956.5116188117559,578.3193713277171
930.7487910441653,522.4547013813951
941.2054622271235,529.2663729467076
928.0614714922112,568.4082453176107
957.405181178933,594.9933328653458
976.7786141279133,549.3581354212865
988.7357039081431,582.0279100578875
960.4477103049765,509.239502440791
902.5748756147618,602.3165703248592
891.4779621237935,587.7407368931456
982.0297718512169,545.230317063394
965.6644061185045,569.4400031938706
935.2524767296441,537.0271810891282
957.4790132823003,585.2081107575161
915.000681465865,539.344872867777
988.3479571986422,568.1609480408274
903.5618057523429,586.4174386696614
979.8244246258126,573.7479157648557
953.1584256442885,611.1929030428528
908.3321415160029,539.9239919551314
954.1087172558518,582.8945387844287
901.6119724462783,571.8081697580752
978.3704102525074,556.5451213714746
985.3779166276786,537.4245274667178
923.1173030788946,539.3560158282742
894.9267553743286,557.5051558578381
955.7172927665314,600.3195117794178
912.3303453590972,616.0096716587972
919.0430791486973,527.7673499018581
927.095584004366,575.3258150524355
961.8364816582115,566.273184703664
963.0096778114762,592.4020479095715
951.9959622065178,589.8403582377703
925.8598358873124,599.0341502520188
892.5447835892571,586.0731301369954
926.973899744797,605.4992096718131
936.6659033758181,579.6746828141751
907.5431768519161,607.4430222025605
890.706065591387,555.9882963003479
952.0402543533139,568.9261882666759
973.1530518149134,603.9138539911413
899.9037324829925,597.7156456522396
894.0630549723329,601.7272455547695
951.5490759973851,551.8750475198652
929.0189954575973,568.758992563169
908.5064121676357,576.8899157581668
949.0928327755181,575.4899023712857
941.7867301903501,566.909272212195
968.2563375537273,556.1460211076696
929.8385693391971,619.6906202534235
947.0359917663774,546.8403642765973
910.5300275086918,622.9002452680237
966.907374576273,577.5421367351529
917.0909596479034,563.9499356783647
903.3322919332941,614.5731036521547
933.6592956230887,629.7868988589605
991.0720759171137,549.9624844052653
932.9914062113028,549.4984091084553
949.035807745799,569.8715166809495
976.263319138816,553.6745239783178
908.3493736920689,553.2511418895297
941.2220230404118,551.0627264645906
980.3016430668963,617.0441684026064
925.657557880216,557.8117008523833
914.3957993417824,637.4241589345128
908.5971767579023,632.2699327179881
975.0721942870796,594.065162020528
956.9524926307087,594.8390276043212
1000.0854213536537,560.1933465840366
961.2273559103049,596.7671498587383
954.327595448411,554.2046360398176
983.7052776751005,621.4711336737778
986.0446232066952,600.9155069141941
961.1051808500152,602.3685346402698
944.4746735725472,623.6717920722839
936.7157431938679,564.5527683420983
910.5882602152808,574.0712263005519
914.3156642231124,632.5208453344279
955.0784295379403,584.7835874167063
993.2326838505529,561.0225703886701
938.9092241634686,577.378673584134
923.7811900100966,546.5599464924206
946.9496717505194,604.0403023320237
999.0133397378971,535.381277524712
930.7355051751684,533.6370941976596
1001.2282203030728,533.6223533651677
937.2267056121729,580.9697961630792
934.0074378430634,621.9091898665017
929.4526920897451,552.988865035807
961.1196023375472,556.523484915637
924.0092307269161,564.8674100982286
939.6842201869047,578.6496334481618
979.0562428370855,612.5130012208427
916.3267528731017,620.7173337856154
984.927899191286,590.4436913525707
907.954923228886,599.5135874729136
969.1300249669548,614.7128091529719
908.2603839933566,523.6195620926014
959.2166835928269,594.0123428464949
950.2743339613863,611.0373385456835
920.5043300616718,576.3374288534181
951.0282210934636,552.2603254619089
927.1374108659667,622.0335514826298
960.3954027903604,539.2809500196423
972.169922368241,618.0887578604777
927.8248080347756,539.5978645850082
995.0513905058866,529.4208071032715
921.485243552212,598.7641243692444
959.5485843881995,549.3205653692817
923.2065210343877,616.9726277752422
964.7220043560362,531.8005119322179
899.3651714781134,571.0127844974094
965.1227425972937,575.4409105832898
987.4051430187038,558.2022763272545
943.45601152604,578.6718360972427
932.9948797086917,581.5577861800631
901.6307022593165,603.0657129114561
915.2191323478304,608.0424337299677
911.7599882575965,546.892630631913
933.9577914613981,575.2492532282763
982.9902555057383,542.8510876449119
978.4341015798818,576.1676422236702
909.6529965750441,613.9646969695286
992.8329061325788,587.1662655754226
926.8618438803984,563.9438623011847
900.96535350543,609.4757908122175
978.3772926809633,608.5665484840658
901.4050064188565,551.0500951597843
988.7794535938542,575.1148620063964
997.7966874251865,632.6107287958616
907.2083788893918,576.3456493764274
954.382847352689,595.0958356951415
993.7711500500976,546.7228909884993
975.990220689523,540.9884621623116
962.1021078458451,548.9204862791713
901.0504976893694,617.033472656135
906.8162025310215,612.8591134917199
947.4559880474278,612.9071757273149
930.591264686857,627.2101422644974
949.7854503327897,561.3521662163273
988.6096541420329,596.2929933759293
950.4406488311239,623.1887127226465
967.5825598677832,565.9327072958315
929.0104040034167,544.6184536347971
908.5107577786301,575.6040324213818
915.0535332008019,615.3183192130687
925.7647517944977,573.2705409564071
980.2906735442556,605.6972590045747
919.7615687984639,567.8719115169652
909.5076262943876,541.1303567739791
996.1988887793602,580.5969699631119
942.6946878358303,544.5765343665851
916.934006008463,555.6289286235666
919.3650536550081,537.2786605767174
991.3092329165844,609.4671585220023
921.8270496552902,579.386911830269
909.0565211188698,583.9430535298308
984.3812170549203,562.3424334263874
940.772825620976,597.5944275877266
945.9169888341019,583.3429222051922
941.0292332386258,528.9261822087028
951.3505805970356,579.7479421665219
959.9323289640041,589.4814049895451
941.0896064929066,603.4763335569601
928.5714920800386,560.1895499763181
1011.2311624935248,552.4149959915857
945.6739295622565,611.0385290552314
950.3510896537948,559.5376350747264
929.8656159245594,587.2856733489775
987.3622200712014,529.3068221007599
952.5166344582703,616.173593838447
1004.646867836424,561.2040060780361
1001.1546865991337,585.3587418411884
933.324007480853,558.1270103886698
952.8830918636219,550.002842224293
993.3789080868423,620.5216135359309
992.4866937878385,570.9444749316954
956.8676992963094,599.398542931303
980.1608405596415,554.3002708298527
1004.4640120699878,536.0232536234791
989.7909628886325,547.5176171604656
916.6191685320708,594.2954791999838
938.2209184389844,579.8129819796957
951.1742276507473,552.1802859871344
913.8717603028432,609.840607843245
959.9964041273909,543.9923118482926
918.4919112716717,600.2886524766147
982.921376572981,538.4564302090864
969.7838119222804,611.0116224463032
970.9049285082408,597.9626964581787
987.7508821996689,579.0411040551944
924.9222576364447,555.1564714167341
982.7218739738548,617.5156971864105
969.3689939305502,588.0658351676184
929.150619256036,586.7136493628245
947.3393450449013,538.9361166792107
965.408727305048,523.4248810481531
992.5544857221086,566.4821924621717
983.0641746785075,582.5020033112597
954.1462554171906,526.7209321536935
967.6465012443239,530.5456734672334
904.7670773196794,607.4177999236764
993.3525123093439,592.7235363973084
908.8332340050234,534.690699001093
921.1330529042938,526.400393328973
926.1547519951798,615.8715785843901
910.2571902060522,610.084646399714
957.9924857874347,605.9981975837297
938.0417100432742,534.190529557237
904.9491195511225,612.6813041936978
990.09311509548,590.4469254375588
981.1837104373521,532.5369949838881
929.8058734120781,535.3065062713508
905.9374577703775,610.2860807953697
913.490495638098,615.9658992940622
923.3643903751774,577.9973274177121
944.9781190185596,581.2580245348908
935.6396603891827,592.5782577356396
939.1219881945142,570.6363359314171
929.1596358621281,613.4532544354572
970.3361912712435,571.0044810186904
938.9754625430023,598.1646858194255
990.4700760245524,584.8581806554064
988.0378249061649,564.4505830161987
960.4297213833814,600.0842387648339
967.1906495815806,533.6719925539161
946.314575942418,598.288487481899
965.0291626617828,555.9187885513119
931.0878865145867,567.3158812180386
941.0449277295921,583.8168051006553
928.2702916084944,586.4374648689528
936.8637129813084,548.0733244206855
934.1694005595765,564.1776354660784
938.6875536205662,595.548748190578
968.2110372598729,584.7749077210802
960.2978966661927,616.5072270433964
967.4281645181566,601.4955571371188
968.0111078583456,535.0874669811725
942.3826062560132,609.2695377075503
995.4111690346609,599.1376793674779
963.2153352002721,541.215374094646
1002.7702267200785,593.7313934676615
1004.6033343185907,542.0285872885347
986.5560148674028,596.9914117579161
958.9226796569736,604.6666006779079
974.0433341416364,558.6977350278588
958.4177661742931,580.7536710939344
919.4688404611267,626.6828505855565
997.2157170902717,627.2418342570629
941.967749211226,567.6474874717278
992.0285537907724,591.8230554768307
976.9649911538962,568.0708284389357
986.6953702933913,544.3336231434607
927.3185259235768,571.9917456809732
917.6818784099893,581.8493372542337
957.7013272218874,593.2744674198013
980.3300830365295,540.2963120815876
928.7134692523352,590.1213338552723
938.9519283296354,543.5175262656769
976.6621575739053,576.2046906847868
928.79434317983,564.0662898348893
971.2438001671972,541.948473803952
973.9556810098346,571.5234599517886
1006.8864733990193,541.4149936325581
948.6082612634818,590.4739731440092
1007.3400535191134,545.3271371349896
962.0891987998348,559.7149864689028
938.4459508220867,552.5837138292098
1012.9058708314542,533.6329323983521
1002.8865491026262,592.0221023563053
1008.8173248641485,609.6532460917791
981.0659148190879,597.8198700550481
990.8112942520286,594.4520593874979
998.6125910805081,551.0195627335078
953.0398942458735,525.8847537707361
906.2726818756192,565.7470191422458
931.2882626619071,580.0703307772391
980.7622155564592,568.788885463125
949.5885277627426,529.1066298543678
950.2114385134612,530.0207005373304
908.7557168736081,617.7309234653083
936.2774775433718,535.453872050848
975.9827906175694,540.2475933863104
986.3293363954416,576.0431096921251
947.1950676265096,562.22024452564
984.5449246374627,609.1784883609097
992.4262952561174,554.5154271379807
917.9844412771071,538.9972713381558
993.1924006018266,576.6537173715656
939.6393994124774,572.9421428948604
934.2881236344632,605.7203091096039
971.0273756318383,543.8860215411974
906.1473620929412,620.5209502674338
992.2817505599099,555.701596769605
951.493506199785,531.6507994486234
913.208933324788,620.775302880639
945.9083637678038,615.8010586494383
924.9094702563568,562.9036499073466
914.3369299069321,557.7616104998092
925.826624549871,601.8234518736496
976.7011777327173,541.5852182247684
997.8139957668269,552.1203169244177
903.8734958253717,534.3734742014303
963.4452516465954,617.8503988342782
988.5598182119943,592.016039104904
1006.4671416486245,561.7920548884564
960.1182567133222,590.7844746167497
922.6437884931628,580.0047918189233
974.5178951048011,623.4166145893414
914.4758883885688,609.4980618254128
917.1019042474985,609.2674149872107
963.7077138174819,557.3499969802358
932.2917731282461,554.3411641076892
999.7373223147478,565.7850914656264
967.6566791884002,588.0427554071122
936.4947783524013,601.4635215981639
952.2739958500183,548.5538156394514
957.4043261654542,601.3696745073756
931.3698737213499,584.2377210736961
955.1209151231599,580.9971831410668
962.756168017927,579.9442272861664
1003.3872394874877,577.4836387173997
942.6311252336648,535.9054375505011
973.7374811034052,585.4730043862974
952.9788218303634,600.3191806314912
958.3681346997455,566.1456705154835
998.5981067166894,627.0682924769494
940.1836273544271,607.2946180593183
946.2077901644329,536.8142691767731
921.1809823469778,600.9518782438297
963.7720550919566,539.2036924635353
970.4211513841884,612.667658880308
1018.778235489478,566.4811107429115
945.4026925602298,541.7327065301429
1016.4340018896883,559.6771875503588
972.8696113044161,576.5678371489754
978.6501677898289,559.7594444523328
937.8854400631182,566.0507253508398
929.7318109992741,604.5524079736002
923.5489729435353,549.8115738344302
976.5557057581632,556.5266386540733
926.8257737592671,561.3353902244025
974.4768709653929,565.2613527127621
937.139987983195,614.1898964128895
954.0353238296726,570.9629069457359
974.8400358038926,582.680189230901
989.2368279824104,554.1859977505271
950.1549844317385,547.7854032495792
952.9828407546273,540.2571940599425
1002.6560944663509,602.1551721965556
980.2869252588295,593.0926794870032
995.9430798315287,543.5572122692927
973.5390913253782,535.343716258958
980.6937846037313,579.9338451878313
946.5836578523675,588.720633251038
949.1100193298288,512.2460403066465
972.9842270319866,548.0012622249363
956.0205369546251,515.5166046763543
966.4061230725231,567.2135288196326
993.7968270769898,597.9249551421085
1015.6347155509022,573.4403976731861
990.0391831741791,576.5138345182623
957.1105491935389,578.925914449532
988.8057749844746,520.1847939068202
1005.4603966469525,561.2665231088296
939.719756831128,550.8795606280647
972.5955235892936,549.4459850954814
925.4648300743443,602.3986303299463
914.0550374458004,519.2605890628108
930.0023762762947,568.4092446371045
989.913457064636,485.44620191025865
992.8015702428315,524.2322659424382
973.5169586375271,555.1012309738807
977.1755685653782,547.1883031599366
974.9176823155442,507.6283317101957
994.4142932130269,535.7177561197304
985.4226419978485,504.295113394235
998.7006687930354,553.8852920477145
928.4145515250217,540.7172447307595
946.4608074981404,540.4447094094726
934.5722768929193,545.3448500059359
937.9258724142064,477.9878603491701
1005.738094264258,496.231677369019
998.3804367879015,545.3453447264031
904.8429633099458,493.3314452894566
961.9695063397979,503.45908746970747
945.4061357352313,509.03251948970166
991.0301146510079,524.0098434791698
988.8931988283412,466.7190541932282
992.5886355563587,533.6936066450073
974.2338260598624,519.6355721580875
978.5510509543153,540.3474479050593
973.7812461460063,497.2550771724657
897.2516856730821,474.76134958965935
911.908147675165,476.19723486058433
943.9099597330049,528.3721462168927
933.0040912265761,467.5079918790942
977.9031041540285,536.4298083464197
925.909813691465,515.7516450360422
920.7640220297662,518.4673144220546
891.5402969346414,488.3789413494746
975.8145717790567,513.2807145920666
929.4882172276846,527.1468298096476
897.3635707256694,453.67951514355946
976.3640706321495,526.0782884171464
973.0441367168258,527.9667963771233
975.4795505884456,457.68028905872393
889.1912427899234,534.8869903467729
888.9528349070995,486.44147604428673
935.9071131541924,523.6997294412799
942.0081207086523,474.04329077733314
933.2233027605737,537.6404968526522
891.9074733351351,457.68312866481875
950.4875475419991,471.8876103473623
937.3062169441886,500.9279746700797
884.1414791528117,482.13207383368257
949.5562160311558,475.2296207154143
868.1318117702098,480.2363271682476
872.4274707527808,455.1165934279805
902.9226795531133,508.4803561708504
878.431336272744,520.3321516397382
922.2412530086337,524.6075224349659
912.4612084778189,512.9058253198792
960.9971954839807,520.9090834011909
962.1878160392921,522.9502064628136
877.4827942200814,503.79706647724015
947.2612432428995,486.78678885822325
948.3286834030406,453.1255426388032
944.455245105131,529.2726216898011
869.7628535494748,482.22012332007273
902.6103770656405,544.2756962564026
931.4047590240939,511.79422750949027
929.6332957947805,451.0613348085689
887.475322452654,544.8691512765889
846.6756212924105,491.0876242302759
942.5784195931875,505.3026021656467
871.2347370372605,492.58829484883387
912.9695298227797,529.9874760853455
899.0043618682682,526.2617297567896
928.787384577675,530.2137076346668
857.1932164044671,451.86963403298006
867.1983333310736,516.7690495779962
919.4046060776252,497.0248158028353
927.7576907391148,542.6230111712952
922.1895781846824,475.74009698720124
922.1426227480898,542.2698776693851
898.0943896442129,465.1629609231357
843.6856992854636,470.36736873782786
881.1601718045397,506.1351323547675
868.314002820807,466.7889273424825
840.1994234466422,488.6392921196293
874.3291119723988,538.37265912866
870.3834629000677,477.160436919287
863.8129274063905,529.9796200799341
864.2428913659295,505.7472710675669
839.4752678310231,520.3383826711187
868.0927234901992,562.7847587926699
859.2788185673651,511.1722447908955
826.2703100543314,473.0086284657908
908.0713731085762,485.44605724682594
876.614036904323,564.2267104158686
824.5191484267125,504.00709381816387
888.464873599205,511.2331980820438
882.423114322985,565.7187771473771
804.5312752828379,565.1423239793544
825.0729752787803,573.3516149478498
879.2114577699992,537.7451927065531
852.3046884079359,566.4016993592587
889.5286832806014,596.9529218060857
814.3974368457568,533.2936855976061
851.1118082584318,516.5443063890482
871.5868051816803,577.0776449828234
807.2512480116266,562.9786392579257
820.0961170589369,581.1787361391711
835.8100476303607,506.34801698427293
903.1080846443589,546.5658584634056
886.6023850761424,523.7420279047119
869.6538760519521,519.1387235159218
825.7180444655706,577.3890080695113
900.4107546677917,583.0189614609906
815.602933969263,610.2366983773874
897.7353543148845,541.1973179637776
800.2551238187926,612.3913880141282
829.5220659623496,585.015502022614
869.1311499473763,616.1188297269715
847.0282164682078,584.6310585901277
817.7294307519817,575.550669551983
878.9234333367931,576.2612282351236
818.9136764618172,607.5818153525299
890.7628361663516,584.1011651482224
889.2277602831242,531.9332918962233
890.0264194845493,603.9849067245036
869.7413677964621,609.481995155679
842.9498912019262,595.191093214386
838.912070002547,560.5229448665197
804.4873322415665,575.048032051473
850.1022078343951,580.80272484203
832.5829456114111,610.8849628954799
895.6877184930917,640.8184333531485
851.8619011017477,629.630392956701
896.7034875040533,646.5460396172494
806.8173088098141,621.9903885135884
810.8224271644258,555.3133508225851
864.8049961033942,630.0619890326132
831.2430235258062,621.1449228873106
823.6847742897551,576.8158100291662
800.4700380477024,644.3744254477143
817.3957314577852,599.3593938352236
835.9829226921731,597.5182135633326
867.5271172128341,602.1440723856351
844.4181910529401,601.0234665996696
883.9869583933855,619.7487489757999
821.5265891614379,658.043457779361
864.899041130404,629.1145622274848
900.3413275013853,659.0205796946597
832.8661650356621,654.3593403185203
817.477920964038,603.3692973302872
813.0920203388744,626.6950220114447
841.2584718555838,601.7609084117095
881.6003018843242,601.551114690468
893.1691275714558,637.4740682616275
846.5809491963304,626.8226653595341
827.6550139043576,610.2755392012939
849.0392190879768,610.4120730602968
843.1931834680346,670.1996258199663
811.8768138519997,635.3548465778266
854.2795487961374,606.3504489351885
859.5935027436099,637.2206576225115
812.6556990917671,601.1682052577196
819.9845859251295,617.1338816075845
858.1395135505388,630.2872498651211
899.3704099909328,631.2163999019867
832.8533247800698,622.7919973716118
845.0729337171479,601.1319046767422
889.6209625288311,590.5393587698891
822.6643572340317,653.0903989300979
890.1510088962402,630.283162364489
885.9007306793678,588.1742377538346
813.598702104715,643.8451729657004
857.952961966069,655.7362959543963
836.2331947823991,642.064347353045
831.1186720716693,628.3824515802136
867.6602835715453,583.8284959379388
868.6671521441823,622.3592655883302
836.998606677644,665.4870313074956
848.2863852031683,649.790152552101
821.4392828314162,601.8116833915886
826.5712284966947,657.1855109704113
843.6593697973851,611.2532156589408
909.9129089469529,674.4531674139203
882.940152073543,677.1414804420634
850.0902312743755,649.2109543082183
876.7647099465063,637.2871145091874
826.2378048030246,606.4204540629628
845.3454228710866,644.0711748039621
883.2880553936561,677.679059310536
844.1412916474645,675.7053074266105
843.6064391690696,620.9347488033153
881.3315961703031,691.8062792072449
910.5369599296985,645.2761489551343
895.0442700877459,686.8761517342762
919.1731835799657,626.2716960500865
855.5039573842214,645.5065916783982
931.2199957660292,655.1236448855217
931.7141383765763,655.2716602545291
862.4908470676047,631.2975268367404
912.5467614003281,616.5182792148178
930.2368787687337,665.784835725844
852.6428960929472,612.405956429632
928.5286261110721,644.6980597607227
865.3263831225141,654.4345038065771
885.8616178417658,650.7220122351877
921.4963463439386,695.7541001614192
864.9564503714712,619.5094510425987
868.9696825175179,618.7181196403251
833.7108690643548,672.9460093629921
928.2611457313478,650.0236748866903
943.866552471786,622.4852621049654
949.3188741998407,708.0498833603041
902.2979598300276,715.6342224210989
854.2496618634025,711.827208389151
932.1845387459888,666.7069965651452
870.5806678827232,682.4586647381507
927.4200326760423,666.6242494111983
951.4192514948473,708.9066597040874
857.7018583585148,706.9394399071059
926.6460756494046,666.663101443938
880.494871544602,672.4093853587885
876.5492469126444,685.9327886885999
863.0593347508332,687.6248192404945
918.9874924931065,633.204144296247
901.8497251229809,651.5171471212392
944.0564609320073,658.2271790098455
877.4822342261082,673.7235315488128
924.425120389781,676.2357702708432
897.7450372796734,713.9514204443873
953.099127880072,637.6178044642937
944.527503319398,720.3562614949869
924.8536118324317,639.6624211757271
900.1410052171138,664.197002967252
882.9061223478446,661.9856866001161
886.4011082928861,659.0198159627859
936.0519549411897,636.7162476404368
900.0783891161426,697.1094318391446
944.6617564233597,704.6467139579188
964.3332138391056,633.2659773556318
926.1739295431603,684.8304453208012
927.5124131695978,719.9704633624034
970.8588404247544,624.7145176902019
908.7811558388288,655.1433828709228
977.6658997823591,720.6240927835327
963.9042663043223,641.0124544914536
983.6569718035407,622.0225690414183
902.8224437687205,658.1997984458668
948.1417354870312,660.6556246849749
980.3278608458243,637.5829928041777
947.405013677785,679.6424737404202
967.4249123865463,672.6409904441309
954.04771378771,689.839172066964
965.9000490343327,649.7183523541322
957.8433422746532,652.3810351951971
939.5559110995041,631.9293871632975
968.8248818896751,649.1168949278807
958.8425952967322,689.3935149835071
938.0352171640741,645.2434339860308
918.5412117695093,687.5025753416825
983.0132347838532,718.329061317643
995.0484053129364,716.9187889829296
956.498561907329,659.5682845869376
963.543740673963,678.537729538985
934.6497258612791,664.3816123580482
957.8542848500093,636.4613084271923
955.7544035946809,626.2237326672425
979.2850552627827,646.7770839729534
1012.4480436677206,670.4538092068775
940.1375272780201,715.2339858626026
939.0247068700307,639.8568906554675
1004.3714323201665,640.500152498421
942.1903714262367,632.7191723263103
949.6271764565863,715.8602033941396
982.4294833382185,641.7336399983237
1003.5609925472895,708.8388252151327
984.0989827672373,626.8164518156983
957.3629492852074,720.5382754161096
964.0054342819119,698.4649042259737
1042.4655132924672,656.251387094766
975.4399692163596,655.2567130214617
1017.5235507906925,704.6979001932855
1031.712395675756,677.8233156934887
1020.2037824901399,644.5895494885037
967.3948342041742,668.9655152697238
962.7365496618647,706.3441627140169
978.4765827489291,675.8315829740661
1004.8060237761666,677.6955354973753
1027.567143937926,655.1902786542985
1019.1943191813923,696.7699939983858
1035.775417036256,669.67986244111
1025.0544218536581,692.9176610116268
987.5239023184627,666.697683664613
1005.4174460133371,700.4540005914307
1017.5593904264554,689.4763659244688
1010.1261277026175,669.7662973326372
983.0308960438098,685.3368801644353
985.7409033691573,713.6528674187732
1034.441732579381,662.8275399918919
1019.9036213332439,651.3621663214964
1006.7500064767719,677.0158083455194
1046.6145313555232,640.1299385405324
1048.270132694855,668.9272509029613
1032.3238653559376,694.6353267044918
972.9686858905403,624.7530386061571
996.0096594121727,629.8415578650452
1062.3707455622946,665.8205700824399
999.9666954576581,651.0353717339005
1058.8084162211705,696.5612170127274
1069.1861591018767,622.7984334071048
1016.4290355663685,669.9087716700494
990.9234915446241,657.6061027950889
1067.170833597235,679.5951558860282
995.8646491946017,620.3332519620756
1066.7098997136472,681.1549122449509
995.3972853075022,657.8315176896816
1059.7298797761057,688.50648562176
1011.6783412983323,675.2216671036922
1072.966492898774,644.0219970315028
988.0962327881837,689.8136282681351
1024.594277494505,660.8005297921577
1012.3205494865801,692.0472916012002
1088.6072095302547,644.936273636528
1092.2082767834318,645.1125950450152
1052.3771188107758,629.2007105647165
1089.5515180254706,651.5998377671987
1068.7300297380461,691.9574747501639
1015.1359338781833,695.757077845431
1045.8905769037235,637.7999177511821
1067.0832716344007,630.6286922853286
1072.3138437676173,680.1931028176709
1010.5642422201942,632.3920254624705
1022.4940044392853,618.699849109403
1088.8071449464128,642.0936318940878
1097.2047534289534,645.216276718841
1033.7543128429247,628.7386472575556
1053.5315436038545,684.2211916187083
1077.582341881905,655.9059566626471
1107.117571870719,649.4832008512175
1036.7964210182206,587.1629851606314
1061.8888971773488,635.2635500946286
1041.8633883672412,627.3545131638142
1047.2630587303772,662.9270126408857
1060.7459689448408,587.1514018242128
1020.7019587192925,627.5970476429725
1107.020367769739,596.9045919041312
1093.4696717610645,575.0766866784752
1061.0966542753156,629.0826925070095
1024.316128012417,634.9497382261213
1036.5378921330184,653.0763095766581
1043.2674734266038,641.4103465541731
1043.2483289545057,611.5393606301983
1030.3815592488913,579.1251328829719
1060.9030712840236,589.3815167914684
1115.284684252941,590.3518002149264
1080.0109001916499,627.0552209977811
1112.3639699111318,581.5922313338951
1074.492925151506,592.0734701979903
1024.7119822691095,586.2300880157462
1077.8714225391836,600.4261190418257
1038.4608902901434,632.8498167873495
1072.8275012804263,548.6117012598155
1070.6850607377523,555.1406316951923
1060.0160542488386,550.3236055304026
1028.0236759621746,619.9239866923778
1059.7114282151615,558.6413718252794
1088.9409814359562,590.9151274012921
1116.2311298588024,600.3060118336444
1055.4615584172075,572.9717713290655
1099.1050537687665,618.7965135988409
1084.9912004766722,589.2195261158907
1073.1096578884335,542.5244405889683
1115.5814128380355,604.0615756595664
1057.9565854730376,559.01737129572
1084.6554256093075,611.0501618678898
1030.4577075375623,533.8708008940678
1065.8685244798278,568.1390889755738
1028.0932665037737,543.3082100333112
1028.6766074797213,577.3616744635203
1074.9413594004307,529.3984971137922
1099.7475645032223,587.2531624414919
1041.2558284642646,569.1683577290655
1107.8361700494268,544.9825714704061
1041.6422413644423,604.8655993017189
1037.0126666759027,527.406442805336
1100.2141518245803,616.4708443409709
1041.2073316588908,593.2323708105071
1122.173414659973,534.1355365080448
1032.127226229199,501.773274681269
1088.0565843720813,518.55798307363
1093.9543074478022,592.6591538147399
1063.8678775886665,576.6029751986691
1118.821154841815,545.5769110653719
1059.478844310484,541.4136359418046
1095.8520407340334,535.3803120048412
1039.732976898029,509.9942397128573
1049.7356299201308,530.1878283632294
1105.9051013369833,554.3369539623768
1090.134304717074,577.7862772643846
1073.2751030766226,570.1962535087387
1049.7813074027506,526.3544987567806
1119.3846617143163,572.4723704302332
1043.6558354009899,522.8234167878209
1036.9685406068104,504.002947672703
1091.8756725068843,525.5128179696925
1115.6873318119906,542.5185652071311
1047.4021070906153,516.4519150734014
1034.0274803135467,539.7733305002914
1035.3159077765717,495.36785232522914
1108.964724335241,478.9313740632842
1080.2003540711262,493.48442549960214
1076.851313420111,519.7884253813849
1058.4558156678534,530.1299494402415
1098.801289627098,550.5281145302409
1072.1959952956272,489.7707456353047
1075.7471241342494,566.2841362717709
1104.9114323647402,534.0245376216843
1081.1387808662682,528.5367535100056
1098.5361679239234,499.96196643215075
1059.1374412667278,512.277829156538
1057.7158188399712,455.1174810973854
1060.3166814623125,524.1732774503381
1059.1654317649522,460.92717770505794
1124.896083934638,514.6145039686288
1055.468127036591,457.82499739496785
1072.6190376518498,527.442799548024
1099.4943693262996,538.4929938772127
1128.4596412267097,516.1124743151452
1124.370163214961,540.0519477983427
1116.7560178074334,547.3181722576393
1073.6255903739216,501.69741450135456
1071.6760517744403,487.0531057840045
1055.147813760299,500.1030520650678
1095.778066185996,462.64790957806804
1020.2585885034588,452.27767114347694
1079.4140096168574,504.11935344967515
1082.7322389570727,503.1712106093922
1105.6970106398317,454.1120481699233
1095.3429199635698,522.7307846861589
1094.988052344031,509.04243858642724
1107.5143217785048,517.2157502793215
1059.602835096429,453.21043308207624
1073.960547720268,436.9188342651614
1069.1547593312239,494.4973004510837
1053.224628063583,514.4123959262109
1050.2315040875524,472.4459529630108
1067.0981960244658,490.83940386715267
1110.862862551955,465.6342206291022
1027.8149359884003,506.0066778456302
1032.7132897607485,503.976498052728
1081.4115862128037,433.37562856462716
1084.1218262020868,435.9955924940277
1024.1458357505055,496.4346208571497
1042.270962106657,428.6899055221154
1072.201672443445,423.6569394285884
1046.2060333446764,418.88838801792053
1090.589252050122,425.66332011991994
1027.4527236217941,455.66232788290137
1031.5332790014577,423.42100595543224
1075.6745756439627,502.4116934686416
1044.6163547497938,506.3915001907699
1041.24250802286,431.65872695900913
1090.3463682226768,471.651432389971
1016.2593543909749,505.7891151012451
1007.3812902355774,419.1667232368246
1040.5883083473973,505.2911165847802
1018.8203161575511,455.163135841085
981.9364227453798,403.4667778819877
1070.5235805802106,427.6725621787809
1046.4956467737504,441.65264126844113
1065.4944379871922,447.51471496802316
1027.3620879688206,479.6744416787304
982.5743105405892,443.3441509203927
1066.9721246633833,431.8637513546571
1069.206636749776,412.4982566831492
1002.4389361085745,455.66934264916466
1036.091716694874,399.1518456258745
1011.4286457954861,484.18684750665545
1080.7730304535196,434.11889413360393
1051.9728624493407,489.4403176158567
1073.4441637533587,428.56567718633863
1068.2435838995823,444.30135792231516
996.1626714178651,451.7486303306049
1045.65854804361,390.55579951711127
1017.732965176894,407.6725754428635
994.5235483335632,479.3842873881518
1034.4690903091907,432.43704616414027
1048.5365950963499,413.59206062555637
970.3369416770133,458.25219090010063
1051.6935470771843,396.32444136080017
986.3959719043017,416.075527960116
1033.1570753376309,396.924373873102
1026.3490529577,441.0999512173086
982.7235080891998,447.62662735482235
1032.1962994740918,462.19022362465216
1001.2557907978894,466.6042768795995
1034.336701305097,406.8251903514692
1034.9727298066114,391.3367482765755
988.8545457574079,427.3022976500117
1056.1414993312967,414.5090495563164
964.2542904166772,470.30438554795137
1035.8595264473622,446.1258040401453
985.3262651415583,464.67173824375834
1034.173849605152,418.65057059948754
989.1503188036576,442.8654816318026
1008.4373267383941,399.55845363652
1032.4463293568579,453.95480435847514
1047.7099880466533,451.43721605648307
1012.216415733345,480.26595360011936
1053.1836906917345,415.257490683681
1047.9460241237418,384.10755262921646
1040.3840768543816,479.9512277755284
994.5128191491152,473.2657878716961
1046.2421313966013,409.84153395617375
1043.7810243092338,414.5241658584949
995.6723708798058,464.2094325172786
1054.0855817781483,460.4635973288736
1021.6438301062783,440.08618306190095
984.8916570417908,457.2615886515246
990.2451623987654,442.41125687093927
1035.8419374012583,475.9226062797511
969.3070348011529,438.0618807253478
988.2475472710335,398.34090344971037
1013.8669524054312,467.796653460485
1051.1917292740727,477.00124059817676
969.3992078209537,464.94932108748526
1052.1971561624575,434.1416086035718
979.4463813498433,466.4233845784847
960.4586481075269,404.7936932183434
1015.1649587117533,439.6768191254614
1029.553863491286,418.00054606051975
997.5878098588058,423.9597962657713
1077.5863251860837,384.65492764805845
1064.1968928524295,455.0542455100104
1005.7645833875457,434.14118661915364
1026.0479758091233,391.9359885248237
1061.098774729136,432.5114247227384
1029.6663253418442,468.553780980059
998.9595752685168,392.3454092643554
1048.135981257096,460.6799829284578
1026.560968706297,376.6513159833324
1033.2353869750218,381.20786151493337
1049.9028294265834,409.0163215936394
1071.878061755158,469.34693808279235
1045.895296399297,403.133279746723
1046.7265812464236,442.91542675471055
1048.0625557048152,426.4996935011269
1076.0550463621096,438.6272774511595
1073.7361935207284,375.7184381489511
1089.1587298999398,398.63479495987406
1109.6431961681565,381.4627496906522
1082.18707084748,383.18141539548833
1041.9959868233764,438.8428745183181
1082.093005042568,401.7751907669477
1091.7380565937183,459.0247067541644
1081.8296846320704,452.8677761531071
1034.5214389250343,409.8598346738828
1104.2410406197862,368.9026124738468
1076.7854460296894,444.038712692094
1063.2884174667774,451.13129258653964
1072.3585333039487,385.90250703771625
1075.5641229277787,462.26171901279935
1134.025265599674,398.2348809451871
1128.1010800096255,454.94178515933925
1054.0856646155166,431.89057450917477
1113.6156138864296,418.62635868754154
1138.0085693476708,424.66342573482
1061.3083983550262,391.5652253680779
1133.2169889397169,437.8886241687749
1114.3744403911749,444.3879259437889
1057.9603740110717,424.78356335766836
1132.4936959603995,420.76879093452953
1126.7905774347241,413.18371480800283
1095.1645662284247,387.3467598656001
1125.5286696195978,437.30268380595993
1074.9427710050427,423.92270360950386
1061.893331678622,432.80214267388425
1141.3598999874757,414.9079096969757
1134.6752408129234,441.77456180932717
1070.2855723028767,368.0833504239362
1102.5424916062493,398.56691012793084
1047.9874777398077,392.86324469635076
1099.731018485876,382.42761797751626
1057.5854035212046,416.2700514732692
1107.5633672956064,423.09186078775923
1139.4879313370413,449.44506192293954
1127.3933563234082,376.3518846188892
1112.3132452475043,384.4154722610418
1129.2041991123765,440.906022507303
1127.479764979138,392.18923640686194
1058.0009227892901,364.11114596773075
1091.502973194486,421.03689617590805
1075.4830891412705,444.3232615371536
1111.4638779367194,452.66481974679607
1154.2983557596995,375.0174140482028
1090.3272585003397,425.4524518019948
1061.9946776144857,429.1586801473909
1109.9049332725613,396.0123795169946
1087.2533671239444,433.952869275697
1066.2621863333231,464.0961638519408
1096.0123832506663,398.9756075662319
1144.3516724379413,455.2326790655941
1106.8558651778042,400.0932810087131
1067.973832225307,405.2293780388073
1070.657125225531,396.94232456847084
1147.5487747968803,427.37545155592295
1106.9611305940266,390.4433108123288
1071.3426964230566,439.4255708684483
1102.9946994510335,424.5414098295881
1127.3007009413623,425.1368833070082
1119.8194233594131,405.1023719535053
1085.7764856167892,418.7930090252148
1105.9474401416694,425.9144673961859
1087.5671298553978,413.6072296156151
1160.9811351046346,452.76752233308935
1087.6576587544596,448.71361684149633
1085.5092863453167,486.31228915950567
1078.3770872986993,481.3686105424573
1076.1231889194275,416.684995161457
1137.7168328829637,448.50124768948007
1145.866183860294,491.33521748524123
1162.1275060821536,451.8482113804782
1142.565105187641,444.2273279999784
1081.4670129813642,494.25785539846106
1141.7633801646202,471.25591632693875
1159.5318470557602,452.32831938233426
1121.420826593856,501.0580606629679
1069.189161131445,528.0406928380783
1076.3073058720645,537.9584615076815
1068.0150160578546,492.9577096736021
1099.7921645544968,463.9535889146576
1097.3351055584294,509.3812226206292
1147.4948613102517,463.98482696791393
1074.5502300413505,497.1686313581764
1072.8505142229562,531.890887927534
1134.0791278202794,499.0648411650533
1099.3616748005352,525.2747908680344
1142.5288987643262,533.8721454919195
1120.2744698122613,438.3183028180763
1121.3443182893034,530.1467852604832
1067.8062671224031,490.8678393725804
1110.1747903643766,462.94316355926975
1143.0397437553233,512.9292340081715
1056.8862732892085,546.0402730231548
1087.4648640907922,534.9236975002699
1060.311527546225,544.2022812942671
1072.9316362212185,521.385241596879
1114.772441797229,479.0791809231885
1122.9102353097162,495.7296514922976
1106.914794588939,551.0415927975137
1062.2464372901718,523.1809546137047
1068.9772194812672,555.6024828945488
1145.7099532114362,514.9231782525052
1112.3332276799879,482.43261237410474
1133.65429975715,507.902318993445
1066.5736853200797,503.77644386905195
1083.0973074675867,530.1213541812889
1130.700375688096,524.8634073351778
1079.4920276742207,561.1004354842264
1054.700626740429,553.7589285818774
1077.253185807495,510.41178203633484
1065.2291417650658,558.2493961651878
1056.688863038744,508.04206065399876
1113.8050108626426,472.05646862069466
1125.2589570073421,545.3722753419279
1090.3815728156515,474.53874101467323
1035.3833314462026,541.2059773079226
1069.2422328842924,481.09267159298236
1124.2312034261256,486.72320157013246
1080.982879131495,519.3389047678696
1029.035225510361,482.6452055204493
1040.823687379965,537.5325019274067
1045.4089497589548,511.5841694778236
1083.4025311129997,535.6828204103738
1024.9666085260164,482.44806172328083
1078.3289340345916,522.0036819895324
1093.6750546525632,494.610836312156
1060.015806145821,495.2635945301292
1035.3840477270683,510.92159885152967
1006.3189521994151,578.4564860600049
1051.8677413549,489.5455222325017
1086.7698614709645,535.2316878514875
1035.743633340357,579.355787914454
1002.1055557349746,555.3419175434019
1039.165820463021,485.7404360701128
1030.0198501605162,569.9167212974255
1030.8516959204828,564.0814263808434
1046.981774196874,539.8468276002368
1014.981855498969,500.27788987176905
1035.0373196308456,523.5475102727353
987.1870943739427,558.8793576157045
971.8093997473699,590.9400328658216
993.9702860963943,533.3166269455913
1061.7628199834967,521.3936234252042
969.9721626693114,518.6279475604471
1042.0826413943194,538.027704482041
986.217118706509,527.5908827229861
971.3291486168764,547.3883352860194
1055.186842660098,524.3932458021707
970.9056321256454,572.3505038021535
1038.238255746227,516.4823385589518
1033.169780374684,543.563087330519
1063.8937909666415,572.7633182555384
984.4268827874548,520.1285047023248
1003.7766873229942,567.7011590447466
981.9089504866081,547.0650825130156
997.398665710603,568.5991467923944
961.7330284012977,569.7860452692903
960.1429919069801,540.0329499561212
1025.5033385300615,569.2114363025696
1036.150454647764,524.6685485796404
1001.7264436548916,573.4219927866459
941.5780624362154,534.439440924599
1002.5196724310387,601.5920448795757
1033.429959511677,521.7083936992366
977.3736862701153,511.2607881190761
989.6616060119369,521.40527547956
970.576461945908,565.5361952732673
998.6093810871605,592.2180553292234
1003.4286969790921,574.2292342860858
956.3826512073288,576.5387700347366
939.3907665375575,502.97154191900233
918.8465920219687,493.75718318235533
979.4069101362547,554.0214085024368
991.5873282354346,571.3837544886646
959.7980592988896,557.9081231309494
999.0125439043818,490.77339732471756
944.1685030631234,492.02939474471157
940.5313226501993,535.1135978222362
993.6885148247547,555.1390650763602
1014.4814040172193,559.3780638681892
950.6028444866017,534.5593213289044
942.0285344697967,572.6086747485806
1015.0546130339399,542.6189218641073
972.5868729978773,505.18605333466024
993.3409994591215,523.8409867239391
947.1367552104412,509.8038710305186
948.4461535123462,511.43502400032787
937.7861102388775,538.3489426639363
921.0749012673948,456.89182316894556
924.5319043914466,463.8345634067436
946.3839455483569,500.63769202302615
993.3822045661404,504.2819584488326
982.1795890672377,549.3683939065238
959.1536274487656,465.65936637791
999.7328801920642,489.1405037387298
977.7006421871224,542.8738128321642
935.9287972319694,469.01185378875846
963.1075987564296,552.5496030395984
951.2965115787308,511.1708313830911
920.1478916133229,483.46036949419414
917.8053217720317,530.1372340243236
923.3375564449472,501.30269484277716
916.3195733985382,490.9846826977814
914.4094398435071,508.52175422034367
941.8217462986349,539.3107529746082
953.235628238336,508.588211579259
953.9475503935502,473.3275324219966
956.8967499245256,530.3863583113089
936.6556213195429,494.68911486057215
997.2196904163538,527.8856456855448
947.4606686529246,492.9142177891824
996.8183249717229,450.58494543811025
1012.5527851541547,464.238804781008
1003.649214975205,475.28923643895854
931.610523601351,500.840948351908
942.0175782189883,499.12260954868486
960.1296202560343,526.0304455881621
960.8845191317366,536.9268488498686
921.9580478696603,515.1310555531444
960.098959735242,466.2665407856521
1013.8288431172818,455.55034201595566
1018.3768956708016,481.8147212792799
1011.7749004915931,529.8277619689916
1013.1364470982294,435.434297466688
1025.176798585332,490.4804709843971
947.2009605268651,509.7895702334082
1031.3479147563119,465.40039162102124
1002.9931256233235,461.8979046282295
1018.3541532419048,502.78637804967025
956.380071198739,450.670735368248
1011.3006198728226,474.7001680116896
1038.9631284366612,468.23141388819624
1039.523370063485,454.9123682202896
976.6619524359354,431.32019306354465
1010.8550029644824,487.9546220193219
1055.6580975420811,491.9398843316965
1072.1034425415944,442.5876148080395
1060.75873349518,466.77085994198467
1065.7223529145506,486.8209814200395
1075.298117800127,490.7713635992151
1027.457486917113,443.8380675967123
1022.5231821420308,472.57652916006623
1062.7848190490643,442.1216405276331
1080.1956249220775,456.0115225098094
1070.392560646796,489.3501365347448
1028.103464785334,513.7723170446021
996.7444476256157,469.51739337578476
1032.137132229156,454.35643569307854
986.9501945003443,459.4001642665552
1031.6970803422482,440.0269361372748
1021.1241607498391,486.69440643834406
1075.6206998539633,505.8621634227643
1035.5512558630508,475.9653997186306
1070.5307385390477,507.50945288470615
1034.2095159236985,458.15134701335796
1007.5332904812752,532.5077459273587
1018.205972411261,492.8416357817685
1021.6330834643533,502.5852318991198
1001.7676282825519,462.26616081081534
1069.6152295320942,459.0656782132679
1032.7170063226622,457.80898320050716
1003.7857205486603,512.6296563980081
997.0283756084264,510.4583102912342
1081.1583052822073,540.3877005774393
1064.9184788163811,550.1776286524703
1014.9723388355071,514.1889807307491
1035.8438574718964,466.97357713690946
994.4388671498872,563.3702399621998
1075.190296310449,515.0429093953381
1030.9942637850115,494.71041399424547
1050.63440568124,485.32379482355924
1085.9172128108203,572.4492534332352
1075.5506038537753,508.528849532869
1003.0130193692235,562.6034313842414
1021.4022728370326,563.1588276716834
1088.0873497434666,576.861329062928
1005.2088282314975,542.750762758978
1038.773861119043,554.536868200901
1007.7761033013342,568.0750617125932
1013.2699711124562,530.005535553948
1045.367579806647,500.7096015229349
1074.934159066971,546.0377524546708
1034.4813997223196,553.8255492538049
1015.5472415705116,543.4219023610024
1016.0403120359671,547.0093621590572
1037.9241180400356,595.5895435477543
989.5733667190011,598.6761547109014
1049.906020807089,515.5683939172363
1029.99180812093,562.8900401502483
1027.3960095263117,572.6107747905629
1043.040515923155,587.8987649054458
1070.1432363887645,589.437337413613
990.8782628667444,575.1106142889628
1066.7154144910714,585.3226981097929
1043.4666973356682,529.4114155251385
1058.5475173808748,557.2749560539899
1026.8043574324597,592.2427562673813
998.5672887027397,522.9746332645967
1037.1570439223328,510.0190944418305
963.767357336114,520.7846886664255
970.7577072605834,551.3785530552718
992.6111723940744,568.3280019482139
1023.4877368134042,512.2297274877088
979.7236124377296,546.2423740007148
1037.684501220647,513.6122280538181
976.5672825698733,574.9881180082555
966.6630805263826,582.3411226060919
978.6712170179073,589.0725776396594
1019.2234710677005,570.4448678743853
998.9222898187551,527.4143198046445
976.6471232319342,536.6829625845082
948.6010575990471,586.7725862199967
996.8233139428451,563.2656097533729
942.594528689285,548.0223495796679
1034.0739744877294,594.150224971177
973.8372355374619,549.6768055390091
1007.8105625144187,539.4277353877287
935.5265502620794,520.1064487577472
994.9953847522324,498.04082565276104
934.7638007360207,499.6573770287723
930.2780165448129,509.8430924952285
987.1395563234009,526.3749740532479
923.8390073167878,524.279934625043
918.5123784011575,579.1997846100867
964.7678824703337,583.1298926405193
930.8125181974176,509.13960606887315
998.9526649866918,557.0632422879917
975.9164493959636,591.6029617540873
945.201991065552,498.0689226906446
936.680063828916,595.8775340713453
946.3551004015164,507.7994890612073
973.4822775562845,558.70297510345
909.8208729214925,473.4098548995332
994.3871507769687,528.1117269306965
909.1575209166507,480.8650864982669
926.3104506847047,531.8427086068282
944.8880083054315,492.53934873267167
926.4556588041181,468.0301780053936
970.3141320016332,542.9349582399324
967.2902527004278,468.8065720189737
932.788521195724,514.5225713547181
912.5674028915892,556.7220991381566
917.272769900786,510.74019355898645
943.0313643387934,517.056978866121
911.3514670061526,526.6633883828695
920.1461305856011,503.8304167493012
974.600743189191,485.26903973857145
1013.7628062104584,506.34962216128866
963.6726012110247,469.3834176403193
969.7982141601085,520.3324041118291
998.8442859467775,492.31546084779393
927.3760907184114,472.2853501458535
1006.7325927856682,471.9161385651063
916.2941012979444,472.9885948580748
927.5549783975988,493.98096582941855
961.131087186928,519.3662675477202
936.0536984989438,466.14031264022196
942.6951875093507,540.9549510694778
1006.8560788009868,449.3665177106777
965.522529795204,476.228736369842
999.7052023188705,456.75266604897035
979.5709351717808,535.1747752321743
978.0280150828316,463.6111011124107
1008.4276602148368,485.74728169225625
1025.2219631494195,466.2338949999294
1004.6393445158268,530.3057645267194
1033.851503921871,519.6426261755006
962.3203158962123,539.0082017887084
943.1221626475391,486.3556035821088
1009.3443327619415,525.820856307309
946.5019813391481,469.8640149106652
959.3135535082204,517.5862191399366
1036.2316689299998,532.056091864428
954.2220565856729,458.5123118823454
998.0286960594647,486.2145569621894
998.0914528635966,500.45123602523114
1032.2943607250395,482.8127292501611
991.1404974252895,483.1519968662984
1005.3460213397991,509.17069008502483
1029.1110207542004,522.9566246814051
1001.1384172965256,555.0277765384043
981.3277358033293,466.7542218368149
1060.4138025078828,496.25434277142716
1012.1129575297284,463.25902109741776
963.323844783506,531.5941833133154
1022.3848258089156,458.343174940198
975.2208609057411,490.71938888058475
988.1773963984075,492.05923019906714
975.9431574556125,479.8337545468617
991.4622795289255,485.0978494770527
1053.8743445378313,471.84350128390236
1043.7549431744358,493.7271200557421
1037.8801545677118,514.301929909984
965.1353477448126,458.0692550527416
965.1227784957332,479.3742406990648
1062.189615221049,504.55659954077595
1004.2212832357176,510.67796475960046
1031.7339070745356,554.4222150571535
1050.8078344764838,558.4292709956151
1050.1945579150158,525.8939871122672
980.3930907006275,543.3049471864962
1014.6652620757184,530.3272746641319
985.535624101082,559.8426797280237
1030.1936108203138,573.381624521782
1050.5258017131189,501.9643134183541
1030.010606397603,531.8876156785476
1050.3055834954066,523.6278238006535
1027.3984241769374,536.3047822690979
1043.80975269507,504.28425030893754
1036.851674834781,514.5713295675439
991.7180080248545,534.4905119793681
986.3218641279001,571.1752707040741
1036.6400161907493,515.303311210999
1015.6549531731429,533.4306656244588
1009.3227131007216,532.1902315416943
1007.2992150333553,588.1910659754944
1009.3711134137094,581.8114981961203
1044.31892431082,505.4347116326835
991.0862348047796,555.3532759001877
958.8216115776116,513.937118162676
983.738827786666,534.9968672350191
1032.893973463803,541.3317978998189
1029.0990795110743,531.8093966548183
996.3729352770345,553.1693545348086
1002.0564267909348,519.9446498410038
1050.6186939244403,578.485389992101
994.3736901180916,589.0158288140542
954.3593751605893,588.5453711023536
1027.6111936418392,513.6709506002517
944.4779010273911,580.5426527723617
993.9616544456383,565.7667971390914
939.0092319042071,573.7124907836491
980.2462675295283,495.75446422144745
1027.6507709940443,556.1319125445276
988.0666275966638,502.40908680644935
961.5266192927223,554.2459990901089
962.2364179620836,515.4993863303647
1022.8292215178544,508.89695877084915
958.3940712214488,553.8350380053158
961.0502911287441,558.8439758796117
987.5016605738685,563.3557026574927
982.8122432166751,534.3679329247407
978.4611964497308,496.1658451964348
996.9727543574386,494.87489313626435
925.0556801021567,480.16651700156143
995.6627069154938,527.635478885143
996.7364230759378,487.0694118722896
965.5552833082288,559.6553985075585
926.4400662208502,538.9643316979997
974.1821680595525,571.4074849702852
993.3629021577971,573.6859634617263
974.4496378146553,505.19209753483864
966.5604434330237,539.3704459008544
942.4911739284773,515.9681666441433
985.3853891101044,478.2407325110893
947.7602797148319,535.5071451529369
1010.1279306771966,494.89231993724496
957.689486404791,535.8612643325362
1011.2201591125944,550.6435458159484
982.0371624850541,491.11296546267124
949.8962865102036,528.7837493582759
987.92775973976,552.3281878907154
1003.5205917685654,503.73177581511027
986.752482566212,510.7610439514888
980.3590598394003,485.0291111621608
980.4266536970672,475.4452032237774
987.1448336097624,548.0954800336258
920.2510339211226,464.80818382424815
988.9851743871421,470.46720706434644
974.1476545756944,551.0888001049507
919.4066432243338,470.7740090274509
945.5006466689165,476.8378403665695
942.1987343848415,466.7412254759682
1009.7598156736649,516.9123647311027
972.1323036992125,484.2928756770128
1004.7483836611073,525.8775318213903
1014.2019413353643,462.19877315813017
1030.5073848963063,506.2659331396541
983.8643534301334,513.2731800568752
981.2635879424572,478.0430243034651
996.0808399329698,523.4333899673157
1001.0194797479019,499.5450597116214
990.3245880755907,474.1074597860349
1022.4540102499247,508.46242060236625
996.7061669897471,505.7118600842885
996.6288293637162,480.41897389149403
1020.0695144259097,486.8858030205411
1029.865867336014,482.81725370691515
952.4545432170758,550.0480737064424
997.7397255106077,520.1319255134713
981.1970145903094,478.84391278306185
1018.9994816669125,478.28489333079995
998.8976962729923,520.2722851603853
1022.6289402444811,528.0944190121912
1065.7395110268178,529.8830522230435
1018.7089445765885,530.8927641190338
1054.4382793869925,560.1817089121266
1064.1569415354443,479.6200729201929
1027.1175312200598,545.0680079793357
1054.4272803046063,485.9919026595173
1050.722638481978,505.1753787591124
1040.0535904123396,484.62957785658335
1069.9286188742035,511.04453489586723
1003.6481085328544,502.52794888476154
1014.3972644884994,506.7803745479749
1059.289269034005,478.05962073319085
1003.2021654175093,544.5671815272417
1030.435305891241,531.3156301549136
1035.8585945498914,551.3853408141172
1009.9706983749513,517.2619130292311
987.8476763057847,541.1931384870708
1075.2806545254773,510.9513992493455
1037.0635489739452,522.8368953298695
1068.6125639046745,479.51772863941414
1001.7226991443388,533.558556210296
1077.019275189608,507.2792517293295
1030.7609046729967,553.9367122707197
993.2237457603024,521.715522166847
1060.8203444962362,481.16107261002793
1071.959554627504,559.7969926260873
1083.5079328788265,574.2027415655164
1056.9382192586907,514.4141856461325
1047.421438577157,522.4896186420211
991.8215479918928,532.9202171033426
989.609747433625,507.5374204381215
1024.9338453481,505.7340411915206
1060.8313828267715,554.1939981133531
997.8478798655267,534.233443495353
1070.826840555729,545.6076588615882
1001.9181298464046,591.787930513378
1005.0066541146525,558.948354531931
1039.8831018101137,494.55217553543423
976.3583467160266,586.144878042896
1024.9303911825155,574.1429221449193
1016.5786319123295,577.3701671237772
1066.7875921761486,544.3596781886365
1071.3914577108014,523.6281788484561
1039.7925309980901,523.3227587136525
1004.762641117822,551.5452002774852
1055.1550316705595,571.4731651025517
970.4267771246781,518.0620186767345
972.2893526184438,552.3135199503214
995.2588815005249,590.3601589464218
1023.9795122168491,559.6304229597641
977.0970235910162,520.6854449195623
978.5507059688476,560.0171244036508
1044.6637083317933,499.05201252603064
969.5325831006348,561.0760488709853
995.6862099128011,586.3735906610231
1003.0889527812747,521.9624727055818
1048.2030972250063,534.4940955519756
1042.938233792124,570.1465951347856
1058.1634845558717,530.7962011813709
975.5993704009031,507.09556639043734
1020.355990874669,497.06708371362663
1012.2703545963329,554.9467141908106
1038.2352062203227,570.2151995894787
1018.0494820445472,563.7863934007925
1007.2852605929527,553.6230935506819
1070.2619509969568,488.5104468247365
1026.818028591656,568.0714113321574
1056.2149856953283,518.6833139771538
1053.3658379780657,496.0818496480009
994.576426577623,509.61960277318116
1038.9084057422672,573.6127113610746
1023.6228436742334,481.97122839276244
1023.2865582785824,546.9250045313796
1069.150403990896,535.4588006061006
1025.8160687183356,519.8117885509232
1003.632184970964,552.0062189409961
1064.8043503765891,540.0810300563714
1027.1385306355542,530.0008925940634
1040.7676870656207,448.3145957613641
1052.6939582939156,513.160523778744
1092.4359517008609,468.616272965331
1015.4426865563502,500.30904346724316
1032.9459080979236,455.3927118534211
1097.912652502426,531.0168550731848
1059.599745174335,543.2346317686915
1076.011967671032,495.7035471684633
1112.0191789843993,543.0629853403196
1029.2075053205385,498.40962739992307
1048.950622166796,534.2436338031445
1045.4031404114373,455.22452132898025
1050.2842892778442,473.87150740947374
1023.6817856923097,491.19199953023985
1055.55223572596,498.8842629710307
1124.7333468192342,433.5436976636839
1036.2753512564245,425.4913952370693
1079.440373610667,411.86233792076865
1056.8015805168402,454.4494953272759
1082.994974117804,430.72542854164726
1123.1417983386423,472.75254901785496
1081.7491313396954,476.54383200330483
1051.3834857487393,504.907501751441
1088.4206852334696,449.5631965726058
1093.8074890998348,452.20708430688296
1071.48972216925,432.5264155428963
1031.2855552642377,429.3284167432782
1116.817442200072,477.5915117831951
1128.7420903664056,455.8876674623897
1070.3913606612741,459.6649646431553
1035.3900255367769,479.88304357169557
1100.8646317571347,449.67131802859535
1112.7388102954237,444.7725354980495
1074.7961289830423,452.11349693959806
1089.568789712353,459.68746861782347
1049.5267051281057,444.9680910941245
1019.6077247904642,415.2079698377336
1025.927137538081,454.9361809973881
1028.9366587830177,447.5031725322824
1026.0955222491966,419.13145819811865
1029.7450089682436,438.274182666854
1085.2183301432515,451.07290749795646
1037.9281900163462,453.28567686672676
1042.1300354919842,415.665426579127
1052.7405141069598,445.54188986533995
1111.6309342750785,397.520424544014
1055.708227121574,449.79548143983766
997.0849598207473,416.10684368017803
1053.224168001178,457.34362170450373
1000.0222465593781,442.2111013769791
1072.9283272900257,436.7815280603938
1026.6602262948177,433.48826261748343
1019.3040200232491,391.9566626017413
1043.2619381308014,419.4895613276716
1041.5117570847506,398.39632623942083
1003.1049914786439,438.501255013229
987.7577843519614,375.947446680062
1041.1341576741124,448.4285306472922
988.1744845526641,444.5465635380285
1033.5994007776073,415.8071509448787
1085.0720101232823,441.23318204040083
1013.5518013673122,383.7354036449258
1039.5047498112526,442.3941428586645
1014.7653958679289,364.2033371253287
1018.1938056001572,430.2734992488431
1031.4017310100332,444.71736684664756
974.8109908919118,439.7200467090437
1047.3598992484915,361.44296994947183
1019.7394195599808,418.25236026141
994.0649697462218,414.73482196112127
1023.2112464318227,362.6386473634541
1027.562980299252,359.84426694602064
961.0419106569699,372.08411705730634
1018.169898427669,395.23625040657697
982.9606317841683,365.22037731324167
1046.0559959494751,415.17427983618387
1009.5618001129075,423.28687079037655
1039.893724081698,384.0779860316227
1004.3482211898862,409.46899268830737
1018.8496452705584,356.46824246622094
930.1234903400222,394.20985954990965
991.0121292800242,440.346722895623
961.469567584896,415.7450253326292
953.0873478317428,354.26744909357393
1017.339118244748,391.6379765603853
986.2001303534636,416.9163237568681
951.9036371342526,421.7294370927785
969.7529931348945,398.90059630924446
982.9870173503238,387.6999032914431
929.3297504988273,406.166876550335
969.3274500666574,351.0580652643324
958.3875995114719,404.6271403057698
941.5862203986937,449.1735242837933
981.1570272983239,422.98408189686796
926.0665036404304,424.5675265068047
980.8265593259938,381.03126891691005
908.5719983802536,376.6693540973638
933.5181852987663,405.79891221648455
973.2228785686165,432.4979117515817
959.006519248345,385.315518649985
973.4738320690697,447.43001525155677
944.3606387978591,419.55577320940796
965.0262581130088,428.6709542020913
990.3560048427601,412.6208472232335
913.6197376449022,401.6881073823676
908.8799214366711,446.4037984151791
957.1662888774448,439.66764657095064
992.8711801723497,457.7220253190327
988.4756065881506,375.8623186277109
1005.4395356648005,398.9592532796169
915.3655013138155,441.78613643615694
975.0086488272889,454.4273742809743
969.2191200658438,462.46438880415695
923.6873240480518,497.2240317190211
914.4252682408273,476.88306454612666
923.7266939427194,501.87852113997377
989.5696404237174,430.71034279702826
933.4647972416725,420.769409376109
973.1215557031896,489.00850068633633
947.1275304408632,493.10442032777394
939.0516430371591,498.8808338463297
953.1897800119045,447.9356793967504
924.7202054714717,441.1008475897202
944.1582258019428,417.31053752152974
997.1971132149386,408.4598868949171
974.6042384790059,484.8892737917348
937.9129437024473,458.688833379418
961.2037967616938,467.5049647328852
932.9065283595138,439.1447530017076
993.78259076562,453.34452925158814
930.2065592848531,491.8039012388856
937.7692517365637,473.5909572544614
948.6484135678671,432.7716733157888
951.0059840533189,510.829105703076
955.3699411463538,481.6582392615723
955.729424323917,431.79721459008573
966.6809411916881,479.0037234711589
996.6953628664103,514.0037237918493
1009.7582066149837,455.28040619610834
936.410092154324,496.40201037182743
947.9325096464124,526.9048988388791
1011.6981999656629,431.8666395282764
968.2213554081862,480.61831444375076
995.9778959657456,513.4982393410708
996.4005122136964,478.7456699002217
969.9150862084324,498.3981660548351
977.5787928549859,448.3434920397208
974.0288053614421,480.391758891696
1011.7337028508408,527.9489506196054
1023.759978361189,530.8120309297137
999.9461349684092,494.4957988170078
959.4840401201473,511.3230258465633
1045.9043368593218,499.36033823978136
967.9107697681835,483.7267232894056
1024.3777168440727,456.6588346600034
958.5451232880387,510.5847511518574
967.4830281109473,485.79385127605303
986.5238016133807,439.7748763413847
1034.7238843976681,514.8556756859477
972.2744022731475,482.3127186427149
1064.8216583472038,421.8917724048243
1035.2912303966607,448.47700110202845
980.3911611178478,504.51670400490497
1034.9196183364543,502.11779016707146
1038.9757615791912,442.58670687229596
1065.057881101002,452.280938860653
1020.9105651730839,485.23808886879596
970.182037642789,508.11689663532593
987.7679493544292,444.1251196409969
1043.0714966709193,449.9221928179685
1005.9467175865587,482.0887153241748
979.223337559201,501.7819034322573
1020.6397396599683,460.91901634398704
1036.59702621424,420.07489064916774
1035.1807973703644,502.7562565214212
1005.5145490273496,451.50973587817026
1026.3142636615455,464.5169331914089
1053.0480123136463,434.73190610532964
1007.6925621791759,398.47372685304185
1025.5902752765915,398.8687697596492
1055.7959343918214,467.025890589663
992.5615269474567,429.566167077734
1052.8229062721769,481.9517535570264
1031.492359071984,478.8617783169715
999.6982752633772,447.3399356226767
1005.5441243892765,402.7817122447004
1043.2270373241602,415.8988570638121
1003.2138323236859,474.3165207141998
999.0060759011513,456.30497026778136
1002.5506761109143,402.8422234836934
961.0514780323945,428.713078326294
1011.8313736296782,452.9995065949481
1010.9406275325489,459.90636650958174
971.2866225947776,449.67915603744405
1020.842929494167,456.00998323222603
961.0782434407189,410.1338655844894
1034.9433148728556,402.12562027055276
1022.9220480684851,426.22187947628424
953.4474209848477,433.8431390231783
1029.6899124318102,452.012338804564
960.3551875883265,444.547987274824
958.0684168869225,409.8397205826786
973.5404276345014,392.2306882262205
1024.3175817074246,424.04104298795636
965.0994576089513,455.28341762397156
985.0637273812814,408.98402084940756
986.8458233695,448.6074033162546
986.6630717297822,457.8386761789604
987.2703783011962,385.34910681989385
951.2995635120193,451.02084951871353
1003.6904741823512,427.7765342727316
930.1297592567125,423.226695076675
959.4582777985615,377.79801272802973
954.4552348583283,384.13200844771546
975.6253071871911,458.9536920765455
916.7344653217995,451.53586157021374
986.3129954338558,378.98127636847136
925.3800877946568,436.5710182927647
927.3099588141597,435.469806221833
959.7146764984689,405.91406021761696
954.2944092552922,457.30826864712776
1008.1583686245425,431.7428934978063
962.3269409882676,414.43392563842644
991.0497262212979,442.9782946360354
915.7727218825507,452.6230101899328
961.7836534304158,389.6575554392417
934.9351754712825,479.37772075645
986.8494893696222,446.13173839486035
942.8108237755202,475.32122697468844
900.1604334998041,423.80196890564963
992.4277501549052,430.26256602689693
929.5786329685425,443.6368814698517
910.6391954194833,462.6388097164565
942.6870342891732,406.7286368528554
925.9969391520094,416.7675162704385
974.4267266321161,482.59336176362444
931.1532184255736,385.77689287516205
974.1542155288221,394.44673016970125
932.0548161194979,387.2741351389388
922.0225233751222,447.0380484658766
976.719487843488,501.77651969166754
982.8102451032495,425.26954373591855
926.081990986748,426.28938789885694
997.6635184838013,423.40265990864555
997.029339561845,455.30085974537536
956.1736815846637,491.06998263239035
913.5905091280579,434.7671573137959
938.0063776453703,488.3346129651874
960.0754775096459,427.09693780500913
923.5222349538968,429.4464684588813
956.9724134730495,500.0355648288431
992.2970489066508,462.29046045276095
973.929130653051,427.4574568467023
901.3533446835778,447.96591602987274
937.1611551241914,443.91725225802384
977.4210414711908,443.45774198407685
935.7185540987916,518.8399849730866
1021.1732557976895,471.26147371553014
994.4398655606335,455.67259615430817
1010.8991415108035,455.52752360290026
956.6292378057987,467.7687648318129
1021.3973701390003,466.91178892594036
983.552766415099,497.4143019606718
1007.7670104078658,519.8549790219718
993.1995622782201,512.7311406681658
1007.9517565601258,461.7235215360841
1009.8034194164089,487.0131562993322
961.4666816495476,503.3592088112456
932.1644099584165,444.6944711964075
1022.5205649617792,496.9082132900146
1016.6264173833608,533.6345418818989
986.9039686785117,534.2261354776927
1056.3009631837083,472.63788221130727
1016.319735050375,503.62821256756905
965.586189704346,527.5237349688598
965.7025973369466,496.0495024398793
1049.11108926124,490.6515511357362
1000.0972603520546,478.5781692384912
1035.756347148382,525.9466308987837
1052.5138374240973,504.1098805635146
989.9863412499903,488.843216785175
1033.4794846872508,506.08609913396873
1038.2016445365084,520.2897202214642
991.5778611190599,547.0920350351453
1026.1129979970485,506.1404687799348
1014.1314520366178,512.4867397245708
997.7925552862027,502.4126407824233
1036.966698987191,519.9318804444271
1020.2760475149704,543.9463072318779
1014.6241534349975,514.9437494223486
967.9320563455789,516.1276562503036
1039.919802328258,490.304128571818
1011.9667264781189,488.022802562323
1043.779141782136,545.4118664422375
1051.8691845664443,458.2276910463803
979.1460951197312,502.01952999704326
977.7775620840105,529.1993439805719
1009.1073896841086,531.8018789265508
1034.1307931576616,508.1102861980246
963.7867387646377,546.4658343534156
1019.3739941582428,503.1872675237572
971.9818358030831,499.42411520634863
969.2423609295305,540.7981687983487
966.7425413031749,497.05108893282505
1035.8676896741963,484.5382242289811
973.0597400346317,475.82282156747476
1012.524410953729,518.7412203134134
955.7494317539606,491.8164537941543
979.7259816854929,484.5201448999701
958.6214068867873,496.24811079574954
1005.8802650326575,536.9981353066266
1020.6485119939995,491.3888759097955
970.4817439678704,491.32041039755984
971.939935219634,561.5591748215193
996.0922343106814,557.568045910375
1011.5693124935597,469.0165571349755
1047.1254987444936,545.6105661600059
974.5573813867375,529.3675834155782
957.0165390548439,478.3264765794415
1007.8823191826988,564.9555853467857
997.8394786919968,491.11101384128955
997.7078440361099,549.2053031223484
983.1855656034537,547.2409953888506
996.6946171715668,502.99177947403984
1018.0766619070038,560.9754271054105
935.1174845858328,521.2095713051896
1028.7151441484255,536.6900078215893
1027.6020082284035,500.1207811302493
1026.6900778645486,553.0641963311873
951.7342389272916,500.1316990758435
1028.8729921917623,566.8247738052073
981.5278179776352,490.6807312452524
942.3960799359223,504.3321103492289
950.517082187096,580.1941221680469
952.6090428385571,583.6993699273817
1012.7487410726807,549.9808239757996
972.8407352291292,535.2342102247883
976.1292445084026,615.6602429334237
973.8222977762259,566.3471350075527
999.8509126828998,522.1943681856102
969.2432808245051,537.4897286687792
945.5862590994728,616.8382933068501
936.7674492790255,523.5614293216547
952.7367027443854,572.5535212600208
1017.4591364885889,567.8809779508574
1020.8866614796474,591.7333619064074
928.5862469140856,568.3149967246151
948.9502274508853,598.6163948718948
952.3566215848539,582.570030688383
940.7210775214633,546.0458195463973
970.1551073021251,539.1393822107713
955.9422077616052,642.3785960558042
945.9144661463342,623.5083771790923
1039.9470177890353,592.1947632160119
941.2875775783756,568.3560886653919
1032.7057583258147,569.6484100752423
1027.008366095342,593.1357763802713
1029.1880577687414,619.4398578311736
968.8330355525962,557.9958424001055
947.2111268319698,637.710502044838
1037.537293408315,635.1010759709009
943.8073503405767,589.8275646466751
941.92073598767,570.4722630849715
967.3170710961502,551.6510677106777
1005.9091186741449,574.9014259244318
953.4289419926358,627.570586684006
1028.7787114210432,632.2183213115557
1062.947141926139,581.8302047341667
1022.1649093336342,620.3228868325873
989.4551715390893,569.5715239004347
1040.193143245303,606.977472074091
1044.823697118462,582.6423824402858
1066.3311623127559,605.9137648140439
1046.1653508389545,557.509023307981
996.7893684243273,555.7032283411723
1064.6039828465925,637.119105383312
1015.1932539260058,625.9132996974956
985.6476674329364,633.2519801116073
1058.817300418842,570.2874235146037
1055.324093240569,612.6658296017946
1040.3165978649258,576.0411044356129
1026.3309536957206,631.9545766450618
1058.1953255631818,568.224551951816
1022.0262331316547,571.6692982276775
1001.7055577561964,524.2497225348689
1000.4709351169083,556.139136474773
1023.1191377956862,584.2160037461781
1071.6709944295585,581.3280046072596
1038.3292375500935,545.6621236289345
1069.5903861324339,524.685519745062
1042.5970764535275,518.207319295004
1056.7066951741776,566.9123208669403
1035.3300766738969,581.6214658925905
1040.6192548855913,595.6056336692518
994.8335823361898,534.6876703021591
1013.5634286039704,554.6683692919548
1027.9441241932677,596.721697990902
1048.2961761714973,586.1737297641282
1005.3291464713594,559.6940397589444
985.6735614610575,545.5180844407244
1016.0725244889901,555.4236882200873
1012.3174047195888,563.2390223828935
1001.6995084474601,520.4511320603649
988.2383441079306,513.542371224568
1000.1947690432138,565.4180095746348
980.5484133971173,564.608347683487
1019.4530359459151,528.7346510271955
1069.9854902000925,580.6863262298915
1026.0596766990896,562.3353420573683
1027.0042584196674,584.7869073301988
1073.878190274371,534.821606635313
1037.0677279842585,519.2678429294842
992.0706255078603,566.5925035559699
1018.8368823811214,512.937476016325
1033.501504781243,551.3041005739044
979.1141607986481,515.0113828895797
1015.8464718677457,506.9538100930178
1023.5295312987246,506.34787361006937
992.1813786119426,510.6937175777593
1067.8106838808694,490.9281153898189
1064.9694492048786,491.40439032235895
984.0760708171038,531.6541406548168
999.2065393246058,471.9227118229233
1051.6864315337516,518.5490651357724
1002.3385903150629,539.9754494408198
1045.5855433950737,520.0186312907617
1063.4590557184706,498.8668826413607
999.1431350315728,522.4568443121682
991.3315339001817,529.3779442028227
1047.7480417066897,498.41841828330894
991.3190661378213,474.3689836053044
986.3976031967295,479.6179811647284
958.781473542997,496.16660463895977
1046.5072418498573,470.03209514707737
993.9065652001593,550.6125505964792
1026.855160597875,552.9934433237329
1016.3227102154202,486.64882083631693
994.9661175393406,535.2828143336421
967.4049929985824,554.0616035831741
993.4816583090868,557.6881858494254
1039.948324219271,534.1787605952095
1006.811999320867,495.2957851697545
987.1928185555013,499.78049195989166
980.0820641767151,541.1568641849087
999.7139355584807,488.37807977785195
1010.4944608112424,488.88972075558985
1049.7881601927727,507.7623629181776
987.5920999191459,585.2488273861409
1015.1414859934354,534.3785483200398
936.6040381760702,587.4159285622588
930.2559205967461,585.8365851146701
993.9657380739291,497.1223873274275
967.8424068037272,511.575274454018
958.2201616954759,507.73359052030054
1027.88897411598,567.3471711092386
962.901689184144,531.3189590539957
1015.2168656981459,566.9108969961302
999.796868304121,533.3190807013266
1022.2876253801467,557.4875735475812
1014.1684475491883,538.1674510972041
977.747371812889,550.0087576531886
1025.0313286263622,500.84835430240724
955.322027382181,592.948295399978
934.4256475764072,579.5794491716231
945.5343735904222,600.8476145794593
1011.3634217146357,593.4520692112376
925.0006811895852,534.792605552541
983.8414921867451,533.1033707942353
1002.6124097240445,571.4955703512048
977.993488602596,569.0577179386854
984.2269355600237,556.3556756183932
995.4119559898259,606.348290198134
980.6660147769434,544.5499268640702
992.7846359769303,577.3125905067145
934.0688676752197,531.4392211394321
928.540250602922,609.4054470408585
996.3121560055326,566.9065772552917
946.3860482962223,569.973533879676
927.1406437539606,562.0107729183359
1011.0482756962823,550.8487902775458
1021.7632754135276,549.2720395581753
1018.6899096059226,558.6502072906661
999.1920546960669,547.2951211968477
943.5473717714009,578.8150957033199
995.5537532609541,592.041664675863
1004.4038131545582,554.8932628394157
991.847013891103,581.2144170691646
965.0042721859318,533.3437492602221
1007.5304342223011,561.5338992640222
952.0463312140049,565.5088215170441
996.376561121036,618.2478035247982
1017.6814644588472,584.5321728808053
958.0105170894632,570.6886259415168
1002.7559261425046,569.0640303237701
979.5882454404042,590.1584132283583
983.5365086152873,583.2226038453198
1006.4191371124839,557.2946676756695
972.1922601944956,568.4532088971376
1056.4544303135967,561.0441904959735
1059.7574881936016,596.5681732288853
978.3960338021832,515.918846361419
976.8741851025541,588.1219526387658
1011.1948773109493,591.7896664732735
1031.8530148177124,564.8825745052295
1013.3541152536372,552.4272163536391
1060.5667639958838,526.6595752085349
1003.0806226882473,535.7489747676923
1039.206140438818,553.1190636355627
1030.1958270610603,522.2172133506342
1044.7449277122225,560.9374724520766
1019.0156610865066,580.4858114622244
1048.448860702158,553.6350978340967
971.2350687114226,544.9782294983812
987.9891561695924,507.17687465660435
1048.889981945133,546.3795254643566
976.5638839911096,513.6425325283429
1044.534558890187,515.8802753945445
983.3051919288915,504.8262156192666
998.7981577337615,551.7009811094249
1002.2384245636774,552.1351046316258
1037.902737055264,569.1734033892909
1058.5156811898753,566.4543296235632
1066.6735442101524,522.4715815311241
1003.1592707851097,510.00545401118694
984.5869081185008,539.0910713782
984.4226806296873,558.1167878076706
969.4297643986747,514.5145041878312
1009.1644933697842,561.8278262870907
957.6429048136431,590.4241062620392
979.2101044973673,544.5948309519645
1020.5532324306894,512.4755954365938
972.3994641558044,572.3557475610052
1000.2856248351369,504.28571601456014
958.6195088596464,518.547716141692
1003.9694151276167,577.8092791185392
1029.2646262503572,504.1962874804886
964.9508316407314,544.5495934380228
989.3697270915742,511.3696556721034
992.1333303047581,537.7877897886582
1028.5705875557362,522.0607759078225
1008.7160367234105,580.565870937321
1050.0235515258564,553.4311881389738
1021.2124144833795,513.7800181180528
969.6009350873276,534.5505536442603
992.2483155541963,525.504170263112
1020.1257241818043,555.997816304663
1018.8725182290366,603.905651075569
1020.865312849913,522.8739035723328
1018.2292198163325,554.4880386640583
968.8261393009022,538.2497499379431
985.8148232771374,605.6713304156441
999.8276454771956,574.490886715974
981.726656805276,579.2368763111524
951.714875534358,590.4829842038121
1014.2417412414708,560.5553557154711
946.4442712762817,550.3985092763596
1018.5601889938409,524.0140764930094
1035.6478976794142,541.3900704523242
998.470833097291,508.2635791534128
970.0688924627875,605.2838141828074
1004.1410764104921,625.7548274359586
997.1333569367179,617.3304090850208
1004.476271457416,603.6103723329583
943.6884201572028,544.343531187513
941.2802135192995,591.7337559242351
957.768147609284,604.9267101389646
939.4193655201564,568.3460424301021
939.371748459182,586.6231725416694
1023.3747485446263,568.234667300849
957.4195773440058,565.424821997299
991.5359916389283,611.3170559551812
958.1765558465918,585.5081554339874
957.362532583152,559.3867655359195
1010.2643226092865,540.4421834103589
991.5168992523078,579.0971421883714
947.9263992993198,578.7908741984535
980.1360725691557,618.7516941660763
1038.420409285525,588.7334586756639
940.585055296391,612.6518965748577
940.6623594484636,587.9543007806345
1002.188498079869,569.6543246297622
1012.4345059874989,552.6857390135539
961.3502922553997,627.444466687409
1037.0064256821065,617.9994161089514
1031.0000056748809,568.2413690152113
990.0622740615585,608.8500621403412
1022.0502198540531,629.7696238417017
1032.3367259915515,590.2887612318867
986.811986742526,555.1377864804513
965.1595255473576,613.9128447188572
1031.1502014143832,626.3710780594789
986.9827990470357,575.80603280181
976.211251340504,602.2809494442877
1003.6536796537646,626.0043556250662
1018.327156863776,636.9722767034333
974.5150123066155,592.1484425269747
979.4005099156025,545.4293412658068
1008.5703545231876,631.8703996085554
970.3676588116155,624.410474438425
1040.767320983649,625.6169199066546
1052.4168421909003,546.6326935473082
1044.0052569768056,627.5314604040758
1018.1843556268309,577.8816698166615
1026.5360301018623,541.7004725838085
1053.6715972784407,541.702524548688
988.9539708409376,631.7434627670277
1017.5475326557123,552.5463320987868
999.8789555470098,619.4285902965383
1069.9710501044815,530.2870947148053
1030.1574923022013,549.08477807355
1047.3903394402932,594.0377385976319
1048.306715139048,545.3307957617733
1015.0945275415763,601.4385308984633
997.1666912301537,531.5484960666885
1026.2952236477672,625.4340929459797
1055.3826869961244,528.9178986035813
1004.114720474893,602.1692861720875
1003.0365414405084,553.2369797781223
976.6983803209489,588.7224440811773
1041.3494116610386,606.1283853786522
1067.5595020041706,544.8396921107758
1056.1908099698917,576.7960084574523
1046.1323389365668,616.3958602912796
1033.8857709031763,563.9756862940819
1033.6202231536497,583.9973113272456
978.4657952276478,508.5621652851499
982.6724348560733,543.030751205829
965.5462711107293,572.7002309538759
981.2517372107067,544.4714007413589
1042.7400825445723,548.7074724349683
961.1167473455181,551.4436630853403
981.187693522128,581.310082829857
1022.1717823540926,546.787272759655
984.8751520739717,524.99331476911
963.0523825955964,553.5770648922481
1030.434047761878,556.2838202323234
977.4872944303719,596.6982451892061
962.6527227651466,516.1739847666903
973.2075172905628,584.5567423880752
1024.382430118848,514.2725392070707
964.9157790938691,506.00137939763704
938.6731578160869,553.2672377768648
954.171600834241,584.1943459322705
1002.3120204804094,589.1739484129296
952.0420013658013,580.0282405369376
1021.6438341680262,585.7110521236176
936.9959142455025,545.0430883783639
981.0112896689108,555.3331300207303
940.0511894785582,559.23786707679
1000.1200452786379,505.2752867382468
988.221359568518,499.1817046224114
1003.208352384424,571.7115915306424
998.883312388507,571.0874038050348
973.9105155751034,575.0955087807885
1003.7152024523683,553.7507856937552
952.5827436619134,595.8783412045589
948.9974726330904,521.3234917736017
962.9525091567618,595.3262020421993
949.1424797146257,506.3620704725825
978.3096295387529,499.2316921642504
968.1046790727423,558.3885644005592
969.3984069878969,589.2494802893395
913.3523704488663,586.6233861590329
1003.0082988377916,527.828968457099
988.5615368215933,574.133926288973
951.1749598223478,521.4480146911689
976.380420426151,542.0648455218633
991.6263737697145,560.3864305450219
968.5339077743004,506.2688638595795
1002.2012317487655,541.8873804311713
939.0554912197462,548.1718110998543
935.9379381702089,528.2042085614332
978.6260078176609,590.8354844196402
983.8931025547624,574.0254053749227
956.8695576147114,606.6873771442656
978.7412085016636,525.9476552506306
933.394809223725,556.4977833507065
977.3136013562589,542.7906549769792
976.5646506803193,585.1125758653233
933.3589701407338,570.8500001831683
957.2465945604556,518.2059598005977
1011.9809015927115,517.4216352277176
1011.5242919605976,532.7660273159341
945.1462588028435,512.0551917086226
916.9118063396512,546.6551105188973
954.0037137104586,556.9697151000338
997.2836856685853,584.2046262632298
1019.6835001161533,540.2831406010862
995.0097249211113,534.6315343622915
985.012455481825,546.3935124450746
944.9762502342317,542.5679741675954
948.7523123699218,616.5792085483353
1019.1826468588063,575.7641090615932
955.8163453093064,527.2712816551731
1006.9112909051091,548.3538943383069
947.3460348220652,544.3236664061952
1013.0094754595314,552.4460335806689
974.12761451485,564.8171013820144
982.1522218733162,526.1525726001597
949.779495434477,564.8376038239156
940.8016315182664,600.0498861873392
1020.1725150026733,601.8316199634517
948.2101275643034,612.7735299222766
1020.3378862450913,546.7557575854013
1016.5533714213568,579.7617362288665
1050.153005133086,548.9557080208668
1042.4888816685877,601.4388516490297
1048.7116174469095,535.5567907547106
991.6670078759076,610.4582151149885
991.5603610247243,540.8952793478737
967.7684118472005,585.6377171466373
995.3765074222126,521.1507694109627
962.5486432902637,579.931911715083
1012.2141316210398,607.5912010253651
1001.6830016650914,536.4243087022548
1011.1950252606529,572.6982865815186
1027.2549624116098,584.323958242127
1025.4218723558636,549.0344000793095
996.8434593676928,589.6973828550066
1050.982738811029,552.8542375140657
976.3588269517388,539.664768680816
994.7214716470265,542.656178239183
1031.9956971570632,513.7925966242223
1006.5486408582361,588.5174842291663
979.1493518795404,546.7857386140853
1054.8291922238093,584.0548690559434
982.7690901215838,534.6214508627514
990.3129918999248,501.82342805316364
999.5033840108399,569.2256324248528
1009.699571374695,536.168313912608
1040.878511048595,587.3199983206616
1018.3038787570781,502.0255052952262
1011.7062338756919,510.2470149356218
966.3668633974949,523.3260963519499
1022.569489034104,503.9325925507571
974.1145849096805,544.6652768940703
973.397593607007,580.4897491145239
1030.624480082992,534.8752939401044
940.0803586383527,582.0731201979416
939.0408960954373,576.3608451623325
986.4383658141452,559.106515703518
1005.2550757751258,562.8812592877451
979.8702243554446,529.2433131599764
1029.4099781268726,567.1968597131245
968.4509173652029,543.5565324947523
965.3755654447576,495.6634134167759
1002.0006781202688,506.0831055759327
973.8291725261089,533.5817569797917
973.4037305435228,551.265101948389
957.0841588119392,575.216961212422
1012.9930383977619,536.4824417019886
997.0006477772116,521.73881175849
935.3139068314802,589.0992739904191
974.3008889838425,585.4376932102754
943.5624510290517,571.1985032157261
979.3375980069906,557.6943404958641
936.4342302804789,593.6261238463205
954.846146497408,592.9587711369456
960.2964891246518,547.3285067580637
995.5306417753621,547.2807337634985
928.6031859562369,599.7135383567021
927.4165565949827,596.6574481724289
991.2906602300774,584.5446329165774
1000.0533019275517,593.0637629485183
1009.9780299374014,572.4597196505506
949.6626360018117,543.6673686627886
978.307155767883,556.4423642286433
1003.1570933520115,523.4033923827844
955.9877434372285,591.5038701980324
1004.501853363445,563.8926790750708
935.3579425561563,613.0447299268669
1003.0921465284864,607.744708980361
953.8323689135518,552.0759924047414
987.9568154412476,529.5133661371337
943.5367409233701,597.290672639395
955.1626724262168,575.1362782082285
948.9548726270426,560.9148007603351
946.0999238863724,567.3141122703112
979.7336968474102,558.4831170573418
944.7906944794821,536.1492855228911
924.7506078355804,571.6069678281269
956.327448733521,545.1683758931177
968.8488479654371,518.3230731676593
1015.8175848648211,565.4832587550793
940.9609043291206,561.4767476747772
949.4351878067458,589.1010193181454
1001.1657304713676,592.8268252401575
940.2694866025344,599.3621572816747
970.9999842825895,572.2656160442391
965.0052231525304,569.3369984070107
967.5019148040894,598.1364110728854
976.7465366860213,570.8276527043333
980.772321610613,570.5030141704834
955.9947584253458,579.114357805682
949.1486099161705,576.6441930014051
997.924208992735,569.7255967692205
972.2287370375235,592.5557830032226
1003.1714925394463,542.7587797837949
982.4408963000031,579.0146250208197
1000.7074983059288,532.4753262335856
1050.6458717005298,579.9298336753436
1064.2761438671348,568.2870527473077
968.2961197700238,608.1096882164703
1013.3936842479902,529.9158882318515
1043.9208192486296,602.6177892867141
1061.9161408907548,572.1981061065339
1026.1585129745483,546.0293089931056
1033.004927455743,595.3315458068645
1015.887471302598,574.5303319817741
1026.9403594515827,533.9232559922573
1043.4077884102117,586.8754849128876
971.3046861331932,608.7992123103264
1027.954531011325,552.8743081606713
974.8697829147105,595.7682866509285
986.7878719114462,599.8144699732468
1072.2225488979632,531.3409551518516
1057.3794607999528,538.9485969871961
1019.8106974448918,495.92824005197645
1022.7545440301508,544.1091680618126
994.1787587455544,560.0717455391725
1025.0151641975908,504.79205797491204
1071.4971909956296,579.2612679177615
1040.9466652035028,581.2634744235299
1068.5178853919497,534.2612940449316
1032.4047528873855,485.4235938325978
1032.0079230337137,502.84378196183314
1050.716008058916,536.246520431761
1022.2993769811019,518.6903546617671
1039.974030156825,496.70252060681685
1035.5402671698946,491.3222280870973
1035.2345904980734,506.4030981948174
1002.2398946313847,497.4088724612708
994.2369212117571,446.5877916246109
1046.4689599169374,463.14000028393224
1069.8198422799076,496.2202665513869
1005.7406368880263,472.5927918395109
1073.0655323143476,512.0415364142156
1021.6000302796823,517.714828684312
1000.1459283512132,514.6479258516976
1080.7698046780934,444.9015309949843
1038.0441662094843,439.61597201319637
1077.6575974932769,489.91262902336854
1060.9258580224805,535.9568684281102
1044.4472401418943,524.6662689713838
995.9792814153188,516.3985941255371
1045.8093721211485,535.736786748776
1060.0778709291096,456.00062948063294
1006.2653365225444,474.4005655326205
1053.12328705838,418.0973049513689
1069.8413822990237,435.22800831523466
1026.0323575456082,394.75265538978863
1056.0482553533138,484.61903325397196
1026.1819439787303,487.8128238550183
1033.5058399304628,445.29096983382715
991.193627791572,491.2570501208128
1026.160611036964,459.4259030719241
1052.4506099596588,443.5412455891782
1023.7950499575562,421.6252459972793
1049.4241651526513,486.0661655405098
985.4284543529541,451.4731342441947
987.5432844781964,447.91230215124386
1002.5055171494402,479.0979901674823
985.5039957543711,443.7252148582048
972.5953112785601,381.72710304161706
974.8250118845436,432.6181245405476
998.1674440643668,444.84967484109507
1000.9830010703898,454.496560200648
1023.4977619736193,437.72633078202995
987.582114178806,414.1164169285958
972.4091250181293,403.04368020654925
965.1459616593694,387.3268533810823
1023.541044898859,435.57024414902094
1045.0797273242906,451.9202607451914
1008.619415785202,370.20897736326776
1009.021289210199,426.91749467595236
1020.4490600857968,436.4104941648851
1005.6492287545557,385.72613770760495
1002.1615540278281,420.49967611081814
988.7628022535081,384.6785592911648
998.2126289900492,423.7002060173267
1015.0066597627379,428.25994962256357
1001.7049937880362,404.8919463324516
969.3432948029836,367.30936334699356
985.0591691962911,381.58281518403606
1006.3177877060706,366.1415158416731
1036.2271568316019,354.8185160394886
940.8371153862533,364.031346820672
1004.2620845209058,394.01236974207535
965.7364501178586,375.77281753724844
973.1825231441203,349.5358616925508
1004.4637746328332,393.03896739479455
960.62910905621,356.89445157472267
952.3905984021311,420.31784406966193
960.6519940065049,434.42441591591944
1005.6551676397262,387.9739233812245
911.0507683529207,420.37941700585577
962.1475724375973,412.1044355195662
996.3909652329195,386.31485650737625
932.5228316493113,378.65144666385225
1002.5686108271664,392.188847690845
937.4024718090016,411.69161448103574
916.6743656100618,362.48701353781007
908.6263417578069,405.54502792268283
914.5562850583171,373.18251749025194
942.6746672270701,366.5645291897797
986.4264422709115,397.73347433406593
983.0686741085635,400.6709200896652
987.3144506679039,411.19860090272334
941.1511824746906,437.9284977347911
950.4722944632741,347.7197688306759
937.6856062475362,379.17723430878056
914.4115559319254,428.06914158663574
945.6307188641675,364.51262697875194
918.402257177974,386.79924914844935
879.6873211950976,363.96643017667856
922.8014023459796,426.0994708920141
871.3348365706257,387.1672546731278
883.7718182743149,434.07486056451995
933.2872181275417,441.7088376787427
959.9302716062989,415.92021760204847
951.2583793257506,386.39468029359443
905.2217607695858,383.52848814709466
914.8609381022023,358.9089825182531
966.0303787528148,413.8017814074153
910.9720775801742,434.2556358292188
940.8397493660376,427.4457530742354
958.8966569774996,452.96500467734546
925.2379850149687,388.4916145314281
923.1053492484505,401.6031441625588
840.6156535819716,451.80219684779115
910.9149594061888,473.05731196411057
936.6857423476141,464.7756357497021
840.1395506805285,417.28258629213394
843.927917280512,431.6271217780952
899.1742021195183,393.2126824680429
899.2464747883656,454.75053206126535
923.8996235305204,396.0617725066295
839.7190102952922,386.2228258797641
843.542594497902,423.52687246844675
923.2379335442691,392.04725137869485
845.0091849173142,400.1030403119367
861.3995036218968,400.81982651603846
908.1140601759253,404.1552548667598
841.6900739804031,493.6837993469709
851.7420295821249,501.45854297239924
863.3766906279972,460.55693058807185
819.4681170721249,512.7076495739982
908.1007091333788,434.8680442968653
815.9545233314948,443.6472783590008
880.865134065193,498.0477710640323
841.7581256988558,508.95922647693766
907.2604878024083,474.7691244800354
864.1719273030329,514.7646163416767
879.564446514827,491.540095476112
896.0520229342419,520.0569216503364
843.1240483025348,424.441007878127
829.3269353044553,490.7393676127301
885.6432192070375,428.4271958823655
848.9389653524593,510.895175172917
836.3253628865453,582.8173256485607
882.3294763184255,574.1516175935438
853.5675710742305,581.5166005566509
831.6441567321259,572.9646184572135
829.8832696903538,560.8336400901383
810.8323001295679,504.48199606935833
876.3681252845153,568.6783827441674
890.3479795935378,547.6508468227973
889.2551278993519,509.92186702908737
857.026682169204,549.5495699517261
869.2390986686268,555.0584024355037
886.5917099595323,530.7917869385151
797.966746670038,490.32466233687313
821.2919330135849,498.5357575931442
815.8798643390594,557.1078409978052
841.427932565847,521.6055488225821
832.8786841610286,542.6849695159574
827.7949696269744,619.8316302914988
888.8187606708198,546.3471297988804
810.6849436893162,574.1026312364982
880.6459501286438,608.5130717412742
878.715905563184,548.3248725286124
890.6876804606237,556.7760434217402
847.9004491568877,544.330272760125
825.7857082390718,638.9269859442408
798.510098720775,559.3409170858972
882.5762682242255,555.8521119528424
837.3274230052499,633.4123195963939
878.7788405049306,636.9598378604533
845.4811413644535,552.8110747946616
848.0593502574975,615.1258013357478
879.0309850454571,583.2102804253145
857.0736288829447,685.0764372840216
898.6825342349396,619.7772135409898
894.5930024196932,647.7549896175776
809.2102951058708,619.681201246762
856.8887647282476,617.459531342723
886.5516253888973,618.5030090874301
847.3026458833599,640.3591754600257
822.7353776943178,655.205267556056
871.0020848845901,637.1883656964452
880.6938843904595,636.390416218734
865.3343206926497,636.4329964507199
837.5140961289549,674.2812998401353
862.8947109559692,671.0057252821032
807.4550618015177,616.2361190229678
847.250051139228,589.1356135508108
863.6031083473887,617.6532139125899
891.3671810797852,657.9078350854483
903.6350586773113,667.0463583103041
903.3565901832036,638.8546682186292
923.2808110022797,685.4384575287013
873.4524029424803,634.9308706638361
901.0483501368876,703.7953045738335
924.1852963333755,671.6226835274199
836.4153215416605,725.2624669359554
859.7305508142387,701.9803440571835
830.8157510681051,653.9756165029495
887.8181922045942,720.5498809881954
857.5432865224722,703.4515731038762
851.5784562352511,630.6857627102165
848.4653349078981,659.2387893158007
919.7551665271792,660.497076949889
901.2857120585873,699.1384000785476
895.9798401534997,728.8000619618848
953.5188068632305,689.2283945250591
895.4909800889934,743.9723397612056
927.6836255842652,717.5305633015101
929.476804657235,724.7815223976673
909.7614986138499,685.6432093131738
930.2459713797743,707.7261109177871
955.2387266410834,708.5821254371442
902.6556148560117,679.7712359162846
941.7338062474873,654.9477374367076
947.471807999842,735.499559343931
875.9805982989838,703.6091752405558
950.6765596046359,668.4232814754373
878.9168104277996,708.0086179185995
922.8794650032248,735.5650479001096
876.1141747934759,670.681324222398
938.0771660764708,678.245512698502
945.0115877676611,659.1229557812945
914.2196842190317,700.834674319843
917.5397947024479,711.4164524609836
1010.5390491001718,702.3047225809353
917.0488178457123,738.3208083421849
958.0061582573729,717.656610097043
950.2358909878216,665.4604781268713
984.4280035333175,667.2891192650513
925.700722346987,751.9482574066335
1007.2277904891591,729.7973965371629
986.3333215168851,716.1768725687502
980.4449172921491,658.4578173454337
927.8779145702879,740.7677176391135
981.9202707559164,700.2392413941899
930.9319662853808,692.0246323445174
1031.5098600145986,709.1170498210422
1049.8054215474099,679.9517936708367
994.1545207892331,736.5515149601272
1016.909585299468,678.0692639669868
1050.4384352802376,691.6211413853239
1015.390766961617,736.6066863715212
1037.560515384721,714.45846537534
972.0461347099186,682.8875485302402
1014.7392226824627,669.0938318255093
1033.8038167411557,697.8232213821644
1031.4967929476657,731.4015504207591
1003.7113721411648,672.027713799693
994.3818052409198,693.6592141035301
968.2303170106528,719.2636292849526
1052.4792558621014,698.109477794677
1057.3845819200837,706.4646629475222
1069.947962924416,713.1966593484876
1087.9007960962163,693.3388837519698
1026.1721604733336,691.2767941732499
1019.036429425232,713.7658203497687
1101.2409051507575,704.000948159739
1099.361449344571,721.6466599456797
1067.1279328640617,732.099922297989
1089.7062341038145,643.2288993641894
1060.0292288828623,741.7983868769992
1059.7899937852098,651.9399345524137
1098.4569220555334,737.3627607955365
1073.247085926131,668.3177628835515
1089.2455015135706,700.9853231969306
1052.244187286445,656.6708135132297
1021.8538283102451,668.2395309771705
1053.698884410704,723.2788508803637
1110.8997411881194,698.5432893853588
1098.4739517444532,704.0879872349904
1126.3671306313759,722.570418026391
1072.8064855600906,630.172235655615
1077.4241523286753,663.8448823039048
1147.7112292900506,727.9389194691502
1082.4813011578628,689.5079946910247
1113.8500060959266,683.7815199708589
1103.0585207465797,717.7861535390522
1084.48655444079,715.5733197783978
1121.3550185839522,658.3380663700361
1069.9044300713579,661.3299256264512
1106.8557199820552,679.4736690641529
1123.5792496193085,678.6838601468958
1075.9780982045907,722.6460655023777
1080.3491945218504,715.1092889689135
1114.846199489682,615.4819019062847
1085.7780916739216,602.281766551705
1089.1272873378005,654.2860633163906
1174.1070124393464,629.1250061622145
1096.4747781775184,608.4558190998008
1100.7959646021754,673.444050045621
1146.5725105788595,652.9248262161535
1155.648492594465,652.5032650438612
1077.2766881390698,629.561948968781
1078.5245669445355,678.863933163623
1149.2573261000025,694.3832216481085
1107.5513634919562,690.0157356447211
1125.1748731448845,627.9536885288134
1078.510162960893,640.4289987900256
1081.4153211587773,644.3364334585751
1111.0898471307853,672.3417231442972
1121.3568726086821,585.1072726324808
1097.970951027191,601.6399211154655
1191.3853159283883,579.2209912464426
1160.5055381188383,649.4211986683256
1106.998946047194,641.2877911592819
1130.0295815276418,590.9875235246875
1139.04946064574,640.1957171363418
1098.197086977445,578.2831750554897
1178.4330269219377,590.7218278484468
1108.2662113141469,595.1601758774058
1146.2945306138668,586.795422313646
1187.8303480419313,574.8848811784538
1118.4017430649415,568.6730725227183
1093.8750432821246,585.5449970178942
1106.622646494062,603.4516816978852
1159.219316142234,580.6624873999161
1152.2359524609424,573.4603611474394
1125.5011724254448,612.7959386096261
1179.1841681837816,568.2810510046814
1174.3786962582008,572.6571272604991
1201.6274466011575,551.9462366722829
1113.9275905742277,615.8146826861488
1124.8355133979555,598.1302022489015
1110.719532723493,589.4448042996094
1109.1306806227883,582.1462409880978
1175.5386229181943,519.3191661529233
1179.678683193715,522.1498691110771
1134.7579210233741,518.2171843167645
1141.633387873688,530.2739991607644
1174.3885271466513,533.2843888481764
1204.8502202750967,554.93220523612
1108.913474086868,583.8162510698887
1162.5049258281222,539.3524278097811
1153.9962086878866,554.4468158232636
1163.1305096747515,537.4506153893083
1117.0575760573463,533.3788763670185
1140.7541188578202,538.9549244259908
1164.4114554032153,536.8034343398647
1172.9156206917523,538.7180444071521
1152.1394924842848,532.8828132405515
1163.1275458120504,477.55249987542953
1193.900177272717,511.34392877478814
1189.2979079567667,485.6897476915084
1122.9542645976676,463.5272375731622
1159.3016499783585,516.1159360675998
1108.3444595500682,559.398052550465
1129.4391841750808,469.4306652874845
1198.5623341848247,522.4641279784528
1119.3568369043105,506.88297459796763
1125.2386776783253,527.4821685469728
1119.9685322308148,452.5673511216011
1134.1987925538208,474.5366486901747
1149.3042555201941,437.45244829776493
1130.8157206114447,528.3857537771491
1186.6936149537887,504.6226393708703
1156.3368664717168,489.5759909269517
1142.269372463266,475.5594461000096
1127.57205239838,473.1408572833326
1096.690583443234,456.5879211381102
1156.3305897615019,434.59701220867663
1133.358843608763,505.9335454345022
1152.719612952895,456.08134905870105
1139.7082861755482,429.2608667135751
1133.8606532195417,474.43008075771615
1174.8255192784763,487.481622060734
1097.9888922877005,431.0736521799857
1123.1538792997335,444.9297409018406
1124.6042158868834,462.02618103396566
1147.860478767668,407.82269420294114
1111.3758337739505,503.9140314583261
1125.5703794687354,478.8449180157706
1159.6010455645653,484.97162003076727
1117.7660052249125,448.7074147962471
1172.7528099201231,429.72307909808933
1149.1081720569468,464.61189738724664
1104.9916996953261,473.0202421124467
1137.824833706396,436.52207083116025
1129.1204500059202,409.56177611835784
1154.1184003954309,422.09703741766657
1086.5351173827362,446.7485503757232
1136.2956140634728,408.32857513247
1135.817129177475,427.14751662578567
1125.851584856303,384.84488718917123
1084.1173141455158,447.10919391615556
1120.8475138724193,463.96073988608913
1097.1048687261473,406.4203385823683
1168.6018050884038,399.20614852699794
1167.969062197659,432.1924149252474
1083.2935004387857,427.2988819074167
1164.81565317584,466.9646300216061
1145.4006717988946,445.86421913354
1076.198385367464,421.97301902956156
1117.9411865310344,400.99114696071564
1141.4216854544768,444.5323694797646
1158.95158079666,423.2915293393453
1100.9651304038814,422.90103923762285
1142.9616165307696,381.1960094481317
1094.8644693219535,438.00606120837557
1082.0507868512054,442.2198129398457
1065.8036139963735,407.47964993294363
1058.2325113385061,438.0487535208271
1084.677131444783,422.6382279330083
1072.0610762198535,396.50105021850885
1140.0720399517081,450.8364255754372
1144.68915547873,468.0706106408277
1126.2368379798759,457.6140546869502
1072.019811692894,452.669696106497
1129.860725579673,435.37216467140615
1068.546968391165,380.2957096047796
1155.2359761108971,380.461319954472
1084.061325677861,375.04340311147587
1087.350858505008,428.5261475857238
1118.2139666717403,389.88967950239777
1118.750437809837,450.6783558520443
1125.5972473008223,383.609703480266
1137.2103986781538,420.0252720475544
1139.0339466060325,459.5532702505225
1099.1089759533993,429.4575018283375
1128.9813463240043,391.07024724106583
1136.5071873768964,456.6357458937729
1112.0781847060014,463.83337126156573
1067.4319614219173,376.1414034321465
1081.362643019151,452.35482963789855
1098.9961919035918,427.2537962336886
1084.7541911168573,408.0712606664118
1128.5336655727344,406.21155943499815
1113.8871930955813,383.7354934301071
1098.0196477144825,385.6578803094644
1098.3343501876373,418.5983305133944
1056.0176035123013,456.9020590903823
1085.9755856447268,398.72885642730756
1103.9925779731088,425.6573770117295
1101.9064761381824,428.1700793724059
1106.0105090509944,447.77286958067293
1152.4611344834689,452.0767325057933
1119.9241251501708,396.12742172565356
1151.8816490716476,413.4201465058564
1083.5544038801709,414.2891931812015
1079.7118304086398,377.44411451124705
1102.1543322301834,438.66891486861266
1090.841640095716,413.3476246648844
1116.855921576753,389.25616920947414
1143.3499804400558,363.9435272512686
1119.5627818077937,395.792400403845
1097.2626670406255,384.68355395647876
1098.6920424588682,431.70380465304044
1102.3923614686369,383.80100779453784
1098.3377631069247,388.2726329893139
1148.9585438671324,356.6265872854201
1103.425366505562,361.09402074799647
1130.0585214740224,427.1182684898195
1066.0489503658187,417.5546390772497
1116.006949386686,415.892497774448
1084.8086783085578,381.18286684884885
1065.839234963655,397.8646432072614
1119.0625663141332,370.7334783238983
1078.7190844663362,393.1196261535658
1100.4505199407406,367.89765091463335
1135.6524625252493,419.40494059564764
1121.7584419321586,409.28620692682233
1142.0015040918965,346.84669899203465
1135.757389126643,380.04062674859256
1075.0229677465927,362.2627388519362
1117.7055842220166,394.7935134050705
1142.3473920280512,336.17442732130706
1086.680457979205,371.04432205071595
1143.0788516500036,413.74216808047663
1105.205547799585,353.0422897439721
1112.4677160288263,367.36984649125657
1148.216082807354,361.14200870295787
1059.5764145740745,372.6609101814449
1064.3255553576632,431.23290334984597
1149.3190663976566,344.95433344670136
1124.9612485280663,407.9762942036069
1073.1967331444134,372.25013049547437
1061.7515777571214,350.389243269086
1128.9210782884788,392.94090662759254
1113.4497187474442,420.9490269084034
1126.8164823323405,417.68687286063584
1133.5354966584098,413.4655825793619
1087.6331646512353,389.59125940274606
1062.0339355701026,401.0320261328851
1106.069435268722,428.3493587459205
1070.8704844208437,368.66127679538374
1100.7111139726208,372.8496017676331
1077.5592354779008,388.8025333758727
1119.753791509665,367.0666758362175
1146.63914994176,407.7622580523877
1101.1463007084067,338.12127317126993
1113.2826191703157,346.5878646297681
1103.7234147590204,396.13280972083254
1069.8161574332423,398.61713623398214
1077.3683836147768,372.98969902190817
1066.354394121279,354.200929694307
1107.6125058626176,362.08214600211664
1058.2694713283124,437.1115617874789
1061.607586217181,369.36092655627016
1136.420434094542,426.0515652934864
1061.6319388705538,448.3428135585741
1128.8829352752389,444.1400566929452
1110.8027799051918,417.72994851333135
1117.7830428302675,444.7483580749601
1039.8327091308088,442.8884699255294
1067.4579259365048,408.37712518345336
1060.6342799710828,366.56722748810716
1086.871775606168,427.0818248720534
1136.5214017879882,379.29023679363337
1042.243169566983,428.25740662100566
1059.591854758562,419.41236664722646
1073.4846457784172,424.44614523263886
1041.6664918693293,485.813083930941
1115.656473091648,501.669761478289
1088.9385043939492,410.6621252497098
1076.612465215042,475.5304712338783
1032.9696438536873,441.297960082563
1034.3093486807134,490.77374736419216
1098.3785309912062,441.59074298970694
1128.3658814517057,458.8435061496367
1083.351292180388,419.91822422023967
1056.8966706426788,459.65332088457177
1050.6464518582966,462.79600715362824
1046.8351087065087,500.3106239907594
1101.811451316687,447.8266266407315
1106.3694800955168,432.43250025273164
1123.6802070427193,548.1641299732963
1059.4863411938454,567.4461912987442
1097.7436279250473,552.3989383730925
1138.9949633485692,492.7046391649714
1104.2890738279898,494.076596948771
1115.523821935071,563.7143584392986
1074.0832193522258,539.8485746600675
1071.8560627562886,520.2296299460797
1068.4499841475526,579.2363616986418
1158.3984226867547,564.4021768098314
1151.1504636613909,551.210685082948
1106.0996851236764,558.8931919296608
1091.21747352771,580.8315908267323
1070.1747310276678,517.619254134688
1121.4877608557135,572.5902134005793
1118.4161005818767,556.3517981616707
1114.8016769525248,562.6773350090439
1129.0659917796506,551.1761083339442
1182.904675988046,585.906011263876
1130.383984974796,611.5318584438222
1183.4359142697972,529.3441766539231
1145.5152343617617,528.9284793754111
1104.73391843995,565.6898471867514
1128.8013211615266,558.7751259313033
1177.8750051696743,601.1349201307263
1177.3736401067406,597.9969657999037
1137.356839310225,581.1300349777151
1165.8769895206167,612.8047468398365
1152.714408920433,610.6776415918825
1125.5663043869322,587.3640100787901
1166.7009892949989,521.9901899005919
1168.6588340920975,546.4732855629321
1177.555929865241,541.1804155370656
1144.339469891908,577.7142623155163
1159.735793935721,575.7713748007181
1131.445143980226,525.1765608874795
1168.3547720664885,547.6500871009899
1081.366935231936,542.6459675526708
1097.0187034807423,566.5384184819642
1153.4626321279102,589.3581797114098
1086.6755604175235,544.2172912965731
1169.2910641276292,556.4942241633587
1173.3429536410295,537.4982597795395
1086.7424923948288,559.1619752028918
1148.7637537904243,614.8449764461434
1092.5146260672605,532.6454920935187
1096.3433200418253,563.9654370316407
1132.9288456051124,602.9268892168435
1119.4957179726202,547.0929619706261
1085.9996022454795,564.435292317755
1080.2739199152923,531.2755794042529
1038.270225859978,552.6352799674916
1089.6749135142052,624.456340040598
1071.2921760633812,620.1165195275954
1112.4832198307417,618.0534593588145
1127.0297534794238,606.5602579785555
1065.9693707942056,598.926468474353
1082.7688763952988,542.0619410378931
1120.1188117116526,614.229361758205
1114.2509450687885,595.852775955548
1120.2755607200818,596.5793034805864
1090.6835454009579,592.5017000147399
1118.66993230465,545.2585078988116
1121.421941559244,610.4098095631628
1013.9550975109407,566.7258683807797
1024.4621998790124,536.0444052601592
1003.3173578744637,626.472919292434
1066.29459605349,618.1209394953279
1068.0106191713435,606.6778803463428
1082.688746657889,591.0603660797583
1069.7908526867043,617.8134858507291
1038.7303190439457,594.0106631589305
1035.7901185117705,560.7945208618945
1029.561097676426,585.5531442163725
1057.7024169813276,568.6859755271299
1047.8384392131888,570.6510955180704
1065.469947161157,563.8300082645825
1062.694803558739,550.3930420437925
1088.4692750285772,581.7413435847149
990.8592338543893,621.3906240854491
968.4393404499217,604.4640993675375
1012.0251538800927,585.2441660067034
1021.201568161406,604.2224382824835
973.7830739014612,572.7876661934412
957.621344182444,530.7172772603726
984.1024649940158,575.1069868561866
1048.587076640706,534.439996541339
975.9605025178997,596.6765972093542
1049.8348489089656,618.4768231467832
981.4246500205348,528.1417193537866
1018.0817264265652,607.5176336912951
955.485641081351,610.5811243445648
993.2868765477879,611.8423470418543
1005.8388682068451,525.2300830559342
1048.666946652377,580.3946215030292
1018.4680579911767,617.9181477913303
1010.8858046050602,506.9589054282718
1023.467278046296,509.4900517645293
975.1326763010202,553.001516127627
935.1534628078497,565.6254323650157
952.4426299830664,503.661770077647
1018.3370957733026,564.1257933235632
935.8797907588563,554.0349485658395
975.425282688861,513.6533854522985
962.3082462881365,528.4085641309761
1006.9230677036742,551.7753811241927
984.5631157562257,581.6629378561227
1021.0627903182087,588.6427580464757
1031.139116426345,506.04879440585205
955.9351154957295,503.75689625149033
1000.0526613344324,515.129143039562
964.5666084119213,586.7372162484714
984.8529799505835,503.8735481088782
1026.788096134584,576.5971902856619
987.7858103057531,489.5346302644519
948.0932884217009,526.4327564523272
1030.893800518562,554.9145218925489
1024.1485792613469,531.5046940167185
1030.6797885541082,567.1329471411871
953.0242749620463,484.6723941879269
958.944848281902,578.1974792150513
975.7125190870737,567.400040514498
1035.7753908892164,532.7093689776503
954.2785268788623,578.5795126447055
1008.6418260984398,529.0572963870396
1003.6221037176972,513.7729125942393
964.077605787911,535.9885714717431
982.9715308672619,510.9101311483164
998.5223673014212,536.8905962949194
993.8349118404425,485.58518179577345
970.1002393670864,560.8960667821178
1056.8091220316621,489.0736002158611
1013.6999460765322,524.6435190318764
1001.5923263310024,572.1761738987396
1007.0616291260923,532.3821256230648
1058.891014842245,551.7518844379907
967.217106916521,555.0795810307451
986.0478921146702,513.9830091217818
1003.8663828462494,539.4588498498388
1025.8107434124508,478.8267302259402
1006.0640052980956,523.1343701741312
1019.1751292370391,526.8658901700779
1024.8899562595689,486.6563642801175
1037.3908512496582,495.4803194553664
1015.5588860926649,544.5680568916353
1045.0027052229836,489.3068823639729
1066.7429336962812,560.6945095251576
1071.1035795102111,512.2565681303752
1063.7013041092264,548.1662645255986
1074.1506580181115,543.6719710098208
992.7495846369386,555.2981024247938
1045.5486334208974,537.1672580628708
993.9656718643366,547.5545379839098
1067.9454937926287,489.97602874433045
998.3684973361941,547.5463081017177
1082.6743082924497,530.9595517698024
1078.5723946167923,553.3723114576665
1043.9259757821121,540.6885458528577
1034.5657293302088,555.9453444484948
1043.892242613334,560.3566761885947
1070.8918638854987,534.6108121168475
1003.3325426405452,583.6627556215684
1028.7390756361674,586.9200817479691
1054.3089624415588,551.9353181771481
1000.6954964623778,560.0628812332908
1020.0049534686895,518.1627287417018
1003.2001872944251,520.2945941308444
996.6318289941211,555.6116028199064
1018.2556358838696,563.6363916248143
1087.2058182736785,530.3157869955928
1012.8836710768928,523.9507934452679
1040.8454858166447,548.7986021427383
1033.716698869767,515.0687540537444
1006.3677563789736,574.3998762099087
1055.2939970477519,512.8877759257798
1079.207506665691,545.3917840890499
1022.9493340195115,596.8624493802473
1040.8419551388147,589.9075682321053
970.6515589481645,599.3660972403603
1013.8586853713567,538.9328697633772
970.9405582158003,550.5222380741909
979.2755068286367,612.616512592852
974.6583678022456,551.4754735564752
1034.3409781730873,587.0448930442319
996.87137142333,542.7802582102588
1022.2012268513973,630.9212418116333
1063.2931269539931,619.9272377563025
1053.57977387802,554.3469658537891
1013.7114069774202,535.6806360406556
1040.4227927306756,597.3344428909593
983.8401410074837,601.5995983319989
1026.6530548997578,559.6361502971571
1006.4608514729194,543.8234251934957
955.2461907712244,541.0047835256147
986.762660499394,550.3539208030646
987.1441316158152,595.6626058696745
990.2004908211717,615.6646949727237
1005.5583639760209,566.7880322169945
1013.7807194378609,587.9003676456616
998.6074073415223,546.0780643675605
1003.2799841833922,575.739009744898
982.1351966260897,573.901927474669
1041.251290818523,616.6433846537977
953.6988659964276,581.5311109949547
1023.3886832614791,574.0072198270311
1028.632718560198,611.4028695066501
956.2461348354717,603.4969012639405
1010.4440799646293,560.8760042945153
998.6211201746925,589.34371963517
946.3323948034406,545.1639843502007
986.9791829848605,597.6422814908914
1015.2175085767974,574.9551311870658
1018.8808311075442,555.1550179811682
982.3398435328168,545.1807326648145
965.4620442720683,595.2510542888017
988.1586561463346,571.3134386015512
972.6297846529861,561.7725982210037
1015.881337732815,575.8415108919958
1020.8439799481437,571.022091309701
960.3392512116585,571.3840684375604
971.8420765462372,563.2542800112252
949.9536085697903,557.0410471899814
980.1217863015788,606.3716398274815
940.8400654624829,569.6432492135093
1009.3545399036923,537.672317432557
952.2784710298037,526.6528363021929
951.9424622992168,536.4380669445594
1020.1355594889965,555.0484647591835
960.1288874935673,519.0739619464124
938.086306865325,515.2671790140198
1007.1942770429735,511.6869779711379
973.8190704793325,541.2259491894317
988.908988538873,587.204500926404
936.0556372400267,529.718758767667
976.8878477393079,578.751592518297
992.1680203710621,530.6305062578357
987.1383769391153,577.1915636373632
1033.1051843629252,536.0959603307595
1029.0247354876465,573.926973177945
957.7514561124609,593.2491005904449
954.5141244177034,508.33242172980255
989.8230659339796,528.9953316707696
953.842216528928,520.5497523452809
1022.6477837708278,538.6514651922207
1016.0070138860208,590.9422613361036
965.985465793517,580.3427134258184
1012.9267712319064,560.2520617357766
984.1571421064449,574.568285905217
984.1160880589969,565.017489717879
993.6014026621301,599.1636271990753
997.957446272533,506.00830608023375
1045.1593666755416,517.9894656799501
1003.594172151704,534.3927199050737
957.7983836429643,581.9657487192874
1044.7232768973397,533.9813110322347
946.4307911740517,521.3905731094486
1014.2440807305222,552.6670327236625
1010.0464229319151,586.650727669714
1013.9496278176739,596.1933745951544
978.3364114027984,527.0182533398947
983.1063206560249,598.2904668058
1048.4557926512985,582.0732783333424
1015.0330211121022,604.3270573738175
1046.591449990634,585.5799310749657
959.7847578358095,518.5248883863693
990.9554046653143,539.3978077546695
970.4425058007297,571.8532155687817
1014.4390028683865,514.2733191170804
1046.588290275154,509.8566342886619
1029.8597984364653,559.3573802140965
965.3800419681476,530.6758921422896
1055.1909877356752,518.5717968689423
1062.2261107383947,551.32394335582
1035.1195439256248,608.9462621046592
1000.4615008390394,523.4944874291068
1018.4809221718449,554.7244439739911
1056.69449630095,571.9067473728942
1028.9021555339123,553.3433282351286
985.9386870206588,524.6965496701594
993.6431365030659,552.0414801698396
1014.1260694201962,556.1616526355973
1009.78817555217,520.2210651123012
1034.3942021504936,549.2295749782024
1053.48973638892,532.3654081376739
1014.0158517822118,537.0944002892807
1003.827348030822,568.2495672756734
1046.2570062889718,603.5584103767452
980.6558371981564,571.9754670841935